name_mode,taxon_id,file,detected_site_years,sha256,bytes
raw,1,raw/0001.rds,13764,9d592df56bd8a28cde8a8ebd795b922f17b0c1c9a6f53b026387c6e9a69d2f2f,9926
raw,2,raw/0002.rds,26,f56232c6896bb576529c1e2978d8e1e5a3217fe7f7d42a7539214c6dc80ad4c4,295
raw,3,raw/0003.rds,2318,49864ff62526c13f9c15e3902c519243619156bdfe648da8e7267c51aea0a0f6,2306
raw,4,raw/0004.rds,3431,2973f047752f2e7c97bb4e1b9989595a4a00f9777370740ad52bb08204770a05,3667
raw,5,raw/0005.rds,2967,41fa66e74647b8c8a5510624bee514d5ac7768618687a3cb29b871957175b2a6,2474
raw,6,raw/0006.rds,62,712ded5d4cb9a59382d82cfbe3db6c132010c562c02c76166eccb53b9952afc1,371
raw,7,raw/0007.rds,84,001a5bd8045fec79431475b6263a4c8b5b5d6e8801a5359115c4ccee886e5491,426
raw,8,raw/0008.rds,58,6a4d18d4126ac65e2715f0a3655ba09ef3b0745a277bca7b15bc86b9b429dbd9,346
raw,9,raw/0009.rds,20148,b0f0bd5dfb36845d508751c5f873a519be1f597b0977dbfbf1dd2a4c391155f0,15486
raw,10,raw/0010.rds,13025,4eba2e2763190365aee3b5332584c62e7a3741b99e1a65132df63bb30d192c88,8276
raw,11,raw/0011.rds,6806,b64505601594c8262e3746f0b3aaae06961893f1ad55cbd9d3e4fe67522a7f38,5462
raw,12,raw/0012.rds,112,2612634a53e2699f0070819c2914c797f2025b8450143ac48cb0feaf6b0dbb96,391
raw,13,raw/0013.rds,23335,5403a15b4d9c4fdc23d3a07bb3303e65f9eceb573836ced6ed41e3fda4c2ea36,16938
raw,14,raw/0014.rds,16930,0856862096b233de912bfdd5a3d7ab679e70eda7688a9f91545cda4236aa10bc,13609
raw,15,raw/0015.rds,420,4b00189f0057cebf876b00c349c5f1f2bfba7ccbc3cf1bf14c8ec0f40970b9c6,589
raw,16,raw/0016.rds,71811,90edda5b371a56c6b3e084f8a8c94b5052d151b9e45beab4a81b9983b4b6f58f,46787
raw,17,raw/0017.rds,1,ca353daff58301b056ca13e137f33e642e269adc52b2a8a18c53400bb332fc11,208
raw,18,raw/0018.rds,2049,430e73ca6c591142c884539ef6155385a23269fdf804b0a13e085ac641104697,1554
raw,19,raw/0019.rds,26261,1074af382317d294e7ed2043ef68e45e81325f7074a418bcaa3fa163f74b6277,18058
raw,20,raw/0020.rds,11644,78509386f8400ccf0ffcb61630fa74826f36703f1c31702d832276d6e3788d99,6298
raw,21,raw/0021.rds,1,896d51ffda59405d360b53c92627fbe4a2dcc50e1c18a3fc75e7a179b5ef4356,210
raw,22,raw/0022.rds,4,2ee8097ffbed10d482faf01e06904964307ac3915908889cf37fc7c1853571f7,224
raw,23,raw/0023.rds,126,01bd9baba35828ce55a82599732288b98465aef2c901f7720b65f168008cc2bf,384
raw,24,raw/0024.rds,1,6081a0e7d25d224b79f00fcfddd56183848f744193a8f8d7e83b9c78a81300d4,208
raw,25,raw/0025.rds,18,c428df045e851a289f5d408701ea415e8ca3452d481e43185f31a762fe49deac,255
raw,26,raw/0026.rds,558,05fe4a84fa7c5709c5919c988cc9bb193235bd727ec782698ce854ab37d0776d,1295
raw,27,raw/0027.rds,12,f61538402b576c4e32e49178e20de458d353e73a85c698136b61618e624ed0cc,260
raw,28,raw/0028.rds,6,069b347c7dcb0b768e4b2fd5c8175e339be0df708e0ded48fdcc0016e5dafc96,227
raw,29,raw/0029.rds,3,1ff68e659849f8c7df1fea3132fa0b15dcf54cc2691f8a35dc7fd877b1cad227,217
raw,30,raw/0030.rds,80,27b83a8cff463ddef4a27b6ed3d77dd01d7a401e67e63b1619bb499b9845ee9a,349
raw,31,raw/0031.rds,44,a7c9d438e40db2fb56fcfe01d4384204330780774adb7a191510e6be2c1f9868,351
raw,32,raw/0032.rds,24,16a67653740ab2cee1dab227df4f4834ad81e54c9f256211beb3bfe96e1060bd,290
raw,33,raw/0033.rds,36,a8bc877f0bcc67b2c00566b6815ab8554f6d5ed9ae5185b9bf81cbe13e325354,305
raw,34,raw/0034.rds,49,95faff788268c98bdf99b2597d197b1be907bb1914cefae5f67596589214b9c2,321
raw,35,raw/0035.rds,26,cadf19dc015015df2563f491178cc3628b1e22ad7642e07637ceea57a8a7418a,287
raw,36,raw/0036.rds,13,87954fa10680918356fe576ad2e413b0fcf72c3030e5182699e7c3320d893194,246
raw,37,raw/0037.rds,26267,862cea972ed13645a5656c1163b563c5140f0ce8d59085a357d9c8eec7173d8a,19531
raw,38,raw/0038.rds,111,620248f4bb3aeda81001fc5df38936b0f1c36da10f01afb64d8984b9819045a3,432
raw,39,raw/0039.rds,1591,a597458d816ce5e26725c3bdcf25f36fe80968fff62110ca85b921349285f462,1819
raw,40,raw/0040.rds,689,b29b9ae5cde9bb67ecbab62aab55e2e57773ea5b8ed2a81c83ccf1595a7b948e,930
raw,41,raw/0041.rds,18,2aafc5749ca1601044ae4e0c6934837357c1f0b80bdf46329ae8c7148bc85234,261
raw,42,raw/0042.rds,53,ef126137ccd5521f7aae8e25dc8d0f23148098ba7c7bd654e9f15ea03a1553b2,318
raw,43,raw/0043.rds,696,72695e8a5e3ff39f3fa7a1b7eb2b213fe79e81bdc03dd0b341ff429e07076266,1161
raw,44,raw/0044.rds,2,9c1dfe525b3986e0bef99dcd03eb99e94ac4fea1b9cce5da6f967581398719f5,215
raw,45,raw/0045.rds,10,0047f37d0f438401bfa092c8ce3321615f1c9fd07b5b534134dc06dd0b3f94e4,250
raw,46,raw/0046.rds,22,375630b750d1f6f5efda1ae6d94e5cb4720a3a3ef04a8f9727a72f0fd487c8d2,277
raw,47,raw/0047.rds,1,b47f1a5c2406cc6f1cf65e04b06e30d684ab6b4f96af7950d60f0807a34ea1ba,209
raw,48,raw/0048.rds,2,7ccabefa38e4eae690f32cafe80f1c1f87c6955eed655807082a6a471d928ca6,217
raw,49,raw/0049.rds,682,529d462514af4b3e69ae9a6fc0c252b4c5fefb176ad83cadd6799b2f130519fb,981
raw,50,raw/0050.rds,0,adadc686412c8a32c45fc2489b7ee54f6faaaf976b3b04409ca638c0bcd353b3,193
raw,51,raw/0051.rds,24,88db19a4bc6dcbfc9165bc1d9189fa26c710eadeb59a0937cbe4ae74661f5c0d,277
raw,52,raw/0052.rds,2,633cb82ab5a8fa19b47065a81e5739313f76576e7759f88e8c2fa74054f11d02,218
raw,53,raw/0053.rds,14,8301d21e3d85371ae7c4533f7b039b16d735587f3a97e1e374ad2ebfc0cc3032,261
raw,54,raw/0054.rds,7,46c449ea8f9bc1eb2e7dbc9c131df99d6cc2f9ffd3b26a0eacc890674248a9ac,244
raw,55,raw/0055.rds,56,c343c4466c1ac5ad899513290fb4ff78ea57fc10ac713e088e33123048bd9093,339
raw,56,raw/0056.rds,21,715d17bf10398fc7ce92d9123b72e6bf119df885ac01c57c78e00c843b315625,259
raw,57,raw/0057.rds,8704,a849593a8d71068de5c47ef27bf1f20c77c3412c4822e9e6d72ecbca9f5bae55,8629
raw,58,raw/0058.rds,480,a609a03421fa76813c1f78932740b027107255d3204f38d75a164715b574416d,1503
raw,59,raw/0059.rds,17017,f83d8170f3fde192b0d82c7c379e3a9b57afb0eaab67d1e1b225a78945da756e,19856
raw,60,raw/0060.rds,47608,5055251d1b352859c16f5229ced7ddcfc2ed750cef01704f0bcea087a9c106a2,26041
raw,61,raw/0061.rds,63175,0a4c4338c6bbeac9d935b9542708e273d510a660c518aa9bf27df636af981fb7,37733
raw,62,raw/0062.rds,207466,73dbfc1faffb04bf7c57f57a347380b8be057f761a53ea568f6a1e4794d479a8,82707
raw,63,raw/0063.rds,12528,96360ec516ce622f706354e8de8e57a02565b24d53bf723c3b61554c00e79d3c,8801
raw,64,raw/0064.rds,1,e428395fff3cb9f8581bf28352c01e64554e103abf5d0f95ef5ef45c734ddcee,210
raw,65,raw/0065.rds,100,6be03995d5f65f67bd303f47335462de55d55ae6858f127968a590cfc26bb223,411
raw,66,raw/0066.rds,292,c4ba96d3efde536fd9cd2422437dbf1a77022e639bf4d907102767a4d3301d96,830
raw,67,raw/0067.rds,178127,005e736ea732a780641626aff191e42c0524c52941926c43ef07eee28e96ee02,75785
raw,68,raw/0068.rds,1038,92b7cd1836540feaaa3e45a56db266b80695b55f9d73c187ac91c546e9db4d3a,3262
raw,69,raw/0069.rds,132248,fb0d326e40bc0a6017cad6bf302106de852ec14c0f82aff372693844b05f970c,77722
raw,70,raw/0070.rds,113,6943ae07b9cbd80320bcc451775ba1c86326762f7a52b8cbc1c56428b3578e9f,528
raw,71,raw/0071.rds,1,1c8d093323d8aac37963c0854d2b867b786b86ef92060bba9c8601ca2ddcdcc5,207
raw,72,raw/0072.rds,23,839332cc7f15370640511edc539ed1d1308541c293c15e0534a35562d824589d,300
raw,73,raw/0073.rds,3948,9836977cec817166960dd89fa1e7c93c5488fdb9fd0841640f424d20c35038f9,2654
raw,74,raw/0074.rds,28790,8cace6d6c0449f21dec9fa7c748ec73253d2097eb7d750a4bcd8b62f116eaf6b,19729
raw,75,raw/0075.rds,1,adcee8cb73690e212d8c7f27699d8a387f7938e9baf270d2d09e2799dc0f20c0,208
raw,76,raw/0076.rds,2,a2b030704824c08bc77d19108182f9f5fd9ad1eda91a437a45c7717ea0ee1a3a,217
raw,77,raw/0077.rds,2,206cfdbb843a33e5c4e24d963e7258291de6c49ea8d0b35339ab602faf56f668,215
raw,78,raw/0078.rds,337,bd158f6b735773b11cc819103a58e0f2da9ca60c9582168fc83e2f2dd65b4c16,743
raw,79,raw/0079.rds,40679,0b1431104a02db11709f79a9294f07354b91c1b08a929805a86e66c1e0aa1ef8,30361
raw,80,raw/0080.rds,210577,96f7aacab80329a2bfa69b9c663662aac605499fa16cae283f386fb585ad2891,94770
raw,81,raw/0081.rds,4,2ee8097ffbed10d482faf01e06904964307ac3915908889cf37fc7c1853571f7,224
raw,82,raw/0082.rds,5,67763ae1026b23a8f11095388844853b5dd85e94be3ccaba173b7e7e8bc45ad2,230
raw,83,raw/0083.rds,1,9bd8ff7078bc6b34682c7bee401eacb0d99fa199b5c12323c7847682120d8fae,208
raw,84,raw/0084.rds,3707,80a6fa7ff72b994a8da93bd0ddf153e2ac27f3a2dca38c3fa1b0c62d6665ef40,5830
raw,85,raw/0085.rds,3,46e12fffbbbe672cea77f80523d261167e70c337def852d3031ac06905fb6ade,219
raw,86,raw/0086.rds,31,fef9cd064435991692b2cafdc7194f4e38e8fd30f01edb701a273e7af45790ba,309
raw,87,raw/0087.rds,67102,012c386bce3ba28764239928dcc8b0e8b0b2fc067de339f3c73e211a51ff9e1b,29213
raw,88,raw/0088.rds,15724,f0a4d5f6f382f0855069a840d8dc7ec216352ecb169627f0bc1e5e8cff387329,12920
raw,89,raw/0089.rds,49991,0d986337f031d03d59f8ce76e828b4081cf84049070a02a955a8b1a1df390711,32940
raw,90,raw/0090.rds,12638,86a41c5f731cac32a9e0192da845e885049fff654956b3f2fad8a401af894a8b,14276
raw,91,raw/0091.rds,20,14f495cfe8f6c57c59eb2d0fd5dc5c7b6676fb53c1bc2c90794a4ee8f97bdb6d,283
raw,92,raw/0092.rds,70,d53fafeca8c628d071ff9a6352d88c02986101ff4f20b12978ae03fa2977171c,372
raw,93,raw/0093.rds,50,577efb20971da7aa7b07e97ab9e0bb51b12eb136ae56cbf4c381a63061f914be,316
raw,94,raw/0094.rds,1394,d137bb419049adc4e76ee1bb57bfafc7574c877d45ab535226fb21001ca29404,1712
raw,95,raw/0095.rds,116,772afc97955250ae9c273f6b9f762564f6f395ee5cf0c4952eedf56d1f995172,404
raw,96,raw/0096.rds,25,5e905e27024e731ba7f72cedf6bbb6fc54ea61b298f6d6377923a2f90e5e7009,288
raw,97,raw/0097.rds,136,fe55a4354fd7c2661630a550decd6e9c4cac0df098b0a5041d6afeae5b3f18ae,411
raw,98,raw/0098.rds,1,1c8d093323d8aac37963c0854d2b867b786b86ef92060bba9c8601ca2ddcdcc5,207
raw,99,raw/0099.rds,1,1c8d093323d8aac37963c0854d2b867b786b86ef92060bba9c8601ca2ddcdcc5,207
raw,100,raw/0100.rds,174,7116ecb5e8f8aa626efcf325bfbf59186ce3ae9e0d5c9f2464625589e60770d3,436
raw,101,raw/0101.rds,1,1c8d093323d8aac37963c0854d2b867b786b86ef92060bba9c8601ca2ddcdcc5,207
raw,102,raw/0102.rds,19,021d2b68f6f6bfe89df553c9f790c9b380193dc6f7434051d758a5f91e271a50,272
raw,103,raw/0103.rds,143,b422d37dfae90acc6121d6eb01eda3c50a029258f1dc0b226be1ca54f02203e3,446
raw,104,raw/0104.rds,1,1c8d093323d8aac37963c0854d2b867b786b86ef92060bba9c8601ca2ddcdcc5,207
raw,105,raw/0105.rds,13,cec1b3170a1af93f4ccb3ce566a24fea646191f975f84e67b5db2700398083b7,246
raw,106,raw/0106.rds,84,007f45e19d926e2688cd184cd25f69210501e0f60c3e21fe9e226e321a2e07f8,361
raw,107,raw/0107.rds,130,9c6bf426400556d8fc96c1689a6b662bf4a314fd71dbfc3fe12093473ffa9fd0,447
raw,108,raw/0108.rds,27,652503bd59fd3a2fdf5b4b397bfa197cc87bbae12aeba275c1b00a4b4b399a3c,272
raw,109,raw/0109.rds,229,6c6c3f2bb0452ff5998bd3df1d67f862feac62645f8e02bfe0f01ea0398a0e7f,557
raw,110,raw/0110.rds,47,778d369fd0549f3d7a9b26615a90d73ccf7cb14fcbab6b3470b8d0e5862790c4,309
raw,111,raw/0111.rds,1,1c8d093323d8aac37963c0854d2b867b786b86ef92060bba9c8601ca2ddcdcc5,207
raw,112,raw/0112.rds,48,534495d564320b42dcbe8bf4f8cfd29c55279ab60093169951f09f6c3719ff39,316
raw,113,raw/0113.rds,10124,94b8abf5351055a7b83061b0f6eb6347a5ea76f35dc24efd3a78a50aa3b1a434,7172
raw,114,raw/0114.rds,41,e120448433a3d9697f074d919665ea845d85525ecfc9205940e52c097fdbfd83,313
raw,115,raw/0115.rds,13145,f601a279cc66f0cac7914dabe45d8faf59496688955b6da3cc5928a3ee62b7d0,7872
raw,116,raw/0116.rds,7,0cf9c01a70c33c55e8be48d71a1d33aa71cd825537356dc57e05759d43973f34,230
raw,117,raw/0117.rds,208,de23b47fb5a0e8e4fffb1671bc8f20c0dca983f994ff261f93d2ef5b2846ed1b,447
raw,118,raw/0118.rds,108,a08722394e02d34d1c8857db5fc0965072c506f9fae20adb8ab3e95355007bab,400
raw,119,raw/0119.rds,204,85913131588e29155ea853b7034d50822e56b8f71725c7bcafe8f6b525c9a540,446
raw,120,raw/0120.rds,19,da0aa5906e5559cc795e79c72e11d46a668994fbfd9f6f33e488bd46e54f355d,279
raw,121,raw/0121.rds,96,7a320e716a38f4af61053525ac6c92badf91ae9ea5066b74b0895c44eb0226fa,405
raw,122,raw/0122.rds,37,534e4526bea1046ddf4b7cffd926eec0e51adcc1c17b1687dee4718777f23a8c,305
raw,123,raw/0123.rds,15,2c091078e953f5a36247a8ab2773317d05dbd2b10a544ac2c64756f331c12c24,254
raw,124,raw/0124.rds,305,942e7058c034af6cf01f3fd595cd05cfed6973b50255e3a3aff5b642a048ca91,525
raw,125,raw/0125.rds,25,9278a1f85f57f62e62aa3cfd03cf7d908fbebed2d0a318953294b5bc5bfbd266,293
raw,126,raw/0126.rds,275,f44a23da760876b6b2c759fa86ab7ca112926902e20613baa650b0de85360099,721
raw,127,raw/0127.rds,48,6fa3574015335f43c7a0755a71d44c917ae42d000602a591ccf0e94451e04a30,319
raw,128,raw/0128.rds,143,c30c8c931b41b7cfb835e78a28e2a2897f142122f78366169e90711e7f3ec8ee,523
raw,129,raw/0129.rds,867,58cdfc7a28828c9295076615926d9e61a17f58e0ba68c051fdd604459dfac140,1468
raw,130,raw/0130.rds,422,09ec2c56019af4af459f3200c193fa565ac26dd2593f7e5b048d3f9cfaed31f9,707
raw,131,raw/0131.rds,356,e4fb0c96fcb62ed4cc5b23ee7b246171ae16163b76e2dc8312a7cceaa9f2b3b4,663
raw,132,raw/0132.rds,9,39ef6991ec656bfacc041735e02a4f5b5b43193797793ffee3561509e8ccde4e,241
raw,133,raw/0133.rds,1,fc7dd0bcf8ed2e8c69acf0b440cf146031a3e54155568fc20cbcfccefb3a04ea,208
raw,134,raw/0134.rds,3,74cb8206c75d1555ca7efda1c5642187250af868ee659137d8dfe3030e5b3bbf,221
raw,135,raw/0135.rds,18,ed6705b46e795c07b76b368e63b0641bcea80cadf81463b29c162f396e16b729,272
raw,136,raw/0136.rds,45,e770e65f9834e4459b228a652b4bdafb39c6b3f34c1266e96847d78f5d73c6e5,302
raw,137,raw/0137.rds,79,5522f2b361d3ee44bf1900b13ed1ad25c65d305a0a4c9479ed0635562d2a4aa0,361
raw,138,raw/0138.rds,19,da5ba77adc3f98739c199c835ce6b4a732e5edfb3c659d501858031d8f378eb0,273
raw,139,raw/0139.rds,15394,29a2f7f9fbd8e03068da89f135ef9d50f6432c7ddfd4d5a46d9fa8ccc070d647,11826
raw,140,raw/0140.rds,11,a448036c9eda31b52fe900ff7bef9c9aa23d0f92b42a801d9996aee2a45af235,256
raw,141,raw/0141.rds,14,ca0cc337738e250e797816f25ea56c4d758290106f991fb2aed0ba2a787f0164,258
raw,142,raw/0142.rds,10,06dacc8abb544c2de4376ee75ce50f36fcac34c99ed3b02d39a7e210ba509b17,255
raw,143,raw/0143.rds,7,76dec82bd96e92d3f5892e14f705e9b131b6cd56063fd581bb0bf98e38cd2e8e,235
raw,144,raw/0144.rds,5,8ec546bfef57a610259135a17f1ca8dcebba37a891e07fe551c86e922a75ba80,229
raw,145,raw/0145.rds,69,48c0f135e82db7afb0b216001f6a10ba0c5e0948c3ae7e6bc6dfd5c0eeadf335,340
raw,146,raw/0146.rds,158,e470e640f93c17f1130a2c0e1157b7aa77e5e471e01a706d6cc99c560922b12d,451
raw,147,raw/0147.rds,5,b452e9faa8ab6ec86666e388422d7fbcadaa6b940dd05072fd35bb40f9d07657,224
raw,148,raw/0148.rds,4,6a9a249cfbd67d702cbb60f672a20cd17e1bdc6c24aa9dc6f4fd563a259042a6,221
raw,149,raw/0149.rds,176,76fd21db1363150cd6224c53c2230a9c750e6bbd947462c5720f096a84337042,612
raw,150,raw/0150.rds,664,ab45b69b183da1232663134d9bcf12655031273e0c3a76147a5bf6879842b030,1105
raw,151,raw/0151.rds,1,a61a419b5f822617ddf90b8a954f9770946ce6f926d3ee63685a05d0c9e24720,210
raw,152,raw/0152.rds,14,1312ef0766be36af0096c04d334d6cfa956f3a6631f12c0f4f564008b1b77495,268
raw,153,raw/0153.rds,7,6834fcf4cbd6a65799297de3c26c67454a731f654138df001e47b3a3cf4abb0a,237
raw,154,raw/0154.rds,6,e08b1d35446cd0db8be8603f507c41a125b2975197d121152e1bb37226269b52,231
raw,155,raw/0155.rds,5,8ec546bfef57a610259135a17f1ca8dcebba37a891e07fe551c86e922a75ba80,229
raw,156,raw/0156.rds,2,06af5da8eed234836ad53cad5a87147a4cd9b0acf3fc5d3c8e1cf2cff037f626,214
raw,157,raw/0157.rds,9,2e1a94e1a6370bcc97c94a9a908be763944c5aac8ffd051fe7d83f2785c93cdc,243
raw,158,raw/0158.rds,261,d42a6954af2a36db18f80c99917a0bd83906f19f10b889cf4577e0e1ec846e7f,549
raw,159,raw/0159.rds,7,506f0b978dde8b1139784c4996f7ebb19ef9366442655955ced83cd9fd9a2647,239
raw,160,raw/0160.rds,11,82163d5fdd3317a068fae85c7482d2cf7bd315673c0481de3de2e0dc11cd2069,262
raw,161,raw/0161.rds,28,00d373fcf50f85fd4e05ef1b2af69afaf2814aa09acb0a6088129cf7f466d481,301
raw,162,raw/0162.rds,1,78dc650eedadcea8f9105c934598a8624bcd44c161a2b46b6151cbe67ef2d424,210
raw,163,raw/0163.rds,145,5bd96eb9a27993b6131aa3197f88531861ea43da2731ad9dcc178345b0b9e7d7,491
raw,164,raw/0164.rds,2,ba678a7fc8b152ccbfeee7361558fce2539dbc7047939085349f6d18bfacc167,219
raw,165,raw/0165.rds,76,c4f51c0214c261d09cee55330a9ee9dd2adb26b2405fbbf71e5ad3a887ca5f74,361
raw,166,raw/0166.rds,15,ba8cc60f07bdc4d9f525c53489dc945906dc8a55335f506d913e016b33e81d29,255
raw,167,raw/0167.rds,3,b556cfceca2366ddf9e2a579599454439956ee5bbb0e12f7bf8f95d72a6db3b6,221
raw,168,raw/0168.rds,3918,2251ef5fabddf2199f1afc9000d6f6f9e0937d4f4954c59c650cce42749127e9,4578
raw,169,raw/0169.rds,60,cce2cf93d1aa27d1ed019d9f195bd02e1f5f0874f24aad3813d7092b0590de1f,353
raw,170,raw/0170.rds,5,b2079167a615f85b882e86043a01ca84fe8da75a50f23a8527651fec442422d2,230
raw,171,raw/0171.rds,53,3eb66052a800505ecb3f0b7bd7f006b31925991ad6b2f5fba488bc4f1fc2788a,324
raw,172,raw/0172.rds,20,b3dfb8fc02da0f7ac61419fa70eb88852006f3bc91ff63d194a5b97bb3325f73,248
raw,173,raw/0173.rds,107,14330adfb651fe0e34d1f5b520be7023e0be2a603a2214d8df3bc975a261f711,399
raw,174,raw/0174.rds,70,98b591f6907b06bbff486283e14aecc8b4b79ede6686501e2b2eee6a798b8343,342
raw,175,raw/0175.rds,1,2a8620a2b0a28ae31d41331378cb815c5acbca8efc6acaab6f22a32282846990,210
raw,176,raw/0176.rds,34,c23d4d03ff740d6fd1019448d1a1c532c17c6bcbf88f91eca95bcac82b19da0c,290
raw,177,raw/0177.rds,115,5c58210e7b25a6ab1d4a64506f8c194aff5ddf41179d7704eab58d62cc4209ec,619
raw,178,raw/0178.rds,2625,9064418986eb09329fbaefe4bb7c274791f3d62fd854fcb355f653bdc0f9a48d,3330
raw,179,raw/0179.rds,45,d4b71630fdd26dfa9cfc9f5354f2cc143706b2547349d9fcdd79604fb3926422,317
raw,180,raw/0180.rds,72271,a6b889b75c26be7a62301894505251adf3f597cb9e7a70952e8a41f4cce97e87,42081
raw,181,raw/0181.rds,1,ea96a1862f4d8f82d3c0705eacbedc339020bb57225be1e888893fac470a2afd,208
raw,182,raw/0182.rds,56426,13eda792e34087106305f1852e7ddd85e33a61e8f69b98f4cb5cf9a0621011b4,38344
raw,183,raw/0183.rds,3,04edff08ed89dfae86c6d3b82ae96dbaeeb27c94854f6549a6f926bf15060688,216
raw,184,raw/0184.rds,1496,432199edbfa1c496fa9ac5c499c7f27d515b0c74de1f9df2ccf5e28939eae550,1467
raw,185,raw/0185.rds,11,a3dbee813de791ffdf9483568b2f631f1621198db965583d5c62d272aa0db22b,246
raw,186,raw/0186.rds,3,0eaa00f3a0ded666c4d31dfa11832f8de78863063684e99c756726697a114bd9,221
raw,187,raw/0187.rds,292,af150cd1861e773a42fef301c875e1a8d2074b14bfa267528ddbeb5007fe4c01,610
raw,188,raw/0188.rds,22,2d10cad49d6379e2d34a98424b12994952f2fa175344c66ad1857127d78da29c,284
raw,189,raw/0189.rds,245,3db3227fc0fe45e8a9688f0c8910a1fe3875d33cc08c58b503801b159202245f,500
raw,190,raw/0190.rds,2,6374f8eb8bf669270b946fced7d8fe58867c376e9a6ce25f1348eed3c056f260,215
raw,191,raw/0191.rds,0,adadc686412c8a32c45fc2489b7ee54f6faaaf976b3b04409ca638c0bcd353b3,193
raw,192,raw/0192.rds,170,d3e68b731ae3d1ef9838f32dd99d32844b0689fa7b8e302db422478bb67ba8f6,488
raw,193,raw/0193.rds,2,494cf101579e9b6a16273b9284b461224f00d80ca1bbb09331643b2a1a7732c9,214
raw,194,raw/0194.rds,10,8a55e1ba58dcb0cb22d358d2d0aa9b639c502b43a2e4ee2290f2f44cd8542661,243
raw,195,raw/0195.rds,3,62e29106aaabdbadcbc0607fa72dab36451c3b6644623d056a227dcc9bb0b202,218
raw,196,raw/0196.rds,2,d356192ef86b8c2646d0dc604ca50109838c2cc2cf58f0bde34266d85e6891cf,220
raw,197,raw/0197.rds,9792,aee887ce30eb652aa179c492e75ac893e278d712042ac06955734e124c3609c0,8313
raw,198,raw/0198.rds,2,9e2d64404a37956a29bdc445995ae3e1d7ea0a032068d5c50efeb4a42cd27040,219
raw,199,raw/0199.rds,5,82c51ceed0f25813eaded7403c9599ab57eb87cdafb632d884b9f27e3156c3d1,225
raw,200,raw/0200.rds,1,183cc7d9a4c4652da796505cca9f16dc70ff2fe10c56724c795216c5f6b693c9,209
raw,201,raw/0201.rds,75,c54c23b17f2202121c9b116c721046aeab8c88fc7300805729b18367c11da08b,361
raw,202,raw/0202.rds,4,076853ebce7561759567c2004d90f21968ba0d949b15f68b2941d41902280c89,227
raw,203,raw/0203.rds,111,a2a4125d5a8834718532bbfd4493f726a8756a6fa79992dc0dce3956a99af543,406
raw,204,raw/0204.rds,12,e363873c2a1c56ba0f6964a64cfc198a1d2dfb5910efa315cb43fa109819fedd,259
raw,205,raw/0205.rds,1,a01a6c24f8f0aa63d91d4299b5151284678d78ceef7c99d1b47752dab9fae043,209
raw,206,raw/0206.rds,8,cb02901e084f2c4fbd080a201f9bcb1440fa30985ded18f76b07487bc5b04bbb,249
raw,207,raw/0207.rds,112,2527c561671fbf8a7f8f019ba171b0508401547ea47ea44210b904cb8fd96f0b,390
raw,208,raw/0208.rds,18175,501e06f1c72976e7d79a51309199c63ecd4a30ddb37fa306aa281be0e4d5aac4,20878
raw,209,raw/0209.rds,38,c1289f98dfeb569a2189c418bf57ba69346833d049b19e88c13f9bb9382f53cf,302
raw,210,raw/0210.rds,7,3ad9dfa3a7de26a694aaf53b6ab8c86abfd93bf10a14b569c0d2e4ad7f33cd47,236
raw,211,raw/0211.rds,145,0fef6bacd3e4e884c3bc5d21c2f9a4aee7125bca4384d07f0e2210756a289074,433
raw,212,raw/0212.rds,3,66fe649530f3d5dfd0d56abc3ae9d2798a2c6103e1919b4abd1d0ac9ca7dc5d4,224
raw,213,raw/0213.rds,60,e907d1e65acd503903fecd84f8d8d614e187cabd43fca864e022a0aeafa83ba7,382
raw,214,raw/0214.rds,32,e73e2a894b93d931993e972399622c09eefbe9575767d44114e65e6fc208eada,303
raw,215,raw/0215.rds,2,e7818c6df4bc48234e35915230dd2e03b4b26771d9ebafe6d2edba075b47c0fb,217
raw,216,raw/0216.rds,68,3dcfb4685581d1071320a4dd8950af5159332a25bf64b5d0a24a557a366194f1,371
raw,217,raw/0217.rds,11,d09b1e39477f799b475c617f331eec00341b4e37b3ec84560cef57c5e80b46ed,244
raw,218,raw/0218.rds,2,bc6a3704df20686a0463234eb22c2e8d348879c490c098fc13e50df5f2defc54,211
raw,219,raw/0219.rds,261,f664bf7e99238bb7a37d55be48113ddd873110070c8f43b00d62e7581ac4b461,594
raw,220,raw/0220.rds,9,feec0230bc4f3cdb82bd47e72d5d53b8fbb14925ef377c164048dc5a21e582ee,244
raw,221,raw/0221.rds,53,a8732ae0b173640178abcaea773d09added9e1334dfc37d2b29ed30e33060d06,338
raw,222,raw/0222.rds,77,52d422e20431552c20e8995463bc17fe078d6f0bc592f0ca356e84ea8c35b3ec,345
raw,223,raw/0223.rds,38,5bf28a29ea30f7412b4567d19db84f974fce994e39ee5dad430cac34619b076a,296
raw,224,raw/0224.rds,6,f7ae9a4ce90aca934ea7ce41cbd4bc6c7160a0e3c30c0715af43e9fe8005379f,233
raw,225,raw/0225.rds,500,b4bd8462ad0596e572ecb71031b7dd3080872d474b9450c92dab331386dffff3,838
raw,226,raw/0226.rds,11130,118845c99abe87755c63e07bfecc860b05a576d6245f6ef4d7797fe0940481da,10062
raw,227,raw/0227.rds,4502,ac4c4244c03c195f74e82717e1d7cb939798ccbc1a7cc87d3f13dc95ad256def,4810
raw,228,raw/0228.rds,3,2b8e34049bb8fd12f7b426433fd183fd2d51d76b579e83e474466c7a3b27630d,217
raw,229,raw/0229.rds,112693,2aa0a408d520b869b04f0b3b96f69edf91d30b61c9a1a5001b1505512e0e77a0,61694
raw,230,raw/0230.rds,9,4ba186e186bdcbe72637613288b735632ae6017f8da115eb6071c32242bbaf13,246
raw,231,raw/0231.rds,1,020a6040e760d7a55c2c68d3ad2bdd5bae4c12b5bf3bfb398f3798b6990d865c,210
raw,232,raw/0232.rds,64,4bf9b47acc2da44273ef3416c2762766085ebc94fc6967af8e47f64ffbd1eae2,468
raw,233,raw/0233.rds,862,faa93c161b1783803a36e56eeb1cd1122361b20d922c43ed07837a29e6a89f50,1049
raw,234,raw/0234.rds,4,d4e3fbceb0aebddc62f85e62290ec55cc8b40f15da72f2cb228f929c080808de,220
raw,235,raw/0235.rds,10,2582c0744916fcba384b646af904cd6dbf9fd166e4e02e5160eab63aa9f45eb8,241
raw,236,raw/0236.rds,176,62573fae671ff660ad7f9c3166d14e818a3c84369f4c0fc49469228899223b52,463
raw,237,raw/0237.rds,372,5719d0538fa3b491f0dc4ab234e321b047f22e968e2950ff64cf8fb2bd5f17f3,740
raw,238,raw/0238.rds,64,10030dae199452497847852bd597ee9c6f381ce5e0abc17c0e0fdec6c7af47f4,335
raw,239,raw/0239.rds,174,05112bec7502812f2a60e3f73a7051ba2210960ec5530376d8631d7626edcd8d,461
raw,240,raw/0240.rds,48508,f8eea921aaf1134565d0865af3c197037c0b4e401fe2d670e622079d73f117cb,41890
raw,241,raw/0241.rds,6,134e21ceb41cf2f6fc9057d5f13dd6f6abce96835e9acb4171526eacf3134c1f,242
raw,242,raw/0242.rds,124,e2c926bf1013bea6a2d9a58a0b5814b8fbae8f06cffd19bd0a0e4fd36559b1fa,428
raw,243,raw/0243.rds,43,eb6aa69999c0447858008cffb1b189c9f6d6efade3aa00dd9504d844f5a22766,310
raw,244,raw/0244.rds,10727,bc146fccb4a712dbe7b0c6687ceba8b26696453c9594aca15687914decc56d26,8689
raw,245,raw/0245.rds,18,057b258be06d8dd34b31da50ed183911edc7814279b4958bce2845c86dd819fb,268
raw,246,raw/0246.rds,706,c407f2dbbdef47a55db4bf21d3efc98e2ca4e4884d8aa7e4520d237b2249c5a2,1025
raw,247,raw/0247.rds,11,6e39ea973274d779be4b20a93a5801fdb6cb871c0b149fe90c3d6ec96d79719f,248
raw,248,raw/0248.rds,1,7b33c6f7f272bdb80a0838ca8870e290d0de66ecf9394df6a1b00e02f952bf55,209
raw,249,raw/0249.rds,329,fa9e4f0b73d840e4af62adce207e60447b11251426c33b2b581ba1a66605a0ff,515
raw,250,raw/0250.rds,2,7825651d837bc28a6bc79fff6cccb4eba21a70998fc2724affe0e8ca06e26cbf,213
raw,251,raw/0251.rds,16,3a998de26309ff8803a6a1327b643e39c2133cf0e2300c79d93f7617024772ee,260
raw,252,raw/0252.rds,3699,037dc89ae4bb7b58ffd59af40d871c979c4102e9502007cd01f5da300ab00eae,5296
raw,253,raw/0253.rds,577,92ccace2f3731ea93e3db79df05f45cbdb6a8f056a1557844d5f0514ae006ed0,803
raw,254,raw/0254.rds,49,f90b21bfe75e4ad6a65a811350e7e85b04e65736c7e6f2c2f3a998a547e754b3,315
raw,255,raw/0255.rds,1,e26d48d7b801ef1d2da0d9c9af3d27af2712f6b48b52926aff1538e597e5c7b4,208
raw,256,raw/0256.rds,14,c58a5c9d4700673bad8c78d1e0317019c06fb5f4363bacd6bb911edf1543528f,250
raw,257,raw/0257.rds,1,451c2d03940b213658f76a4056832c28750c55d5ac95c1c19ea21c49efadb377,210
raw,258,raw/0258.rds,8,6d2f8580d8cf6c6acca2575907f0743e4e50ad34fad9a68bafacdaea1e46d2ea,241
raw,259,raw/0259.rds,32,bcd3f5192ae0155275675fa61bef232f838ed1fedc687b58956482119a567b33,279
raw,260,raw/0260.rds,1,68206978c408924f6cf2d3ba01d14a6e60e459a8de33b31772abdfe70ea46086,210
raw,261,raw/0261.rds,4,e943f2eef818c586bc3cf8261d97e8e3b2a3d26feafdcd0fca1820f7fcbb721f,222
raw,262,raw/0262.rds,7,f85756a08ec3b1b8af46b38cc92ab801f65383e5926784e4ac7b8e1bb33b1847,232
raw,263,raw/0263.rds,2,882d891016159a280fd20898fb164333ac96a73fa1413481621f2f16a5f1cea7,217
raw,264,raw/0264.rds,22,66fa8b33f5e5e214e9db97f5cd09b52e7dba420e7baebae2aa61ead26e431fad,265
raw,265,raw/0265.rds,793,0dc2e7d85937064cf9e7453c9ea6be3c291f73835d369af3dff4908eaf0e70ff,1315
raw,266,raw/0266.rds,128,1cb01c76c5bc93f0f62390e2a2f70c3db9276b7826b125d1af15e89d65e3f09d,383
raw,267,raw/0267.rds,38,52301877c0612cd8d48b5deb1fe30dbc5293fc79e00f9f40ef601a0a446e2131,280
raw,268,raw/0268.rds,6931,8d87a7eccdb1f00a2a097af119beaa06eaa3b40a5522e40f0329d2dacec56229,7305
raw,269,raw/0269.rds,1,9c394c543cd36b11ef338205ccb323b05d2d10b8b865d46d675fbdf7224d8564,209
raw,270,raw/0270.rds,1,fdb3d9c29996a74adbd7e87ef0e7a719fd0f4eedc5cfd9d004ee58472cbb1226,206
raw,271,raw/0271.rds,17,0417e7e84d946d8bdcb9a94b088d7ff2f89e410278a79d347c581c07829c1a67,271
raw,272,raw/0272.rds,109796,3f7e296529904bea6d85fd0474ad0446fc867cc83ef11732afee4dbeb94dd29e,68766
raw,273,raw/0273.rds,1080,1eb67531e31b4c0c5ec38b268d8a64235e645743f0190a13044e5f2590e43357,1739
raw,274,raw/0274.rds,20,d6916230e89903afa1855c04cae9e0fc3ee064e463ec591d48ee3d69840b825d,266
raw,275,raw/0275.rds,0,adadc686412c8a32c45fc2489b7ee54f6faaaf976b3b04409ca638c0bcd353b3,193
raw,276,raw/0276.rds,186,f4608b9c70beebdff5e5624bf4b6a93acaa4f2205150ec581382793383fe4bb8,500
raw,277,raw/0277.rds,307,fc6e6161b212f6f1e3e62402b332f07448b4ee09a01279e2d66c174ff5ad2224,609
raw,278,raw/0278.rds,33821,c70ea7bd7a15108d67bab3620ddd8fdcd2fefbc03e0022ff0c5042b2c74fb90a,21055
raw,279,raw/0279.rds,61,a7ab7bc525913b05c1a03ab216dc3e140e53eb8940a31b196d7234f04462b0c8,377
raw,280,raw/0280.rds,165,802159bdc01c53371d402b788448f73adddb59492e47ef01722e791b93cd39cd,515
raw,281,raw/0281.rds,97,8313d370fd6b35ab708012469b4d32df4ffc2c6d23ae766dd7e245a6aff67642,462
raw,282,raw/0282.rds,87,3d000e6c706484ffc52fa0758eeac89d8507ecc84d06b169033efefacc2a5e2f,327
raw,283,raw/0283.rds,25,27ef582f7658e910d868ddfab53d953313cc75fc6a317c383ef88bb0ded79313,266
raw,284,raw/0284.rds,15,2ee8fe416d96daf32c78c3820f4a6976436ab2ee0601c67fca60fbc888c9663b,256
raw,285,raw/0285.rds,64,a2a1031d99c47da6330166a7b41fad8efc4af2d02fbc4e3942a11b39b4a685e7,355
raw,286,raw/0286.rds,82,41a4512bcefadbb7a1873cfdae630d5127076d4b1e4e856a7a78ee0377d9c827,437
raw,287,raw/0287.rds,117,db71caa713d244553fb9e82a279cada66fcb8f5892381135e38fa0026e0c9803,434
raw,288,raw/0288.rds,34,bd477a22e99068bb97f44589ff4625c6bc60d82f79016d2c25b51498c60ee119,307
raw,289,raw/0289.rds,7,5aeca3a5bc6ac04d17dd50baad1a73682ee4b7c8f06b7bc35816efa3a4661988,231
raw,290,raw/0290.rds,14,016e8032a4676b686c533a6f3cb7bbcc94615312d16641d0806a5fc16fbd316d,274
raw,291,raw/0291.rds,133,f2b7e91f8869e7562ebdcbc1707390fcc09d4efffd3b5ac674d00ee8b6f37c34,475
raw,292,raw/0292.rds,38,baa3561b34171e12a0d9ed0fdf2d9219427cc98684d86cf6a945c3694f531f4f,321
raw,293,raw/0293.rds,11,f0132e760e9e36cffb063df4ce716ec6c7067e636d63a07dbb9d24553e8b074f,249
raw,294,raw/0294.rds,101,55abbc1e949fa5ab81c548c832b5a701192feae83fc4c586fd411d7f35e13b93,332
raw,295,raw/0295.rds,183,6159e776d70dce73ff7090de2722fa19c2c631116faabee67f2067faaf154b9d,458
raw,296,raw/0296.rds,173,422e9f8d4ff1de1a3955fb21548345366755ec908e8602b13ff94e10dfa2adfb,416
raw,297,raw/0297.rds,88,d97fe913e58245e1ae0b324c35ae6b1e0ef2dbca14c20f4167eef04940883cf8,362
raw,298,raw/0298.rds,2518,e2bd130d2ee8f0f25464c154a0ad375050e106202bcd9472b472fc836b78b4de,2119
raw,299,raw/0299.rds,3,d88fb08b03cef46cca46ef851f9c2763b8cf4f2286a2b4f77300ca4df7612dc5,220
raw,300,raw/0300.rds,429,8f620cf87f12e010fe6fe07de720894daa9da1b5f3ed0f9f80d3085b5a548714,835
raw,301,raw/0301.rds,19,ccd56144ec4c49c47aa5877a3e5f4143c7493f7a4e4b32a4d8b0db0b7bca3685,263
raw,302,raw/0302.rds,14,9229c7d6987b69d9329f47bb674615d58614d821eba25fb5dfadaf5ecb579538,270
raw,303,raw/0303.rds,5,36fdeaa1b253effda17a44cecb0509edbfbde03a6e9274ff6a4c7a7bca51e43a,231
raw,304,raw/0304.rds,4,be6a1a63350b2b773b393f9e35b89c92d0f6c4823aff4a58ad932b1678a5e982,223
raw,305,raw/0305.rds,1,b15a01a91ec010d56b9d5101a752aee23f5a0294f6d9aa46985b7874210f14ea,207
raw,306,raw/0306.rds,126,73f7403df70ad45a56e19cde490c2387ab37e7e39d26b14c6321afda46d17044,385
raw,307,raw/0307.rds,87,8e966fccff6d4d857c53bc50a4ac0c07450b50f6a6870288c6cd3735573e1c2e,398
raw,308,raw/0308.rds,52,982a009e842b373b01e25b809603781f42b24cc74b7578e256491d9d29c6c9e5,310
raw,309,raw/0309.rds,8,a955953cb0f45695d52a003bcafa79f130f908e40c191468bb29befb2c29bcc3,241
raw,310,raw/0310.rds,2867,3a45dc0bfdb4370a5f7048448cd64b530ec33fa8d4eb9487b35e32ff6960e479,1965
raw,311,raw/0311.rds,14586,4feb21a162b9b78c6cdb120eff32c4cb294cf6bcd6c88a391916b5ee70bbd365,8498
raw,312,raw/0312.rds,14,c770103774a827e4f379cdc1dacaa09399b752a906f4757fe641e652d9317419,272
raw,313,raw/0313.rds,660,fd19598fb7991cd802689a6443e55c58bd71a31d62b86bcfb2db0512941ce590,1314
raw,314,raw/0314.rds,2,f6600188de8b99aa899ef82ab911d25a8ccdc0fd213462dd8ea0fbb99adb5ad4,216
raw,315,raw/0315.rds,631,0dd363bdf6bf619238595b7c07926ea13c078bceb3a68beeebb1ea81aafeeb5d,1170
raw,316,raw/0316.rds,11131,3b322f53e52cbc10868c6dd9484ad54d57dcea300aba8bd2b067bc573e4085da,8567
raw,317,raw/0317.rds,4970,19120359b6779e35ebc70fa66ea68c60906ab1c0320c6752b99ddfb3b9c240b0,3856
raw,318,raw/0318.rds,2,bda91c4b1353f6ac642ae7da2688e32075fb474c0eaac871bcaceee73ab784bf,218
raw,319,raw/0319.rds,24,c55096af367417c9e50cacf35841f01a6cd93f83fa17d7d1b429320bc0b81edf,273
raw,320,raw/0320.rds,23,3f357968c025daca921da2c0a2c904d89529c53598570f550e0220c3f0be516f,310
raw,321,raw/0321.rds,59,4c24b4c7285c27cc9f82a41033ac4f9998c236ebb71c27e84537f3ea5be04962,380
raw,322,raw/0322.rds,654,660d38759064c70a087e0198ff406230e11296f642ecf620679fe14220ca8eaa,1552
raw,323,raw/0323.rds,5879,a5436933c3368544d1d314cd463c868428c2947fafc5e1db1eae44429083a30a,6621
raw,324,raw/0324.rds,27,224d490fdda6f2dd48a1b4957e0e6b2288dd1e1d3f0cf8a04a20b04698997ddd,301
raw,325,raw/0325.rds,9,603e54d6d34a624716b420c7ade0a0bb9cf8a1b12e9f57998495c2e1f939055e,242
raw,326,raw/0326.rds,4018,8e20b7a3d461b2f3baedb78b86f4712814e9b919567ac7908d2aba4d27d6a6ee,2140
raw,327,raw/0327.rds,42360,748778867304aeded9e31b09a086956a8c9126fdb2a0513e9779f0e86fc34e9e,27009
raw,328,raw/0328.rds,45,e1b9b51f467576244ad9c00cb405cd23826e9a0322c7a8186e7c0be1a20f52cc,315
raw,329,raw/0329.rds,5,2ad7ddfcb28fe4c48f974a7f18296424ef6d9dcb5ce0298d73a5d97c5020371c,225
raw,330,raw/0330.rds,3,06f3cdb5ce6e151376008d023363e5778796fb5ebc06ff7e75482110560df9c0,215
raw,331,raw/0331.rds,10,d9e484b075605f41824964f001b806008f32794d571f86ca7cda7d0a818055ba,254
raw,332,raw/0332.rds,92,4cd0e55561af439433f69170f30339535dec16024ef426354224675f9b78aae9,401
raw,333,raw/0333.rds,64,b5d6bf6ce44fb5ee8603fe29ad9e846d0695743d99ce5ab45c5fe9c8051daeee,403
raw,334,raw/0334.rds,284,9ec94f18faf0d371e94400ae55a22f43117ef621598ad4962b09d09e30368a34,642
raw,335,raw/0335.rds,128,6b3a8f091ba30c2b7abe2a329281ba56e10099a1403c5c4316534cf44483a56f,461
raw,336,raw/0336.rds,3,4cb7dfe60c15f43ca540189cd9240fddb9700f6e042521e5b1275958ff5914ff,223
raw,337,raw/0337.rds,11,886f1cfb4474ae7d8ecac036fdfc0ecac2a44bc8cf295e8c482c550c6f9c37b5,245
raw,338,raw/0338.rds,39994,8923c0a1b5902ed7431a2d57b1365ae17f5c04a0a9f17d403cb6ea8eb5dd793f,30750
raw,339,raw/0339.rds,71,ee39be49abb852dcc188e69b61bb66a5b9fe8af7cfa99e7f4fa4bde1956bba5a,339
raw,340,raw/0340.rds,101,318fe136ede7212434f0b5ddb5be682bdea102dc34abf6ce275952b012e9ddf7,339
raw,341,raw/0341.rds,25,fd47da9cee9f52fc0d72f8926612f64120279e459e2b79c58d2f6ed6b3a70513,298
raw,342,raw/0342.rds,15,6034e5f1169eab3e49b744c4ff07594ba49d453e18f7792a69d358558e96bbdb,258
raw,343,raw/0343.rds,64,3ce206a94ca57e88bd55a3474b67aa0f345677e47903f6343f292f4fd793759d,361
raw,344,raw/0344.rds,72,5fc85d1b3e4aebabe83dffd65e11f93af538ae0677c12461bfb5f063830cf64b,365
raw,345,raw/0345.rds,9,8ea2a7037e4543469411d7b602a451449edd906c06f89c5bfb28e22e31fde823,242
raw,346,raw/0346.rds,3809,15a98fbe3c5e26530dea34e11ff0e80c47a50eb9bc76547081519f66d26f3fe9,6791
raw,347,raw/0347.rds,20,ed7580980fa54e8f237d955b3c6eee9c355bcabdac62f1a951af7e052888cfdc,277
raw,348,raw/0348.rds,21,c07af49beb7fcb741370851fab7ad06285db82895559619b75bdb2dbbcbd5e04,291
raw,349,raw/0349.rds,79,bce2525d68140052497584df5b1510cc1498b6f72f342b58710a6af98e2e786c,421
raw,350,raw/0350.rds,44,acf522bfdd077b5f34e54ab48de180d6ce8b14b3aa8244e6abad62790af2e4ad,336
raw,351,raw/0351.rds,48,424e8b8c5cf294ba70f1d8d5b490b0d6b5e588a3cb937f498ca35c0561fd30b1,310
raw,352,raw/0352.rds,13510,c0320fe4c36d54c3fd51597a0ee5d9bc73d3959a07da783eefc6557359632bb6,6797
raw,353,raw/0353.rds,6,265af57b80ebc2d418d1232d50fa80170aabd9122921af9daad81b212a7b3984,229
raw,354,raw/0354.rds,7,fd7a5f00bb4eb824c9e445de7067e34ea7d255a5e0791f27e87bd919d50eb955,252
raw,355,raw/0355.rds,5169,5388eea8b86985008dc3a58e4e3bbc74a347eca456d0a3f73d64a81309adb9c5,4977
raw,356,raw/0356.rds,3,acbea803e2699b016d564a58a6ade46418a2dbdd875332cd4f5086c9f21257b7,218
raw,357,raw/0357.rds,16,35a74014c7a3a8707345532f979a047935fc914ce48442a0a6c2ad941b469cfe,249
raw,358,raw/0358.rds,218,d3ca817cbfb4091fb4482c25c3c70dfbb3e9d19a8257dfcab1afdb1a96ffd4d0,474
raw,359,raw/0359.rds,15992,d1fbf1276f96279c05e4f2947855156d1acc4a687816deb7e28bf3676e776e89,19432
raw,360,raw/0360.rds,3,dcdc6a27b18d11d398fe8bb763066e462ec9c6d3a341de51d2b82793e3f9458f,221
raw,361,raw/0361.rds,39357,ee57923e94043092e128260a32e4d4868dc9958c7098d55a304432bc185933ce,21834
raw,362,raw/0362.rds,63,77a448fa8a2e2477cd810b1094173e841be21603bcfad35919a814eb6aa15ab3,341
raw,363,raw/0363.rds,20,3c113f3943c0733df260632982494c8989d6778aafe3424d147b667a6cbe2dca,265
raw,364,raw/0364.rds,1,fc7dd0bcf8ed2e8c69acf0b440cf146031a3e54155568fc20cbcfccefb3a04ea,208
raw,365,raw/0365.rds,124,00bdd51dc2396e7f2d078dbe06766d29c7f237a87d0920b8d111f68fb2e283ca,410
raw,366,raw/0366.rds,7,404b04ead4f990628f35dcbab2cdeb3a1904730679e96c4f1dc36c450c5e6416,242
raw,367,raw/0367.rds,13,01b94202cea3f65cd5b17e69b0a2141bc674f8ac5802c59965f994eebf039566,255
raw,368,raw/0368.rds,402,34294a6c9328817eb0287c9b2171e5aa50f162b3af475b4dba8d7155b2fe4c7a,742
raw,369,raw/0369.rds,20,ad0c1dbe13601708f01b5dd28ee00d58b0156515e7c527dd5b534f5691dfcb86,262
raw,370,raw/0370.rds,125,1db642528eeb92c7e23b897dcc49dce89ca0950e8f697c7526a1bd8a51fd7c33,367
raw,371,raw/0371.rds,10,86bf34386dbe0f0eb046a96e76fd28e686d694ac06ce3a626c5ff2a56d7f2f21,239
raw,372,raw/0372.rds,76,4e1ff9719eb2d4c4cc8e680a38840800a8291d084a4bd81e1af7a29ff20cb1a7,339
raw,373,raw/0373.rds,13,dbc1500003f1271109c02f450333097000a522314a17f3aa4a8c1cbcfb50a465,243
raw,374,raw/0374.rds,2,886fcba52d97b9a68ecddbe413bd1eb6f35d1ecc07d232b2763d995c373e7bed,217
raw,375,raw/0375.rds,27,2ee866d9e64d3fa33e3b249ec48311ab6e157846956db3d68904569e454afa6b,306
raw,376,raw/0376.rds,122758,cedcf6ab8035e6e6527d70537a81c15483bb17b309617d3c8639b6d1ce8ba335,57130
raw,377,raw/0377.rds,146,b40736771ade5457ffdafd1a98bd719729bf0699a1b4be16b1d23153c24cb5c6,492
raw,378,raw/0378.rds,24,f4e5d761b2a58ff375cf5146d41137082013bb0c12b07dabb4478bd9369ecc45,280
raw,379,raw/0379.rds,2,628a1e18c89f506e1e9697b0e669e74e5baaa9ab41f238d69e30e20ec790e7c6,214
raw,380,raw/0380.rds,174,14f4866933d224af5781ff590c387c76cb1d1c6d790ff3f063bdf22691f5b0d6,464
raw,381,raw/0381.rds,84,faa3d6c7e4ff2dfa552e0ab43a0e4184fdf546876e4af0328bddb093e0acb76f,373
raw,382,raw/0382.rds,1,f8421c3612a1eb32f34d9afc304f7bd8ab3d06cd985d886873c8693231240a0e,209
raw,383,raw/0383.rds,4,185f8ea4eb853d7e61c144c606963a5872ca5d3da2acddb8f33352ef0799b748,220
raw,384,raw/0384.rds,7,cca62696cf6ee9b2b9219f95bda841dfe1342b91396a887f4a7ba0c25cf81bf2,242
raw,385,raw/0385.rds,174,5f44884b2554602033448645d048aa92d851253854d674d03f4c5a6f2c7d0cf0,411
raw,386,raw/0386.rds,13,f02724bff98203941f89304c20da8bf1ade6cc9ec77fe14b804735941e4aafc6,253
raw,387,raw/0387.rds,34,637c301f0ce48d5725fabd1862929a579af52449a38749dc29b22bf30c289267,288
raw,388,raw/0388.rds,46,426293e2094828cec065d48907fdf5fcc9499c4be3d5fb1e3a518dc1efa88a66,313
raw,389,raw/0389.rds,186,03465e3eb13a7c01b8bb3d6b3971e37f2c231d50c05e79fc4d010c6b4d6f0cbc,504
raw,390,raw/0390.rds,4,be0aaa17da7a85f087be2f5dfe4a2ec54b7092e3de9bddf58ba8519844e893bb,226
raw,391,raw/0391.rds,122,be130a54bff3dcc8a46cf15daa8ef134bfdcf65bd607640179cd29d74f9a999d,444
raw,392,raw/0392.rds,309,8d0746a1544516c5da5389164e06c2fb95ef1d34a7b222a0a0c65a342846efb6,668
raw,393,raw/0393.rds,6,e2c95d4f30a3360d9a1654a88f7940329631c10ad65d435c0baa99dc9fd5aed7,233
raw,394,raw/0394.rds,24,f5d9ce885899c97e44ac75eb8dcea634b89cf3fb73157b7ecc23feb285d24e14,279
raw,395,raw/0395.rds,2,1ca0d3f502cb860d24c7f22a4755629507199ac946f24179e3af7ceab713251a,220
raw,396,raw/0396.rds,6,cc34ea6dc49e5e23f3c902e107e82b04deba26bd3211abfae2fa86da64acd951,229
raw,397,raw/0397.rds,29,775bf282f669bfe35642ff6305c4cb717ea4468be77a0773a9410050dde02140,280
raw,398,raw/0398.rds,461,2e92bb9c7fda3b54dd9f189a5cdef3568532c7557e8b929f41799f10e08f5c5c,633
raw,399,raw/0399.rds,68,8535ca593d764d013ad797fc0640ad0e7a3651c2406816edb3449c8977afcd4e,364
raw,400,raw/0400.rds,17,350051b9851bb79f1b5d79862711d1e8700bf7bd1a629db456b20b00bd48e905,261
raw,401,raw/0401.rds,261,09d3dc1680290234f7d6a2fde5f9beb32fa8ab2a3e9e4402d42ac38fc3f43209,575
raw,402,raw/0402.rds,49,af29539d993aadd0ce8970fa4cf127f41c9ba1fdead37f34e88ac79e45ca56e6,323
raw,403,raw/0403.rds,11,c6c780546f04ed043b09fe4fe4ac4f73f0be5fbd2421cc0dbc263a6599d2fe24,243
raw,404,raw/0404.rds,8,c4c0199858f00604684f073d9a95ba1aa9e18bd90bc156df31628eec4c42b7ec,258
raw,405,raw/0405.rds,4586,3e8bcd94ad01882d7e62ebe6a588a3392b363bfa4e94374f0b635e770c24d20e,6388
raw,406,raw/0406.rds,42,0aff1e4c854aaabcf7dfe20960975c90667980b5d3ca17874c1fae2b002c616d,295
raw,407,raw/0407.rds,7,ea4e55fbc6ab850b4c80f0ebc1a06cac0091fcd80fb35c144f8e54cc019e72f3,233
raw,408,raw/0408.rds,2160,da03bb2806ee985e996abdd7fd29c9db2d03bfb64eed8b6833bb9e496ad59e1d,2469
raw,409,raw/0409.rds,146,889e1ec73dfaa6feb0120cb443142be7215b702cfcc40be7bb02779d1eb95006,518
raw,410,raw/0410.rds,46,f93c03554e727670f1bc7626bdaa28d3cbb6556335b567db95893cc4960a0d6f,311
raw,411,raw/0411.rds,1,7129c1d1c661bddb3942319f3ae3f5bbf941405b7e6e924238c3ef4a116686f6,210
raw,412,raw/0412.rds,409,9ed46aefeb2f32e14d7ce4961d151c0100b2bc148468f0ebe1688765d932f343,695
raw,413,raw/0413.rds,0,adadc686412c8a32c45fc2489b7ee54f6faaaf976b3b04409ca638c0bcd353b3,193
raw,414,raw/0414.rds,129,08379a618e855792d7e03e0650f32df21c57e6663f57ab388327071ae60f8bca,467
raw,415,raw/0415.rds,66,52779bac447ccb3da03c6a1eb609ad0725bb975312b97c7ec03bfe1e6e5dbba1,346
raw,416,raw/0416.rds,4210,115d342f33a4e2afd45a02cc6a2f36e0d406517a237812db754c1a5c55c5bf5d,3087
raw,417,raw/0417.rds,195,10703e213443073f69588ce7345d2f650f0b836bb178e70e627c44978aaece63,456
raw,418,raw/0418.rds,20,bbfc439a2ec4a56559e2c916916da43ff56cf814143776e34304308de34b2dee,272
raw,419,raw/0419.rds,331,1d43d51fa2f59310b805c779f58f3f783584dec826e6192c730e8c6d82111b70,569
raw,420,raw/0420.rds,4211,4dc166079b7df85da7076bcb742075d50cf91e23385fbd1de4d7483ea81b288d,7080
raw,421,raw/0421.rds,19136,96ee870a89be60f9a80d196808e779bbd72af049955e174282262153aec2186b,11540
raw,422,raw/0422.rds,17,b5622725d7e86f426520cccaa4b0e848001cdc45d0d4ed4bed80ff327472a971,258
raw,423,raw/0423.rds,1,1356e5089f422d0dea47f892559d8434c5fe7052bac1f07981389dda37fa7539,209
raw,424,raw/0424.rds,75,b908fcfadcbe3df0b0bf57c9f5f032aa3161072fabafe0716389050d55cf3c0e,345
raw,425,raw/0425.rds,431,4e22665490c5a03309033da94d632aa6d98ace0cc2cca5b8f61790032f949f84,883
raw,426,raw/0426.rds,41,bfb6809cba60fc6e91cd9269610f63a0bac06dd2529d7b65dcbc12d3c7f0ed3a,342
raw,427,raw/0427.rds,82,b1f0c3b5ef2d09c3c263f479b29c4dd18dea06b7256ab807eccb89ad0545c60d,359
raw,428,raw/0428.rds,21,9c3d67162ec4bd2d5426afa35da8d36622aa265f7f7658e33c8b82f3ba27ed84,287
raw,429,raw/0429.rds,52,53c4658a983be5b3980845181268213dc605f0d4172dc59539e04ae3ca81730d,350
raw,430,raw/0430.rds,554,ee0ca5b5f26c6b285b3d7a9ef2db4b27ead3938a59f859f2b55084c0f33e28c9,741
raw,431,raw/0431.rds,7,df18241e7f8c7cfe7462456d315714e4ac0cda8c6bf09e0fae6a278a87075319,239
raw,432,raw/0432.rds,116,c14b4fddc519fd3d4ce9de2efc2cff55de44e99ecb7dedad4e64a5daa1d2b595,467
raw,433,raw/0433.rds,36,0b9aabf8994ff6953362be66846a9995956444aecdaf06ebfe3c1cf2f0ba64c9,302
raw,434,raw/0434.rds,558,44ebc93a3e417489bc1131a37c6ca2a9ec45b073ba3fb7ee709aaffce22ec69d,680
raw,435,raw/0435.rds,217,840d6b48ca733c4537cb6d6d673401cb900c0530a858580b279188e341355f75,514
raw,436,raw/0436.rds,9,5d6d392807b55a31ec30b7df987ccc677475303f875ef2e7dfc247e241b97e7a,252
raw,437,raw/0437.rds,5,43278cf69b34ba9149ff3f1ee4dad51d9228788eba6adf6b4dc6315cadb34314,228
raw,438,raw/0438.rds,145,2e9362918cb756ab370fba4374f019323a0ec1540adb98926412e4ea87ded40b,378
raw,439,raw/0439.rds,18,03e4a3d0c7ae6062442ef70a3e0e1522ed798bb294c808c560b27f8613ffa304,273
raw,440,raw/0440.rds,122,ed7a5df2d07f67271f4018a4bf85b9dbca59fe6d7cc564d30ef9d6d26872010c,483
raw,441,raw/0441.rds,110,4a0810bdb85ed95f223ed719186c6c171319f023081e36d1b4c7bbc48cc92476,406
raw,442,raw/0442.rds,1,11a81d144c79601d5458fa80fb61e16e8208ebe28785b418b815c4fe3e11ab8b,208
raw,443,raw/0443.rds,18,1f155c51f90e6a96300fd07cb46fc0786fb654dd59f2c0c3d89dfedbe1c077a8,258
raw,444,raw/0444.rds,31,af66c151c4e119292148939b5939236a9406b9b9443aa8b07d15695013741f48,289
raw,445,raw/0445.rds,3,d744f3bbc9e1e03f3e79763254e71c5f8d6b3445bbfc0601b7d30b22889f2974,221
raw,446,raw/0446.rds,55,3c466850606d092f61c127c26c3413e9a33a2d62ad37e6d65603ad0864b870b5,342
raw,447,raw/0447.rds,3,e255c00f4058dc01d302f57fc6ff01aa6300c2f590ac25a6c1d08be1e93f5846,222
raw,448,raw/0448.rds,17721,06b1975666293769fbae153c12e46732ad2636ca72f65095ac0af3e68ff12965,14385
raw,449,raw/0449.rds,1401,457801f1f8cfc91c8e443e4fe5665c3cd3cc7de269eb26df1297cce1207c93c5,2259
raw,450,raw/0450.rds,53,f4950203b4beb99f9456d2fda8411855fa03b7ed6eeace88e17acafbb0e65746,340
raw,451,raw/0451.rds,129,ea2b97b9da16b67df2988d3917b3d8588260e884bd049cf86aa7add30c5c956b,417
raw,452,raw/0452.rds,41,84049f0638702cb3c51b01d6764a70373221c36c5b0f247d9f50202826238ae3,311
raw,453,raw/0453.rds,587,ba74258e0f87cb6ea4f51d278e11a789a76797e666e39cc5f26f6f53c8c440f0,774
raw,454,raw/0454.rds,181,7e7004a71019e85b9dc41bc29b59f52f6854d157faeb3d7d9b85a6f53f8ad95c,545
raw,455,raw/0455.rds,13,bd5062d44a640c8bfb7604209e0fbae1c8f766a0871ca2772778220ffd5aa9eb,254
raw,456,raw/0456.rds,227,a02b78d75e17a518e3a052a6569d44cb11ef784852868a7e8d799a5410127153,490
raw,457,raw/0457.rds,285,f4c39e7d2ca599f62f4c3cb4f3e1c9254513574162c3f524a5dafe47f845d473,550
raw,458,raw/0458.rds,47,448b28431fbaba368bbf3c6e3d6111d5043c7e2bbd00723920b366e8b351e9c9,319
raw,459,raw/0459.rds,1,3842ff91987b12f9435d93b2f2963ec5eb7c8e000cb32a779d5bf0c4c4dc36b1,209
raw,460,raw/0460.rds,6,4f0b62d2c6a217f3780edafaf83887b5d5207a66040cdd575042a534fbddb74c,234
raw,461,raw/0461.rds,1,c9a3b9f167ee0cdfec1a5a75089a7904e49ab8141532c7328275f4cbc6c50e1f,210
raw,462,raw/0462.rds,3494,62a1d7bbd519fdd305b2ca011650d95c4dd0da7a3fc03022bd874ffc89bac1cb,4155
raw,463,raw/0463.rds,4,d4119b23f5f3d7264130e1623af4d5aaa224a7b052933cce30a280d4a3118f93,229
raw,464,raw/0464.rds,7,6d0c13b8fd440048bcd4b75d4239ac45907ce1d913c71f14b36fb041bb9cd0b3,236
raw,465,raw/0465.rds,8,941a1c4e6192e1e78100348c9aac346ec2eb6ab1e15b5b1873bffc03b1d3a65c,231
raw,466,raw/0466.rds,26,b74483fdc600ee32537931280fbe6baa6170750c82a9bd3e61ddddaf73ed11f0,279
raw,467,raw/0467.rds,25,f6dfe96d8dd6cd417c9a586fac438d6db9f354507d2b2130198a4c88c6010f57,271
raw,468,raw/0468.rds,10,1e9c54092446aa5eef15091a0e0962b6b28a246f615b9b2f3fdb76fba38d28da,248
raw,469,raw/0469.rds,8015,b7ef89259f36c83cd92d33ab4bdb70f39d68aa6027733d4f7ec49f3a411608af,6831
raw,470,raw/0470.rds,2,ed8e84d3da715f780cc8b13fd728d05fd6f84b258619a65a96f0a99e11fe5988,219
raw,471,raw/0471.rds,334,d4a87c5c391707e03a0beb641b16e201691dd28b515ba9d511242385235c722e,525
raw,472,raw/0472.rds,1,8b908e5c797d1a1f7168fe8a6dc6971b4f8f9aa91d6d5d0d7463063bc90401ee,210
raw,473,raw/0473.rds,12,9f58e13f4ee223c179394884ed2e69b8477967e836223cffbeafa5e92d0f7b43,254
raw,474,raw/0474.rds,5,5be4c56afb727f2273de0a63f1618f77c94c5a1324a3f1207a2d8cad78ff0532,233
raw,475,raw/0475.rds,15,6c82adb745375baa277677bffac978b5d1f4082b3033fe0537d6bd8d69bd7c20,265
raw,476,raw/0476.rds,1,b53497b095a7cf1c93f476b33e7a638999d5f447660dccca9b6df4ee97a3df0f,209
raw,477,raw/0477.rds,57,1d3b1cd86b69dff42cf439089f897b1dd486335c17c3d88f2ad1c1830e4de03a,350
raw,478,raw/0478.rds,20,95de06d596b41c42331789c1abbc56223c4d4198a2d8b370f1ca1dfa3e919552,274
raw,479,raw/0479.rds,12,4170d90e08098cc5d1557e690cd8a473b5766cd58f1a64eae42e0a442b7694e1,259
raw,480,raw/0480.rds,443,d269de8505fd14240da03f170f8e9776c27fc524df124408038e84056a386eac,631
raw,481,raw/0481.rds,209,95181da36de09db21b2ec3fd371c73c43be43fb67afb17449ed499980cd2ee65,503
raw,482,raw/0482.rds,0,adadc686412c8a32c45fc2489b7ee54f6faaaf976b3b04409ca638c0bcd353b3,193
raw,483,raw/0483.rds,133,dd6053dd495bf3a4a464f276c91cf054594e8d8d4ebc59d59e06a1745fbf5b81,469
raw,484,raw/0484.rds,3647,e3d248ce009b9a9dbec3d9857e04ed32d9887ee2cb54469a05e1489e86dba8c6,3289
raw,485,raw/0485.rds,8,1590bf95460a588b28bf81321b5ce723d371402643c696b331a05b5a950600c5,256
raw,486,raw/0486.rds,7,bae3bc0a6823ae656ec46a209f37e9369b37293ec1b5177a48eaf1d462ac213c,244
raw,487,raw/0487.rds,16,cbd7ed354edee2bd900c8fbeb11aa3672dc5afca412d6129445e9f4bd087af35,270
raw,488,raw/0488.rds,171,ea632b57f6c150b4f913d33c5f43799a508f3fcf5fa445239ce6b30fc41e3f57,520
raw,489,raw/0489.rds,83,2cde6cf7223b5f03903722da26771054baed818b32962538037c08411be3524b,371
raw,490,raw/0490.rds,200,2fef7992a9869e4d39081dff3c5382c4dc934834eaa0107ea2306679aa666b02,520
raw,491,raw/0491.rds,88,9203089b04169adb1f92349b33bf582a0897a13ea0fbe5a0aa8a2a239ed3a15a,356
raw,492,raw/0492.rds,23,63af8b972de9e4116b85bb9459c8006dccb4b65d67b2006ad7668940508afee0,276
raw,493,raw/0493.rds,24,0b576a7c19e873affd7836bae6cf1598cbad5b9bd4bf2af0ac108b231c1bc6e7,298
raw,494,raw/0494.rds,5,a9ac33d11af65312f2724780bc5a170d0bf1820f62c223e1d32e719eb79bbc35,230
raw,495,raw/0495.rds,10873,cd17fc71ae0d9f2152e611493f42d53b627698c172f0afa6604fa421a23d0834,10683
raw,496,raw/0496.rds,81,de1f27b734508030a345735cc4dca1357733f008868d1d2662a6ef4ea0769119,389
raw,497,raw/0497.rds,25,3ed6953311f58b63acbe4f5c89e24a9533225898fab18e4e3affd7cff7d9c5be,290
raw,498,raw/0498.rds,15,054ddb51c565991fc25648777790d58eeffb8176dae8e2c02ef54730158c1ac0,256
raw,499,raw/0499.rds,8268,31ffea97f1159234455e49d380009d4869b6991b1b3b9d3f682f42f791d944fb,7819
raw,500,raw/0500.rds,20923,19a9c035644fcd30324773cf502d51493c01473c1f1ef9c8d02caf850cd88015,16639
raw,501,raw/0501.rds,14,cb93ea24aa6edc49b0b9bcb39974388a5f30548c9e1d9c1d87901853f913af19,251
raw,502,raw/0502.rds,12,89f3ca93a8da4459227dce04d02768f6659961d7ad0edcfebb8609eaf278834e,257
raw,503,raw/0503.rds,2,7a799aef9cc5edd685dfcfb91a602aba15f1823e9e14e2b5c493786e2842d839,215
raw,504,raw/0504.rds,27,f145b711a879d2cdc88cce94d1d74ae7e5fe705f34e91699a67db27fee529639,284
raw,505,raw/0505.rds,197,270eb3ee4d9543e03eed452388bb78fd1cdff2be13283f93ad1ab08de1b7cd7d,462
raw,506,raw/0506.rds,475,ae9732236f6706ef39cb34ae330ad6ec301f74e4c34f04ee21e9c2163e5d48d0,824
raw,507,raw/0507.rds,12,fc958f0d5cfa8c049983589ce10b099b15019a5e36d7e7cf1cf87d4495b8e407,247
raw,508,raw/0508.rds,77,50540c2bbdb093f454f330b50f2c6a01b8a46eaef5716c78826c862cda6232ac,381
raw,509,raw/0509.rds,11274,ecf82512c0694c17f9b89f45d6fcf561e4d6fcb812f1f57ff7ac8f012ef363da,8143
raw,510,raw/0510.rds,1,7f53b1be2d865012e0f8df58ef13cfc76fe4a85fe2dfe1d7bbc78c4c4f254534,210
raw,511,raw/0511.rds,28,6e4dc5a5dc8c86a4ca1a2913c999aa48015d5bde86f645685905e4fe9e77d686,298
raw,512,raw/0512.rds,317,7502c698e90b6828323600df04fccac4bb61c5cfff683917d975b9782cc98d56,551
raw,513,raw/0513.rds,100,ac7a8d1d37413543bcb9edbba7b9d7e29932bbcca2e5ec3d33bb6189a6b007bb,333
raw,514,raw/0514.rds,8,569c625818dce662681d80cf6c231bb8c972f6b8326db3d6da22d88a84ea91e0,241
raw,515,raw/0515.rds,240,f86cde2f3d6804a83c67b595181e171da2c4048c81bfef0f165fa0aa6134d56e,576
raw,516,raw/0516.rds,633,856b6f85e26358835f80af6a18509c908bfd4bf67fa1bb366d300cc49a063cd9,749
raw,517,raw/0517.rds,296,f061142f93d63015ca62a3f9316a10ab8b44f506a7fe13218271c3965a48046f,661
raw,518,raw/0518.rds,3,770424c7895d55c7c72cf7b88455c4b17ae5f286e8bd219a19462167dc5252d2,222
raw,519,raw/0519.rds,173,df6cac6b8d9aa009105373c395fc4f3647e0cc061a0f7e36146639bf51a29d18,446
raw,520,raw/0520.rds,43,18bf6a63aefbdde120fd5296e6c9951c472250e9f65fe50ecd8dacfd1d0e1c26,308
raw,521,raw/0521.rds,13126,4ad8269b694df3cb209a3813692583344d3ea0105391aa0c0c4a4c558b6e5aad,11811
raw,522,raw/0522.rds,49,66af41581964586000cf005cecccf9c1ba2a17e2e1f855212f7fefb9b578bcba,333
raw,523,raw/0523.rds,31,0f412beb66143535a2ce248809fa77ba5ad34b4c88c0e2cea5ed5945aa0fd607,302
raw,524,raw/0524.rds,5,c0465f2b6c2a42a5d4d162cb0adaf6342f3929081f2d5c86e979d7d475b48a78,228
raw,525,raw/0525.rds,12,d012b7dabd3296884d9a53d1870b08530717a1cea64bff1a4ef3b28d39b9c0f2,258
raw,526,raw/0526.rds,58,ba0d880eb4cb609c3aa1c640922bb73b4d5c03228ed87a070fe165b41975a2ef,346
raw,527,raw/0527.rds,93,02d910b2d765cd3a5bac9bd4566f93ca13cd55eb17d2a9626b1ed8a3d4a2bbde,372
raw,528,raw/0528.rds,4,8bb8905fd47b85e32623260dcc862ba838f7a6ebb328473a95c9e5e20247d016,226
raw,529,raw/0529.rds,6,d318c2c6e59336ee21cb9b30e03ba98ca5717c171d629e63e3e7f5f4c8250156,234
raw,530,raw/0530.rds,16,6c2b86920bd22cf962c51e2fc3b7372311ad9c6d3dfd2f824c0497013d479e46,262
raw,531,raw/0531.rds,3463,0ace30270aa868a87c8e2e17f14d78e14b09a9144b6bd4313c67bc2076d285a2,4760
raw,532,raw/0532.rds,4,e6cd6a47fd0a87c5479b006fcbe3a73d78edac9099f2548dc6da6dd4fbfb2795,226
raw,533,raw/0533.rds,296,ab311353c14ee8d1dfc96c5989ece610c4703ede3b00d801d8dc4f6c961f877a,705
raw,534,raw/0534.rds,1,0507e69279df858a9c47829c4a555392c98dd41510e5575e564216d7a2cf9646,210
raw,535,raw/0535.rds,118,b83eb725f42dee69c3043e84d8e97cd33e86f49e12f96e5bd29e472123f8d886,375
raw,536,raw/0536.rds,507,b27aca3e910ace2d630c9b05fb8762ab6c10fb36b64071329717879236491d12,740
raw,537,raw/0537.rds,37105,0ca94d12bbf3b84265d905ca74d5963f09e6a754b1d99b5f3dfb5d0ebb835b01,24982
raw,538,raw/0538.rds,447,1bcadd0bebb31eab655b5099358540207e9465d0cca95f3f66da7a150c35b6f7,826
raw,539,raw/0539.rds,177963,246664faccc8775f237dbeaec0bd8938a89a0c5ee41bfa5e17c7658fdeebb082,69461
raw,540,raw/0540.rds,347,e935b96f952197db27ec3d9f36df1dcde27e82e9ec906c20d64adbba34bc4649,623
raw,541,raw/0541.rds,1,fc7dd0bcf8ed2e8c69acf0b440cf146031a3e54155568fc20cbcfccefb3a04ea,208
raw,542,raw/0542.rds,8,bc30413efe9fa3899a1f983818b677e9ce61f4b68ffbd368ce455c4e26c18c0d,233
raw,543,raw/0543.rds,44,8e7d8452a8c64b426d92f6efb0ee23bcb15ebd87ff28079e0d1479a8d77b70e4,337
raw,544,raw/0544.rds,2,8cf9c7d34f357c926a53158cceb78105544a23a111448178a3fbdb1729e0b622,217
raw,545,raw/0545.rds,1,eebdc306ced62f7ff8afd5277e05c4dd0729700ef82503fca10d1a2aac36b181,209
raw,546,raw/0546.rds,182,bc47094f9094a5f70199d8990f744ca6cb52daf8b8a0e2f4bd90b5f4e3d3de46,489
raw,547,raw/0547.rds,94,6d0324e8f97b692800caf8f7eebd9219af506cd6005879f4d2c2f875b99ebfbd,332
raw,548,raw/0548.rds,66,03c3d5d01795c04d984ff02f264ea2479c0bdbefe7302229f3fd46c0d312400b,351
raw,549,raw/0549.rds,590,6bc498735fd9736810df5d90df950185f0e21ee53a8ed9bf7d6910956b172071,908
raw,550,raw/0550.rds,4,64011ef41194ae104de517867ef78976bd71c4ae6315e9fae94d90645d6522d1,226
raw,551,raw/0551.rds,134,9cf835f2297eb7cc513d586eba75a271c1da4a50b1895d88b0898e02d779d579,482
raw,552,raw/0552.rds,23,b9c3c1117bd838ca52e405525c67ff10e51ea673f6f0319c9f114b132aa2af81,277
raw,553,raw/0553.rds,135,06d23302035de64d66c0eebe5ab30549c679a41618b38707750757130bc595b3,416
raw,554,raw/0554.rds,41,df9ab00efad80a06795b75c73605989183a7af0ed8bf55d0e75c56902459f959,326
raw,555,raw/0555.rds,3,b30afebef4dacfbe1651c068509184c44d435bdf1ecca227b1ed679d21ad0f37,220
raw,556,raw/0556.rds,0,adadc686412c8a32c45fc2489b7ee54f6faaaf976b3b04409ca638c0bcd353b3,193
raw,557,raw/0557.rds,1,c9a3b9f167ee0cdfec1a5a75089a7904e49ab8141532c7328275f4cbc6c50e1f,210
raw,558,raw/0558.rds,2,c99f16d9d7cf9466d70069df63dd76567bf05dc1e3428166c99902849d4766e4,215
raw,559,raw/0559.rds,1355,f2f0e4f671a68b8b3de813c9cbbd134c2af1e264fa34989ec6d94a83b2a39ecc,1522
raw,560,raw/0560.rds,561,7d7b116af9e62037bf4d534ee43c592ad9fc3336d6dc5a4a478c5f76f70777a8,791
raw,561,raw/0561.rds,8,fce94ce5447c5f48322befa34d92df573dd1080625f5b4341a394ccffaa93fa5,249
raw,562,raw/0562.rds,4,8cefbda5be649a6fdf688626035de80fb1c079e905a34ae69ef83fb3f63190c4,223
raw,563,raw/0563.rds,25,ed606b573821369a1a0df898b4b13aeab3d201e793f39e2dcda6b4a23c907d7a,272
raw,564,raw/0564.rds,25,f5ad19b299c9734a484d0ac371c3a7157d25d69a4ba0a7266dc45b3e962b0496,270
raw,565,raw/0565.rds,3,d9332f92b4f7fb083cc22fea581e4b4084c7da1dfb24d12aa8976a9d2ad118b9,218
raw,566,raw/0566.rds,207,9696a308c01ab7dd9700370bce1ae474e2ece22984d44219a877394fa509a77f,560
raw,567,raw/0567.rds,1,277955dd330539bbf09b7aef140bf6e2682bc770fa1c9a9de022ff180b4022b6,210
raw,568,raw/0568.rds,1,bd39482ab43ea81292c658621c01674b5e8e25e1f55c1a217ccd9a0bd7cf3c96,208
raw,569,raw/0569.rds,214,587156ab6e6265ebc09d141fae0aeecaa236041155a15614207267daa696e6ae,454
raw,570,raw/0570.rds,58,83833e7c57f56a5e7d267f4da41bbe30bbd62a79c34dd3eb7234135559ab9127,343
raw,571,raw/0571.rds,39,005809489f15a6b7b3a24e2d9498f9a6b4e207e6bc1fb77464ab5fda76380d8a,319
raw,572,raw/0572.rds,244,398924a204ab39e7bc9e39cfb4085829c47443fe6a50ea6caff3f4d586a04e72,539
raw,573,raw/0573.rds,3,6f1ce41c91ba0bf70a7852ad4c697810505c3325336a365f1450bfffabae2a6a,218
raw,574,raw/0574.rds,2,6a0bbb9ce30402a231b4da3c8f2fc15c3e5146bb5f96a7569d1b3384fcf3fdf4,217
raw,575,raw/0575.rds,52,1d7997fe6a78b637cef214029dca4e93c678bb74788c9287550510edb6f14a16,348
raw,576,raw/0576.rds,2,33e430f71782d82c5783fd9f5f138eb162e89fac881575c407861a6fe5bff783,218
raw,577,raw/0577.rds,144,073d6297d8484a81972f4a282e99a603484797331b800e21ca9c94df19480c9b,471
raw,578,raw/0578.rds,117,1311f9bfbf266a2aa163944ee22619ec82414d3d3eefc264cf0148a72bbf02d2,426
raw,579,raw/0579.rds,1,aff01466393053d30f5777d8ae2d8e5111470eb2745072aaf4beb96b269a4bb6,209
raw,580,raw/0580.rds,65,a0610468e0ac49ed02c088ac6c6a63518eeed1b488cf115e0ce7ecc8ff488fba,374
raw,581,raw/0581.rds,180,46820a54d1ada8d2924e23cd0de4a9f5d722f7dd1b956ef76e65167fb7223e71,544
raw,582,raw/0582.rds,27,e8a38570dc4d50c09c09da4a9c6d9c9476cd9972423b5ab71ae52ff18778f76d,289
raw,583,raw/0583.rds,13,587a72257669e99e1a089643b24b53c87d81f4f2f13aa99c444b32c5b5d2e1c9,250
raw,584,raw/0584.rds,56190,500a550e7ea6076a45d147554650485cbfc3388fba159eb7612d67602ec66451,37550
raw,585,raw/0585.rds,5,1c7b6e641b5871104901bf73421685df1e2784918373a936d70898d85a4a50ab,235
raw,586,raw/0586.rds,140,6d9d7e29ca1cc473378ea444981c4debe2ea88466420f5ee6bb2e5c74867e092,454
raw,587,raw/0587.rds,7,f5a917cf99559d51ba680ebb13d117f3f9708e7f679f07ef13ccd1ad4ad9629b,233
raw,588,raw/0588.rds,1554,928e443e4dff10ddc54393886955db66a6b94da43f0de2e7dd41a6e3bb93389b,1548
raw,589,raw/0589.rds,8,9acc3d735a04184e4572f8e8620fb3f76a256076bc7553dd22958a22d410b7e6,240
raw,590,raw/0590.rds,2,7c4a50adc11f88ff958ffea4e25e189eedb1f01b04cca381908c042e2132c374,214
raw,591,raw/0591.rds,5,d002eaacc80ed620561d3c2c496ca49594e4f995c5ef065d3949dde239a968d7,223
raw,592,raw/0592.rds,647,c181e30cf646ae9ec5d36fe2c9b31b4553785a3ad34913d26948e1fb53fd1b43,874
raw,593,raw/0593.rds,2,15f7199e0115ad86aa812a1843ff11203e9ef13ecf54ab41f399d927a8f49ff2,213
raw,594,raw/0594.rds,9,0da5df8cfee5a49d64fd7b84d7f3d0632e682c3acf2e111ab1efe919078c7a24,233
raw,595,raw/0595.rds,7,82e7596886185045632325ef65ebe407bb56a96602debe4833b4c4c03eba3bac,246
raw,596,raw/0596.rds,26455,02073d4adf9cb1e2b04e422fed29d9153397dfac0b1f81d34db5bf03b2f4d8f1,19590
raw,597,raw/0597.rds,124,284a8b71d19c8291f12ab0a3068f61d4a878ea8110827f7f3cabfa5d94bf022a,387
raw,598,raw/0598.rds,2,ec5dfd4e8789a105f481703227922454f44b4c463135e096ad7457e6852a1b94,219
raw,599,raw/0599.rds,12,df5612e5fab9e10ab9cedce8ab9c9e3b4bc1c17f99339d5203834207ac196d19,243
raw,600,raw/0600.rds,74,80731adc24641d76a57516397090161a1aca5b3ce76a5aaf540b945951245175,379
raw,601,raw/0601.rds,286,a686603082638f74230566bdc2051a972ababe374c5254b296e9c7d1598d39bf,611
raw,602,raw/0602.rds,12,21032f4955a38126323bc57ba705811253ca350a0182feabd02c7de98e5212c8,250
raw,603,raw/0603.rds,95,fdd39b8a1085403277191855141483dceceb5b1707d333fb1ad138a703d9e711,436
raw,604,raw/0604.rds,42,55dad9422555a33d8e6354ced90e8191703b5ad263189bbe2bc683216baf1b54,321
raw,605,raw/0605.rds,22,798a7e79efb4863dc2c80953ce8ab080dff1bf623c9790b90f1574ecb4be1d53,265
raw,606,raw/0606.rds,182,09351eb496ca06c981b7a1561845b48ae8b7bd60935b4777b378f023941f282c,487
raw,607,raw/0607.rds,155,2c0acf38f4af66eead17e49277d8c2cb746f7483334d32b1572d3f40807ed0cc,494
raw,608,raw/0608.rds,37,75ed6a42ac1e5e00363be82969358535e9093cda16916662de2953b3c6fea6e1,301
raw,609,raw/0609.rds,36,6fe9004d7b610a2f0e5e80cd7d350f591e0ad2e3a87c4edec56d704d9331d76a,319
raw,610,raw/0610.rds,12,360192be2e596bdd88c1e103c229c078a1bcc4532b39558aa90c80851eeb0631,257
raw,611,raw/0611.rds,45,b55479c6be3dd9cce6ff5ae45d416b2834ec419afcfdc7fe26cba2b82822dfcb,307
raw,612,raw/0612.rds,6,6f3d91db855948c77c3108726fe36c4718bbd612a1aef9d2f0597b4a1a58a64f,232
raw,613,raw/0613.rds,3,edc0f7eb290f825c507ace44c5f25efd36d282f017f4b68c47086efe8504ff29,218
raw,614,raw/0614.rds,212,e61a851f6f940cadda783cccdf522fb8c417907b22c0f21bac3c15a55c953c17,515
raw,615,raw/0615.rds,79,4c2a8412e86fc19838cbcb3e8c3a4115074d8b4ff9fa94580f254b439c0585de,395
raw,616,raw/0616.rds,2,44b1e217bf337fe4c685c1c79b175bc2cf0221bab0c58eb66b6bb549d04f4293,212
raw,617,raw/0617.rds,3,5b1decf9587bcb771e3a3a71bfa20b3d454b344f827206a871211068b7e1e2fd,218
raw,618,raw/0618.rds,25006,1c59d88c7ff836dca5012e6b4b4fe149d5a3ab9e51c488134ceb628f298fd35e,25502
raw,619,raw/0619.rds,8525,d92e41bb1ba2a4cafbba6a721a146ae9ddfd7c6413b91cd8f3e56b9d690806e5,8994
raw,620,raw/0620.rds,56,56d4fc0ad05bafe9f8c9e7695efaf417b264229497ea201440e6f439f575c250,327
raw,621,raw/0621.rds,134,5cd17896a5b7ae4bfaaf7a2b6f6a96d062e805e7c654677dfeb8bd989824ceef,452
raw,622,raw/0622.rds,7,0af2d4f7924952f9b4c18e9a819199884b765f00523ebe6de8733f6a2e23487b,232
raw,623,raw/0623.rds,12,b52fadfb85daabf994e896e4c202a5299d1f53d5ef0c095a58f80565e956c6c1,246
raw,624,raw/0624.rds,1338,9d6b0051b75daba4e2e86b4c54289e958352a0b70b4593f5822ead06014cee81,1405
raw,625,raw/0625.rds,408,b685ada76f7b607301543af1c0439d07c9f3ca976cfd122c0910cc0798fb2f1e,761
raw,626,raw/0626.rds,1,1a33ea31490886c4b1db7991d79c8ff19f1038fe876950025acf9d4fb558ac18,209
raw,627,raw/0627.rds,10013,673439a9697a8dffa300eaf8929acddd9737e0f9e06882aabda9931cce3ae8a1,5546
raw,628,raw/0628.rds,5,ed4282fc219caa5b7d4baed34c893b4eaa52cadbbf8d5b94753a10c94529ab29,230
raw,629,raw/0629.rds,4,fae3a3b509c47b20ef8f7dfa4962ba9955ab99f2623f3ee88a844cfca888772b,229
raw,630,raw/0630.rds,34784,28a3424a6e5c9d375e88244c19d2f32bcbc1d2ba29be664f7687c79e5477fec6,21904
raw,631,raw/0631.rds,64,165b42c5df7b6527c5588455b08ff6b3759271edf8a4a4360ce97aaf276c36f8,336
raw,632,raw/0632.rds,14034,63ebb7903218c3ff29bd1c8f1c19c71d1b92ecced68579eddb2bb1de4c7e2c95,13634
raw,633,raw/0633.rds,35,64e32f1a4e7c95a270c6d0cf1409c179cfae28585a2a17edd7d000110d48fa15,293
raw,634,raw/0634.rds,24209,3cfed8a1d5c97dcf3cbef0a30f89891218d8753b1e2a80aa3eefa5b52a497610,17183
raw,635,raw/0635.rds,54,a4358fa4f690ac0674af8747a39d8abce9967be6dae4efeead0a40a4d70727b0,323
raw,636,raw/0636.rds,180,b6a6a260cc1e0db28f732d618fe1a8508497ec55a6ff3d267cebc81a1f2699f6,497
raw,637,raw/0637.rds,11655,ce051c73d0fbc0619dfd47c00e38b588b0f069c784bca409d2e87a0b573acc85,11771
raw,638,raw/0638.rds,321,269b7e6e440cc8443c4dc20131a5b0fad30b2ec13f4936283fc41d6cd08a79f1,1104
raw,639,raw/0639.rds,4,f1d3c5329070fa01d29d0787ab2b2c3ba814218c9eb89fa43348e9aa0bd067d0,231
raw,640,raw/0640.rds,261,cdf0d2906801b20bb53140cc7aa0bfd485281548ae4908484942e7c4fa34e185,685
raw,641,raw/0641.rds,30,fe471cf3a6d18dc0f3ae6d7780fd1be7b6ce3ce3b105aa899cc2d94825461843,285
raw,642,raw/0642.rds,68,68a52a52c2ab92ad108cceaaec753e301fac04464c1c6a7ba40b48eb56b83eec,443
raw,643,raw/0643.rds,198,bf9bd6fd771c117e33df65911a5e26b70ab1fddd4a3dc01bf1fe4de2f962789e,553
raw,644,raw/0644.rds,2,2f5addf7f9ad0eebc572a1fecbe1cf49967176ea209c472e0c043bf66aa8ee39,218
raw,645,raw/0645.rds,3927,31595d77b1a05ff1b5b8f41b89fe8ae2844e2065a823ce324662a2e8b16823db,2199
raw,646,raw/0646.rds,4532,2446a4d7b0f871e792d54c11e622e5285e83ba10232beec237397f1beb1bf5c3,3867
raw,647,raw/0647.rds,541,0cb8c165711fafd0f720d101709ed42a969a5d7650b80a8f028cfc6996bfa48b,953
raw,648,raw/0648.rds,658,23ebfa475e91cd50563ead4b6ce3bc7186d139e44eda26b4223a850363b51a42,1180
raw,649,raw/0649.rds,1,cec7cb2c41627a943bc9f8c2bf51615144c64cffd2676eee1aaa8dc00cd1f974,210
raw,650,raw/0650.rds,2,628a1e18c89f506e1e9697b0e669e74e5baaa9ab41f238d69e30e20ec790e7c6,214
raw,651,raw/0651.rds,2,bd4b87f6c45e749c47975ba11a9fb9f5bcba3c2a11536efa3527df2f566505ba,220
raw,652,raw/0652.rds,28,349fda1cbac672cf33166aa47640c308a140794e0625b8d6cb95d012fb928ddd,290
raw,653,raw/0653.rds,0,adadc686412c8a32c45fc2489b7ee54f6faaaf976b3b04409ca638c0bcd353b3,193
raw,654,raw/0654.rds,58447,12d784e9e3dbe2b674f3d2e10c06841dbdc8e8225e1a613f28cada0de2f969ed,37513
raw,655,raw/0655.rds,14321,aa4b0635886eee51dddd64cd93ef2c8df625b51274966a142f964bc72328f9ad,11320
raw,656,raw/0656.rds,3,e7e65f2c44d82ec9eddae70ca8e670f092a8029dea5588f45558a952c9b688bc,223
raw,657,raw/0657.rds,86,daade0c16850cfaf35e6e428419acfa029650bce0663bf6f5e2f207f8c6649a7,380
raw,658,raw/0658.rds,9,80b9ab7942ffc472df7523b999242b2c536dac983263ad72c3d431f3f6186351,234
raw,659,raw/0659.rds,11,c132d8097a74d87cdc639492825c7cc23f4d6bae529f421e1a657613abe1dd8a,276
raw,660,raw/0660.rds,1576,b7a2655a6521a3b4d983d6df7b65bea5e3286394b009cff7e64d26732e90b8a3,1342
raw,661,raw/0661.rds,70,79f891a8b506c70c67956444edc766a6ce83c600df422e68271fd5f5446fda7b,317
raw,662,raw/0662.rds,794,18e2864d2daad94e119fb2304547b7275a1a355774a11f0d102662564943ab2e,1055
raw,663,raw/0663.rds,1,8061f9a364d3daeb23eef1167ec741597b2ba7ca06f0ba5d7394203ecbbbb8bf,209
raw,664,raw/0664.rds,1,3842ff91987b12f9435d93b2f2963ec5eb7c8e000cb32a779d5bf0c4c4dc36b1,209
raw,665,raw/0665.rds,125,fe42a14cf10e330fddf67257c263353537954355669af85577a934b143b0926e,433
raw,666,raw/0666.rds,859,8f60794329f8883b2800c8d9858461ebac5f490873d5a1e40a16dca1c341f2c6,1203
raw,667,raw/0667.rds,7,1c94d52eac62677d59dfaa127d0155894ff7317ab08966b438842fb3fccf4d9c,235
raw,668,raw/0668.rds,1,7256099e3f2e995b7001b65807be4b3eb1636f0bf6ce9df83c5ab80a9b59942f,210
raw,669,raw/0669.rds,325,bbdac17f3a7fe69305738b57b7c3ab9f48f386e8f930203045c754c500b60b98,527
raw,670,raw/0670.rds,72,51735f20c852157036a9a7199d40b6a4cfce0c73e2af2c7bc19dea18b3a9f1ea,354
raw,671,raw/0671.rds,4756,3d5a4ac1ba9e3102f7c0abbdab445469d7c4d65809712e62f444d973cc9bbcae,4588
raw,672,raw/0672.rds,12289,292bde0c15e261ae8e15540851eef7147008146aabed8a1807a80b3072f4e0af,19457
raw,673,raw/0673.rds,12,63d194563424a2921b80cee55794cdb0ae6628cb7c27fad0fa8da5c8c921d02a,250
raw,674,raw/0674.rds,6,2c4136ac6f2689c42be7e31d3ca35581f2fd74b0d44373c62cea5d234cd729cc,239
raw,675,raw/0675.rds,122,5ecb581df777094e29ede891eb915cd918f68174602bbe62b2d154fee72f411e,384
raw,676,raw/0676.rds,38,219551af8929a934e928e60e7ee2b69b30a8c13e59b96129ddbbc76696eeb312,309
raw,677,raw/0677.rds,52,3439ab6f21f788f87378f7380a1a8bf3492ec7332a5e09383cc72277c0b79c91,322
raw,678,raw/0678.rds,117,90a9720ef0d078e35f0f367aa3cbc6630a9f7bafa5c2d03f1d13f5a4750a1729,395
raw,679,raw/0679.rds,8,065a422be6c01fa3bb1d6fa69de9f9c4528ed9f87da8b29c6c2ed686709ab082,247
raw,680,raw/0680.rds,171,eb01013bc5d8c5a412a795f0eb89ec192fda0359276b54dbb76c53ed8fc5f6f8,461
raw,681,raw/0681.rds,3378,ebbe5441bb2c40b015bd2c81b2d59f83fd70b3919e773d0e656b5c6b6705077b,3651
raw,682,raw/0682.rds,4,423bf3667e693757e912beac62fb283cc982a3f01718898fafa289bee18fd046,228
raw,683,raw/0683.rds,97,367151e18e83b2753af72c11a739fdb08e51d9768219f4a50077c3281b2cb95a,386
raw,684,raw/0684.rds,104,bc1bc5648a0c955d55f63904bbe1f5b043b70dd94fd4a3b310bf91f3af34aa81,414
raw,685,raw/0685.rds,7,9e91c71bfadb6fc120e47c5ef6a00e27ca75fba9c053f506dfc7c5945350d53e,231
raw,686,raw/0686.rds,1043,b1c8889613a18a0df76e3df0d47c4886bd97239bae9e539e79dd742d3a1aa061,1369
raw,687,raw/0687.rds,4,4d85817eb7e6fdbde78016bcaf5a808245a3533ade32311d33cc695ec92e3c0c,221
raw,688,raw/0688.rds,7,83db8503e63c2b243cea35d290b566fce0c162f329fcb0cd2b932ba109f1f5eb,245
raw,689,raw/0689.rds,89992,00ff127b1a53dfcc8190e74475a1ac9cb77cb55c97d82feee3078ef504ca4ce9,52081
raw,690,raw/0690.rds,1,f6b14b28009646181d83ad7332a7a23488776e1187c6ac1e5cb1ad74b12fd5a4,209
raw,691,raw/0691.rds,1,896d51ffda59405d360b53c92627fbe4a2dcc50e1c18a3fc75e7a179b5ef4356,210
raw,692,raw/0692.rds,1,9707662cc38c57cdd7a1e6fbcdd8c8863d1994be6f474763171c1e4ebf7f94e9,210
raw,693,raw/0693.rds,61,560e62d2167a28fe38c76d5af3c43a07f0905e890e94fafd4099997b1e75357b,326
raw,694,raw/0694.rds,23,b9d5683df2263c17f0dd20ee92f2a9a10fb93e1dffdc31f0dfd0d42bb3e408b0,284
raw,695,raw/0695.rds,602,ffda1947bd2bf2935474a706e9f5a55128578486273aac2d94323164f3bb2564,756
raw,696,raw/0696.rds,241,e01b71a6fb186e345c3f608bcfe9ff0e5f034a640803f1bdcf16a57cf0ac6da4,526
raw,697,raw/0697.rds,15,c1d5e9ea6d071faf50c463c3cf40f0edb5a13944d2ba66cfe205ccdc8e7e836d,264
raw,698,raw/0698.rds,9875,f86bfe6835b8900195c91b8631435d52cfb3f3605bf8a82248a7c872e8a2b27f,5341
raw,699,raw/0699.rds,15,60b1a9644afe22b05bc6d0572b6fc725a0e2b9416075892385ccf2b742de2c90,275
raw,700,raw/0700.rds,63,d1bf1da0846edd814254e324ecd6186c6f614da9bcd01e9ca7b95837e9339b0d,341
raw,701,raw/0701.rds,21,9a4d8ed7acfd0333add9c71e708e2ad7bf82959a8c358e8946d9a92b8808bd00,253
raw,702,raw/0702.rds,1,dbbb2fbb90d2ab546f5c5caedfe71d5dc01cd1b4ce9eab8cb6b22e01af892dca,209
raw,703,raw/0703.rds,2,f9164d75e33631a650409751d0516045ad1daeb2c502f7af03be820537f19170,215
raw,704,raw/0704.rds,95128,cc4d73250854c7ac706d057b1669120286fe7513c4a662d4e9acbe13b25630dc,58299
raw,705,raw/0705.rds,8,bf8d36b71028dc186c735e23e75ad1d0c3a3a2c777d81c2148cea2b3fc588edc,247
raw,706,raw/0706.rds,183,d8714b64d5e0d064b3a71c34b5db3a26cc10f70d9548111c6b6b3cb13385aab7,480
raw,707,raw/0707.rds,3,8d38cee019452655a6286162a56e4a3002d34beafd353b0b2f3fb73a298d9d15,220
raw,708,raw/0708.rds,3,a791680528e0472238b3b76ea74ee53c42856b5e5018f7135afbbd94d78df38c,214
raw,709,raw/0709.rds,8,7fe05ac19fbe7cdc269f53adb02eefce2940726f2af93b815c0cee90dde3f35d,234
raw,710,raw/0710.rds,139,3039c85842b0d03d3e9e3e386360dc1c2d5c7a8092ad3868fc69266d4253d59a,416
raw,711,raw/0711.rds,1,3842ff91987b12f9435d93b2f2963ec5eb7c8e000cb32a779d5bf0c4c4dc36b1,209
raw,712,raw/0712.rds,377,ef167dd2f7efe2ca84bdf50aa5631160da5d28b2c6349200a5f7dafdeb518962,649
raw,713,raw/0713.rds,19,109d9d1a76158e07e3128fd51730cfe1dc67a690f69e611c6989fff0126f402c,261
raw,714,raw/0714.rds,3,6c740aa5904bfd77a451ecd090d5881f6ffaf9bd133b313eda1ca7c8367b8aba,223
raw,715,raw/0715.rds,201,0926ab9c2bab379460948d24df5a88a8b3661a81d2efd8f6724e8002715cfc2a,508
raw,716,raw/0716.rds,113,adfc64f16723e02e06b1da75f503c32ddddefb2c5f3faac91611a0f82103339f,426
raw,717,raw/0717.rds,19,26d78db571942f2cd57342979b3676efc67652d61be7d02bfac0cbe940d15609,260
raw,718,raw/0718.rds,444,218d4900a5c7b7e6380174ad9d3399d47a7a2b198107cfa6d3a25b68621bdd7d,869
raw,719,raw/0719.rds,211,249feafa42b977982059d218b4bf77cc0cab0b25abf104644b7d78b842557cb9,418
raw,720,raw/0720.rds,312,e938c27b19ec6092408461b54430dee230507898c769a8f913ee681c18b8d620,658
raw,721,raw/0721.rds,115,c498a812046552b25f5aefdea8f1b0ecaf518da28f40da39ab58b2d544fe9c39,505
raw,722,raw/0722.rds,1,91431a4ecfe6a2102e7552ca9c6c1d73db854da14bbdca4beb40991d59e5f54b,209
raw,723,raw/0723.rds,2255,6e92f427f18ca25275b411fd266465c52a0b2d43e5cc84ffba6e5481d7687c49,2605
raw,724,raw/0724.rds,1,9c472fae20e3b7bfc72dbe33206613f7c81aeddc2918bdfd9b3b47f8386e8bc5,208
raw,725,raw/0725.rds,16,02e634a215e153fb99abc24253eda62af29f925168542ba4951fb6ac93bdf013,244
raw,726,raw/0726.rds,166262,1d9884e0fba96225c47d6498f39a09ffcebbfecaee408fcd7b0cfaf2a18b99b1,89459
raw,727,raw/0727.rds,18216,573cdc488901f35c847fa37e3a9398fe2ce3384c6ed7d8df390c27b735d2d3ba,11672
raw,728,raw/0728.rds,6,4bd28ddb9e0a946ce25e078b794d81faaf1f8d29f600d044c962d864e7f9915a,227
raw,729,raw/0729.rds,413,7f7bc8c7d29e2e14e66a9d0a8afe448978e5fdf39b547d52cd8bd5caf79a6edc,637
raw,730,raw/0730.rds,2,7a18b87d5ce996916fd2e0e62773475629a6a0faddfa40802be965536d5c426c,215
raw,731,raw/0731.rds,20,898cf89e54c86b342908391daa4a399ffa876df309d5bb65c66929d694ac96af,271
raw,732,raw/0732.rds,195,9b54f226849f2853cc2d68d98ffb38e20096ec03291aa7629b342b5797c8e715,584
raw,733,raw/0733.rds,1,1bbbc8296c96468fe13c0e9e35503e3e2bc337e7b02bc8076c664899e90a45cf,210
raw,734,raw/0734.rds,243,0ce9e4497464f52bb051321b0ace11057cc08f0cfbce87df12dca13872e52420,559
raw,735,raw/0735.rds,4,bf80db8481d5d0e07505403c9d1aa51ef4290d2d32d8977d43450f0cf53cef72,222
raw,736,raw/0736.rds,3,178013ce914ad27605c073e90efdb03b897ff9933f6fcd59c5bf60dfd126d050,221
raw,737,raw/0737.rds,96,b9b8d0f423fb1556e35daac354e266d140d8d9782a9b126694f9754eff7f7685,375
raw,738,raw/0738.rds,29,251115f878ecc644153c0f65f8b156e03d2afab547cb9290359c8aaac9313814,300
raw,739,raw/0739.rds,265,a0be892babf2697f6d3cfd0f0c786b0fff5dccb2725233048a119c16b0655daa,644
raw,740,raw/0740.rds,1,ff131756478a18052a2638d438a0c1fb97c720f88a1407fa7caef6db42b8efbe,209
raw,741,raw/0741.rds,918,c415072696feb7fb7928008ff941be9972f03484d002d59e71433c3c0e9a4e35,1257
raw,742,raw/0742.rds,1,30ef449864e8f708b544e2151d28eb89d97dd79493db39759ccec62383ac303d,209
raw,743,raw/0743.rds,135,0c20427aeb7787309bfc2c73642a5308095fed264563ede89e11e7f05fd838a7,494
raw,744,raw/0744.rds,124,39d9d2b20de89f123523ae642289dfaa4159a264cd205e92c9ca699c8fbec42a,404
raw,745,raw/0745.rds,6,70d28e5d4c21666eb412c8a69ed6f47ae17d2b92840f14fc645382261ca62e3a,241
raw,746,raw/0746.rds,299,6fade175a32faf23401f051b6ee02aac62b99dd095d1689001bc77473a5c07d6,589
raw,747,raw/0747.rds,1,cec7cb2c41627a943bc9f8c2bf51615144c64cffd2676eee1aaa8dc00cd1f974,210
raw,748,raw/0748.rds,35,06e59323ec1478308f98a0afe9b618a82d087b7e782df7884c08ac2b6fae56fb,295
raw,749,raw/0749.rds,47,ff677e6a372e2997ddb34279e717313925eb0a41cd51d54ce23059c14b540fd7,340
raw,750,raw/0750.rds,142,92d5bcf4c78ba510b3c42ab677e4ae1262768816699dd7de4ade43495790b888,457
raw,751,raw/0751.rds,43,ef5128286b155cc791e9522a172b19d14dca6ed964aeeeebe1afe2ae5e136c6a,315
raw,752,raw/0752.rds,53,58b8468afe8fec324cdd02f26736987f2c15973b0ad4219ee70c8437bff20bde,345
raw,753,raw/0753.rds,403,93a69dfcf15ad019a681bfad37d552e96e5d6b9832c2247e94f1569797c10cd1,704
raw,754,raw/0754.rds,118,2a2ebf639ad7f9881c6227638a31b72323a98a997d24568e2dee19a7e53f99a4,421
raw,755,raw/0755.rds,8,f48b66524611cb72ae7afe230527c8358d04f7751b18d6501242f542bbc787da,246
raw,756,raw/0756.rds,297,81e568beb823f8cdc53439641998b845c160a6c9a256a59fbc4daa127d1765d1,668
raw,757,raw/0757.rds,822,200beeb4f02abae993da0ec6b7da6be688220c7a2c54300fa91aaccfa5fea201,973
raw,758,raw/0758.rds,5,f64fabe6b7626ead0340052b4cc8586a4822d54b34dafa9e9beac8020b3035bf,226
raw,759,raw/0759.rds,1,09bfe428604d83afcc8bf9164eab06e20f7253ac8bf48f900fd73d162217a341,208
raw,760,raw/0760.rds,112,ae6afc5204cb8c9d0cb2a5fcda166ffa49ea9a93d77b0b534f0dec9bdf236f0e,481
raw,761,raw/0761.rds,3,6ee024a52028ddbb863cd11505d748b0acc72a5569e6dc018c9dfc401da5d9f0,219
raw,762,raw/0762.rds,1,5597405525f038cdc827a4114d16207bc5b6a77837bf8cef68c7b3050de6dac4,208
raw,763,raw/0763.rds,1,eebdc306ced62f7ff8afd5277e05c4dd0729700ef82503fca10d1a2aac36b181,209
raw,764,raw/0764.rds,88,48ba92a4cc95d82a6d1bda1106ad8864c05cbf57bf6a83e02f584053cc55caf2,337
raw,765,raw/0765.rds,56051,a2b5978b86574a38846dad1d0c218e8cd9879004ebc866d11cc6a1411585dd0f,30645
raw,766,raw/0766.rds,6,d067140a5364801ed979864b6eb24d89f3d683cbcec745144ddbbcac677b21f5,227
raw,767,raw/0767.rds,10,6f3b83544190b534b02185d9028a19220aeb62baa4281278464ef55a1e0c63c6,242
raw,768,raw/0768.rds,46,9d5a7961f64336db182f07d1203bb1e84c1346ff037151c99d7b4f8bdffbac65,307
raw,769,raw/0769.rds,24,d19baf0e28954f07c0a478d4a73fc5384799145800a3d871040e5af78c5d3e1b,267
raw,770,raw/0770.rds,43,bf72b0b391facd638a3c33a6182cf5dc68c56c28324c4372053ac1ce7406faa4,333
raw,771,raw/0771.rds,9,dabdefa8e4ec846d84b667310e75d3c0279bd9363ddb2e8310d68fa8891e8a51,263
raw,772,raw/0772.rds,18143,21275c22259f6fe53beee58e2ad9c2a2bff5e068e0abdd658efb6f320b04a68f,16006
raw,773,raw/0773.rds,28,f4f3cad2af9f49b0c32aa7ff31752a6b4596a42c2a1a316625343d5db8b21c0c,306
raw,774,raw/0774.rds,54,09c8e6b8c3f42690b7a5e7540365828fb948ca0e57e1bc1c07b9968842a87766,351
raw,775,raw/0775.rds,1,414af8d73781c1ee2b8f414534fee9d687ba1867a974d6543c14d733e87838bf,210
raw,776,raw/0776.rds,9913,5df025413757b3517ccf55ced3adf7bdc5b81eb1761959f9c34b49804b6a66df,10452
raw,777,raw/0777.rds,3,aa05b15f429713d8b21918d02afcb814a4009241a95d585a20269f196dd0ebf2,217
raw,778,raw/0778.rds,18545,7c985abeeabc63cf67a3352bc9a9980ac394aa3c12ccfbe3c1f0d3027134687a,12177
raw,779,raw/0779.rds,30,1cfc92bc8e29429997897057cc1e80e9f47f34074efbc6eab026d8b062a77f39,307
raw,780,raw/0780.rds,170,1ea2ba2deba63f8e438008b47476e5aa9aac86ccfa65c1bdf9364971b8be6cf5,481
raw,781,raw/0781.rds,68,66d6363099cc5b629beb56b057aa745325ac822f661ea9051f0bbe9e84922f07,364
raw,782,raw/0782.rds,77,2a65649ff2611d5047c51b25a1cc9383711155f032e72e5e14ffcc04852ddfb3,356
raw,783,raw/0783.rds,2,d97eb5766af08f21045649f3deb23a983c02b9d7cc23ec8c3c88b044b0b4d241,213
raw,784,raw/0784.rds,8632,5b156fd7af586b475e3ad41ade9449c160529d160e7c4ff2ab6aa4a16f58ee64,8052
raw,785,raw/0785.rds,66,3e2a5aa511ed64aae81322498833143b2b90b5f5c69d1bde3211f3407557d1e4,362
raw,786,raw/0786.rds,60,e94afd8d346436d9391f1ee3e8fdc497001c962318f877e70c425036f679596e,406
raw,787,raw/0787.rds,8,8074da60eb82dac77a970b6506b834af0c5c016c1bdbfcd3c8e2dc955ff6604b,248
raw,788,raw/0788.rds,9535,f937eec7de8b8b20c4f98293d3e082242afdcf2bc7588d276306663979f149c3,6140
raw,789,raw/0789.rds,24,62562edf3d13e20b5ea23fb93adb7913141fbb7236b843297ac1d3dca53506fa,268
raw,790,raw/0790.rds,96,4edccb3d56afc9f64c25430fa4d93ce8cd1838b487e7200d47c72d2c54623d11,414
raw,791,raw/0791.rds,552,80fb788dda6554fe4181edde7bc3b6df11e96c5fa4a69d698f7ed93d4d300bac,619
raw,792,raw/0792.rds,12654,db5b21bc9bc8c2c62533f54efac981582275a1d813cd6088a3df2a0ef26b0ae3,9722
raw,793,raw/0793.rds,1,01a5023338c47b160368ef20342998b97047672d62e2e240ae23fbd6a26f9d9f,209
raw,794,raw/0794.rds,1,896d51ffda59405d360b53c92627fbe4a2dcc50e1c18a3fc75e7a179b5ef4356,210
raw,795,raw/0795.rds,19682,5de94f39d8aba3a3d76aa2a8536faba6a55f92aa8683a5807b2e4ada685ee05c,10134
raw,796,raw/0796.rds,5399,5069d22ab4508f0a462437f2d606957712edb29c12b07e9f1caeb416c6b15f5c,3510
raw,797,raw/0797.rds,5433,80b5e51e47b85051cc1d26597c246f45f054dc67d24e5dd3a834bddf85e84c3d,3364
raw,798,raw/0798.rds,7153,6838bd20459ec229fbd0c23b1461c9eafc295b3cbcdcf4cac58dd93d9c5608a9,3836
raw,799,raw/0799.rds,1951,e427d23ce568a463716f013914572313a5744715af7d1cbb8cca74e2eb88737c,3026
raw,800,raw/0800.rds,34,a190b0bdb50fa8303b94476565e9f545e91a9a9efe78ce39189040df7064f9b5,302
raw,801,raw/0801.rds,2,3e277288c275135cc09cdde52666618ab882b77f2549dedb74663b4299b0af70,212
raw,802,raw/0802.rds,106323,680371a06e5f818b14c7df86e357bf4c0ffb339aa253c5a8fa0ae4b91c2a9450,62643
raw,803,raw/0803.rds,48,7ac06d6e0c46102fba4c023434060b2897fcfae7645bd24088f0c2c574cde784,349
raw,804,raw/0804.rds,11,8a6097ed729dcb2ac47f3eebb581a248fbb2fedcfeaa79a07124f4fac7539471,246
raw,805,raw/0805.rds,3,72a47737a171ec41a2023d430b764a38b23f8a159f23efbaaa439ecc893010b4,225
raw,806,raw/0806.rds,9596,5eafb72fb4f97232d46929fe59e838998a8d73dd65b68997798e2edb92b0884f,10728
raw,807,raw/0807.rds,8922,693ff78404d9a42fb3d81d57ff7aa93d9301a4158cc6fb7e95104d31fb79d1f2,10012
raw,808,raw/0808.rds,423,a5d66429552e3d75c074640a49bb358e05190b2a1f7caceeb9c71cddcad59127,778
raw,809,raw/0809.rds,1,957de9d243a722187e0d3d24f0e60a58801cf98638b1a698ce3d9977b07c9129,210
raw,810,raw/0810.rds,2,a6202dc175a38e3473d60eec4f08668f1e2d4e12b49496dee4cc36b8498000cf,214
raw,811,raw/0811.rds,32700,aa28e60671da42e15b0352e69620586264ab2c5998a32443a51a5a7e6ce4d604,25983
raw,812,raw/0812.rds,5566,a397926c48be6414f2ebb6f4492b52c59e3432e5c44c7b57a9994d96b252a3f5,3957
raw,813,raw/0813.rds,10468,73a29a60b1f75a2d29df4d0f7f98db300c16a815e96c64cb23bd9fd4fd522b73,9035
raw,814,raw/0814.rds,4241,71180665f5d23e97d4512506b7f2041a9c14f5d2199007c104a6a184697f6414,6584
raw,815,raw/0815.rds,8,457e33eb6d8b846d5d319c5e3134de66f610db1686c3d4078b4e49649623b91a,233
raw,816,raw/0816.rds,114,d7188f149650031721335d66a219d574a8e1cc100cf1a44dc7fbec8f227dc42a,400
raw,817,raw/0817.rds,94,15623bb59e3135438bcc90f94f508912424147097703e2a94819514119632d21,448
raw,818,raw/0818.rds,8,918738f0e025adc0c3c2c156d9474c07fb5b74efbbe9acd66b917741149c95b7,241
raw,819,raw/0819.rds,38,6c1c922321f67467c38e202c4d7cf718d237b03bb2d3f68b4110f6f8878a3505,319
raw,820,raw/0820.rds,12,b1aece37070a7a9e7798d11c3a5ed32e28fe60def7f810b5a365e75861f8ee77,248
raw,821,raw/0821.rds,188,7a0e25d0bc61f455dfbdd71840bc2f633146bf2f07c919fbb2d528cbabb2db32,567
raw,822,raw/0822.rds,200,5c19d454801053f96cae21eca06852a97dea70bf9789a16bec30c2e9b79b5476,573
raw,823,raw/0823.rds,41,e931678ff5c363d5d52a0460d53ac840065fbad4574332f023082d2457633b94,326
raw,824,raw/0824.rds,237,f250d3819e030ec2f1bf35bfc5795b32995d218fcd1665a81c6891f95851c0e0,473
raw,825,raw/0825.rds,57,ea19f44aa50ce442d543b42d3c52640cac31dc205439a52e31a85072dbaf551d,353
raw,826,raw/0826.rds,149,690115e08812e70ab8bb370ceef8a8cef62ad12221fa435b42a8e655317e8020,402
raw,827,raw/0827.rds,69055,bb7547350bbcb4b715c3a75d1e8c11a27243686c5d6847405a5b8cc50289f6c9,29642
raw,828,raw/0828.rds,97652,800dcc1701f58c65699b3f0183dfbeea000b31768ca7fde8b2dbb1b72ee392a5,44404
raw,829,raw/0829.rds,17,6c3f0b582804fa26dc6c4e96304427f4231d684b9d453b13272ccc2918aa55bd,257
raw,830,raw/0830.rds,58,fa092b6dd32dbf06c53144e48c8be94ba6b19f06de51c9a301ef29dc42cd3b57,359
raw,831,raw/0831.rds,11,258400e934c2ecffe4ffb0d534b64381f382e6afb1d471481755549a2a12d9e1,260
raw,832,raw/0832.rds,36,176b8ccd59a215ca2c5b9b02e09f9fa48c23735bfe3664dd6fcf89dc56a2e7c2,298
raw,833,raw/0833.rds,7660,209662072f02667737e847ba58ef0e0953f6dffe628f817813eb67c6b1a5a644,6151
raw,834,raw/0834.rds,24,9c7f47da2d50599e88d78f42f9da03a6e0f0d98556c61a76161ed7d7e6b9788a,288
raw,835,raw/0835.rds,571,f8108c0ce3a838acb895eceb1e63c1f7dabaec320287d98c6177abb89bccbab8,1128
raw,836,raw/0836.rds,11698,ba081032006bb1c90d4668f9b018b6e30e8607332bdff40cef29129c30c00c1c,11307
raw,837,raw/0837.rds,5479,6d7adca3b7cf28e9f813ba3480a4ad57af30ad91a35b241c3c8caac4d8104d53,4782
raw,838,raw/0838.rds,7440,a0efb0229e4dbea69690953269676f419e2e4d065c4106d4b84c029e0d6877ec,6175
raw,839,raw/0839.rds,8422,66e18f5756d4cb65bba2c9ec68153164a337f95ba454243ae8da5aaea393eac4,7255
raw,840,raw/0840.rds,5,58fd23fac7a1a03f8f02c8402dd5351a4a2d1100e4f5c9d0b34450ce78d0cbdc,232
raw,841,raw/0841.rds,3,656da45f2785d5d1e40eb945799059b124fae1a8a69e7e4b80ad1365ecb65765,215
raw,842,raw/0842.rds,11,c7804caedb604daf4d44b97251d3c5f118afda2e36773eaeabd1a0403705a00b,262
raw,843,raw/0843.rds,10900,7ba0e785000fbc0719e59f997c4eea5bd8224fb096a6b316f0b364977ff5dc1b,7285
raw,844,raw/0844.rds,22,2f9dea962de1aba78be4007cb53c126db764d5146c0a4266415771e934250bd6,279
raw,845,raw/0845.rds,208,0959acf5a3ff98396d261f4bb9fe050837205f13b546782208ab168e2e06bbac,636
raw,846,raw/0846.rds,12,67dd0ceb0a661c385fbb23dcb5407ab716d8bea62568679a74914530e6f45574,247
raw,847,raw/0847.rds,1955,6a49a22085f41c10b23528a5d184f1edc7fc8e1f288f409065edab158d3a2653,2446
raw,848,raw/0848.rds,0,adadc686412c8a32c45fc2489b7ee54f6faaaf976b3b04409ca638c0bcd353b3,193
raw,849,raw/0849.rds,127,9adfb77d78047b404f3b62d197e561dcb94567fb8a1c402128c567d5b1b1af48,469
raw,850,raw/0850.rds,3,d82107b1cce3df4c28a9200dc75162642b0990cb875ad0e263084cc8704fcd50,217
raw,851,raw/0851.rds,3,e7e1c7d86e17b1118fac09e38b497b2a0a4a4dc85597f462e9a0914b7b8e5e54,218
raw,852,raw/0852.rds,121419,3bc41c782fb48a4fc168ff615572e65c884b609bae00a069a582ac49e78262e1,75041
raw,853,raw/0853.rds,36,0b88376f4425cf1ecc5be3a24799b0323d0abf52453345738931df2235f8d458,299
raw,854,raw/0854.rds,4176,dee989df796529ccf552b28b47450ee8d9eec68685e221171fee15094d2fb6b1,5055
raw,855,raw/0855.rds,3,569d4a50ba91c738b7b297b8a7ebf5b104539ebfcc951a58317eb979948ad38a,222
raw,856,raw/0856.rds,30,1a8dcab8724e6ac8decbd9ce5535d9f5522e2ca773e917bad2f3066e42df9529,294
raw,857,raw/0857.rds,183,a3ea0f4e946dd88e67f5d5acf9a4c5b32bc93e32cec37ec3d23e75f9d519c435,526
raw,858,raw/0858.rds,5,eb4b505134fc8672cca9dd33da0ae37a0c0be097709365328dc476a6562b08ab,226
raw,859,raw/0859.rds,16,a227390c7cba14cf085a7d7bebf8e97ffcc73b88a681c06eb4e52ea2834e48de,266
raw,860,raw/0860.rds,26,8460b2878f5bba798c621d9431d231d22157f13d200e94644a03f4d80ea4b825,293
raw,861,raw/0861.rds,50,68143bfeb8243dd067b184c0b42d9287bb5f84185d78252a3ae23526d8f78ade,327
raw,862,raw/0862.rds,221,9eb97c2ed7b6b3a1c1debf1bcd9ab3930c0717d69a21094fc0ebb75b0a09669d,410
raw,863,raw/0863.rds,4,0d2e118c6e3b17af5815d92b896f2a9673e15abc11aefbf2dfb202189654116a,222
raw,864,raw/0864.rds,66,922c05c51ba9a316e7e62d7ce99f41e703e1a74d319402024b6094ef97b0b8e1,329
raw,865,raw/0865.rds,127,caebd65cde58ca2528298b5b6c7d06f9b2712b010413c27db75c425f15e9ced7,364
raw,866,raw/0866.rds,28,5eb77ce77addf8f8ab6e537d4737082fc8ccacdb88c19777c260f074a3ec58b1,298
raw,867,raw/0867.rds,46,54fd283b1da8e3c118758b48d7bef09d0601147a6c09337fc1cc2909ea826d0a,316
raw,868,raw/0868.rds,95,f6020d289d7f506efebc40d35b558f54f9e93317c9203e57cdb7329936c7c06f,418
raw,869,raw/0869.rds,348,38155069d94805b8237f9cb17fe59f4144af3afe8c49d39a7aeb0aacc2619594,538
raw,870,raw/0870.rds,2,d9d656c464a6a9920d4dec69bf58290a81ffa9a392bff3b09d2d6682c53acd85,214
raw,871,raw/0871.rds,12875,e8971a06bfc7d766543d43694e3d70cd47191cb72e2dee1412baf17cb8ec5243,7296
raw,872,raw/0872.rds,1,fc7dd0bcf8ed2e8c69acf0b440cf146031a3e54155568fc20cbcfccefb3a04ea,208
raw,873,raw/0873.rds,2,628a1e18c89f506e1e9697b0e669e74e5baaa9ab41f238d69e30e20ec790e7c6,214
raw,874,raw/0874.rds,1,f073bdbe3603589e1868502edd3db1be2e7aba05e5e0f0bc76d4aa2f6249697c,208
raw,875,raw/0875.rds,1,1c8d093323d8aac37963c0854d2b867b786b86ef92060bba9c8601ca2ddcdcc5,207
raw,876,raw/0876.rds,128,c5caaf2d57234580f96b9e7fa2b1a5b44ad345a2efd31b100398f02ceee0c25e,499
raw,877,raw/0877.rds,140,5794b5859e0ef40a41d2164309f4189ff6902c1be38fb9fe1e3396fbb2fd4aa4,477
raw,878,raw/0878.rds,22,81928d793bf2a7cfc28f4abbd5d6c29f7bff716dc036ccecd821489e9f26cceb,277
raw,879,raw/0879.rds,10,64add1e8178b089c1069422ac164d6dd28189e6c6b8edf4e4f9087e2ae014715,253
raw,880,raw/0880.rds,50,72982482a240d56d70465c6fa64f26865c7b4722a4c123ca9617f845c6cc5c87,321
raw,881,raw/0881.rds,21,3b836b5cc018d03a608158ebcfe788fcd494a6ea7a28a7cc15ec6157ffa716ae,269
raw,882,raw/0882.rds,1,1c8d093323d8aac37963c0854d2b867b786b86ef92060bba9c8601ca2ddcdcc5,207
raw,883,raw/0883.rds,41,5c925f4e42e2c6e7cb8888cc4b61bba1895fbd37a88f6f93da7ef4b425cf9cea,296
raw,884,raw/0884.rds,9,10f10b854461c8e4d5977dfe4adf4838f67226d0b6273d620385249da55b0060,247
raw,885,raw/0885.rds,377,ddac7b1aa4717d00bc50730e6e95e56574b81439530b680a8c7a295203188431,718
raw,886,raw/0886.rds,16,2cac4e23b7f8f4f12ee28b60632fcf88964d8817cee8aa73f943d21e75ffa88d,271
raw,887,raw/0887.rds,4802,f5b898900b047c66e29926edeb160ef849b4550c2c782395447c70d3aa8b9ff8,4708
raw,888,raw/0888.rds,2,b7bf8000aef5b5009d743fde81a2d8938980d7ff2e2fbeae9800e7e966c1c5b6,216
raw,889,raw/0889.rds,234,d939e0529030e15552e21eb85b9db5ac38d89d0ea4c82f48fc2e986b704f2f6c,649
raw,890,raw/0890.rds,154,243d88a2c7e8e3667925cc4e518abffc63a6f531586f22dfaab7eddfb9a27df6,477
raw,891,raw/0891.rds,1,67c9334d745972e059dfd2c2814337e038713bc30f349402f05d3a94bfb68777,209
raw,892,raw/0892.rds,262,ea56efd0c2897eba2ea1765eccf8d877f0ed0602fae5ecd5a3ca34313da7a691,553
raw,893,raw/0893.rds,47,dabceddb93f075254b04cd17c9418014f4682eaeaa3d302ada115279f78b985b,359
raw,894,raw/0894.rds,11,283fc5b23f9bcf247e75442aa4e6a36cde5b8239ff3aeb0c13f08c086c65a5a0,258
raw,895,raw/0895.rds,11,531ed6d4448b4e7989bb0f5760ac6b424efe091516b2e2cd6731518db973c5f5,253
raw,896,raw/0896.rds,147,fe9838af9391d7eb9c0481b81b42acb2996d5a591e85dd96fbef89040349f313,482
raw,897,raw/0897.rds,184,34ef23b65c6f91ad34dd03474f4c41b3119bd4f6d0597d9bed4df852b767d281,527
raw,898,raw/0898.rds,42,4561bfba9103661c2a05bbe97136660b288b78dfefa3299760933c54d59af51b,319
raw,899,raw/0899.rds,337,da9f2b48e748af001b3a0490c61a47ac132894499ac391c776bda7436fcda5f8,572
raw,900,raw/0900.rds,78,0bf41cb77d7826e9d61acf6098fedeba0807b369cd282a70b44349860b9ecd9b,358
raw,901,raw/0901.rds,35,7d262c6613026237968c36a04b7c423143f1fda9fce5f5e196ef8ddd1b152e63,297
raw,902,raw/0902.rds,6,790e1acd0ed163db08c5e6e61d7af6515711f06b0fd780b2d8b39b4e0d734d33,241
raw,903,raw/0903.rds,37,050ecb7b1393bac67f302011e2a6362941eaa1e60949ab316ac3378598595ea4,319
raw,904,raw/0904.rds,26424,bf8586239a54c6f8eaf9ad12239a024ba3631b1ba8988b4ed94ea4ad5e254847,17247
raw,905,raw/0905.rds,6,4ada20a6b3adce0e41115fbb40af7416f2fda838e73eaf1d231ea4e1ef638f70,224
raw,906,raw/0906.rds,17,96d497dc87593b8c4350d9caf934a488a5a6f6165f2c1d6edfa68a16358976f7,259
raw,907,raw/0907.rds,23,3af88e793f1e72bcf3f362d0c2d37004cebd93b2cca02cd87ba79cc651ec096d,275
raw,908,raw/0908.rds,23,2d415979038121172b18146a7331ff2b1553667a1caf83032c0b1e151c8fd6c3,295
raw,909,raw/0909.rds,43,799e25e8821af5c5931bf25139d5c5afc43f4d90d34f7a633ec1ee76c1e8ffa2,324
raw,910,raw/0910.rds,9,01ed149cd33b5533baa6d2a7cb050178bdd45bd347f76336f82f33e7e2cc0f56,235
raw,911,raw/0911.rds,9,eb7698f318a79f87960d7965d3116e77e7b5b7373eb3d958306ddf79bd2d902e,249
raw,912,raw/0912.rds,15,4d418ebe37a2a09511175a7c5105532ef33a5b7cacbba94b8c0978d95b9e5e9e,273
raw,913,raw/0913.rds,5,f2f9bf2d3e7d6e287dd511d6d6470ef0144e2e03e88e20abf972164c7bb07063,236
raw,914,raw/0914.rds,1983,fb30d713ff5356de504565a74a59e211fef83068285a177a4b24089ce9aed4d6,1705
raw,915,raw/0915.rds,4740,87e24dc8311965291652d6818d1d2b43e56be5be71eaae4298a8cfdb942deddb,4209
raw,916,raw/0916.rds,3,178951ab301cab90241c446c53797981f6c32de1df44f36bc835430795794a05,225
raw,917,raw/0917.rds,5,4255a2f141fb12c105a56bb2329c2577addd33139b1bff5d5a85c5f5cf968ef3,229
raw,918,raw/0918.rds,2,a6692b9e2e37ae4b0458d2594aacdda6c74edeac25cf53440eea53bce4de6e28,213
raw,919,raw/0919.rds,9,ad141df4ac49e4895a82c61c86642fd8f2d7f2dcb40c7f6ffd1c04b82ad71796,233
raw,920,raw/0920.rds,8,d21e6fb1f6bb2f6fed1138a95a9e07dc7100306c47d4f5932f59f742491f7edd,240
raw,921,raw/0921.rds,7,ea4e55fbc6ab850b4c80f0ebc1a06cac0091fcd80fb35c144f8e54cc019e72f3,233
raw,922,raw/0922.rds,16,797c99c1f135d5dde7526ae15af418b1f8eb2f4f8bba5cfb6a15d8234a175a6a,268
raw,923,raw/0923.rds,60857,e40a204e63e1ca7d2b6785af829b3f9acc2c02a7132aa1a3576a17de60773176,37073
raw,924,raw/0924.rds,233,b26b7684d98fd767015a3af200c27c9f08ced548f4e0312d21b6d6fddbcc51dd,537
raw,925,raw/0925.rds,1,c296dab7ab335b8b6d0590666c51c44a62e14d52b25640bbc72f471d17aaa5b0,209
raw,926,raw/0926.rds,123682,28554110fdeb6e01f78cc732882d135cd1bbca9aadc54b668fd6ecf85e6e058e,70347
raw,927,raw/0927.rds,41,a9719d54628710b38df5ffbe6d91f1838ad1bb605f30fc65e525c01e4944ad0b,310
raw,928,raw/0928.rds,2,04dd73decfc61a9f3b661c4dcd3d6621038b22b1a98cf4c12dd2eafe05c0e7f5,214
raw,929,raw/0929.rds,1,fa6fa080b2d17a3dc6ad08e92b3a80160b49f7299d6194705953216ea03cd9c8,209
raw,930,raw/0930.rds,0,adadc686412c8a32c45fc2489b7ee54f6faaaf976b3b04409ca638c0bcd353b3,193
raw,931,raw/0931.rds,81,cadde7590a45579ccc1ba8935cc5748ff99475e173b627cf258e87243e76726a,345
raw,932,raw/0932.rds,19,3aed104a2b7f05adabcda43d1e2efdedb69180945ab66b96b59ad1d165ce0e4d,267
raw,933,raw/0933.rds,1,795132cd3ef4604215536bc68fc787f26a1ecb727367410c9137398c7cda722b,209
raw,934,raw/0934.rds,8,a01ccc739b7fe380aea2d2edf9827d59011006b40a3c0fbb1d11fb47fd921437,247
raw,935,raw/0935.rds,8,95106dc0bae38742c7de5eae66be6d9d3ca4088f96b777c5c25eade0cb0d907a,237
raw,936,raw/0936.rds,1,27161b4c3706a23f0d90ed001b4251aa9b51c516d4dd27978fc766686731b504,208
raw,937,raw/0937.rds,4,307204c4bdbbf2c8bfdb1446ce1396bafd9a3968a5c783ad928a95cf2c0be7eb,222
raw,938,raw/0938.rds,13989,ac74f84b1a507d2f5fbc819efe310c4b911dc1ab3a00b6f8e371bcf9587fafd3,11436
raw,939,raw/0939.rds,3092,4c5c640863c08bcab7d7fcdcfe430174fcea79da948d1bd0dc62c4f4afb52351,4062
raw,940,raw/0940.rds,3,11e2c56353d56e58fe2e10910062f743b25d9edb3ea4dca8162b558a2539f049,218
raw,941,raw/0941.rds,42,f1d7115f7ed9fe89ba02079e4f49adbebdef1d2b95b5174dd079919da7711505,326
raw,942,raw/0942.rds,56,9de3023d50e4d09edfd663155881e0298dffd3479c074a4bb844e534708a4e1d,372
raw,943,raw/0943.rds,61,b8198184233536112dc458b8b3d8d6837c9f83844da8916df8d495021f6cd2f2,338
raw,944,raw/0944.rds,13,4698b6d56f9a0d25be76e8a96c428415661f8a2c2d0624e05f680b8d69a78924,260
raw,945,raw/0945.rds,22,6ff335a0110fcfb41636252cd1d3e80b651757427362ac6c2da09a6387ccef0e,294
raw,946,raw/0946.rds,84,6924ce468355299c3d13c2c7daa9f523a312b90174324ffc69308b69eca20fad,404
raw,947,raw/0947.rds,48,e34ff29aec2c5baef6f2d42a6d7abcba07751a715c225d18c0d14de00722df51,331
raw,948,raw/0948.rds,351,92377b42fff930debfc3d8f8c5e50486bcb8ad697e227bbfc3c9b1642cc446d0,648
raw,949,raw/0949.rds,273,5e39aa9e2223e23a32d21cac9a0f0cce6cecf1348827469b602ba1593662de5b,583
raw,950,raw/0950.rds,461,124ba9a8507c0b84b6defa7ca2aa9dc4edf5ccd4f854c3d86dabec84df8f71cb,759
raw,951,raw/0951.rds,2,c12d6694ac0a83d92afe0dbcc149bdc4bb688cfd75070bc0f638d24c67da6f12,215
raw,952,raw/0952.rds,1,39ea3e4076c6817b59237bddd8bff0755d62cad02bc319d3739d3fbd5dfccdfc,210
raw,953,raw/0953.rds,2,5ad96329a22917137387c03b93fee852c254ce24cb6723c4cc9fb150840a48be,216
raw,954,raw/0954.rds,4,159a914ed2c4719b86fafd1c54a5a27bb9361678ddc0b78fdf81347c7e203e73,226
raw,955,raw/0955.rds,6,268276a40c4eef20d4256b0b9365c8902c3fa0cdef63f8a22c1b974cd4f7f159,229
raw,956,raw/0956.rds,9337,8bc6d996952110810e33ceaea9fd98bdde5beb4a20875a3c73fdbf6228835982,9766
raw,957,raw/0957.rds,189,d7454659e8965958b3bfb7e6fb25460436515cdf23128095239835c2ac129aab,409
raw,958,raw/0958.rds,103,ad2d1e4602eaa7bb56640a1e0ae83f217819aeb8ce463a065d2496375e998929,419
raw,959,raw/0959.rds,1,f4bfb4369f5ecd816840313436e4e82862dc398aac69eaf2b51aa44f7e5a7424,209
raw,960,raw/0960.rds,14,ff58b033a356b1f38f801c489337752a2cddedb1bc7e181fd842fa5b4ec37c8d,274
raw,961,raw/0961.rds,63,811de95f93dec8cfcf578b8511b717c3fb61d358b6a7a61faae62ff8c12c8628,373
raw,962,raw/0962.rds,122,e78b6af7a4a018d4e3075ec6f75a48207a95a2019d2acd0709ccad2e100210d6,415
raw,963,raw/0963.rds,1,26ef528048d4de6938bdc5f89c543f10091bf9743447792f4ee222d2df4819ec,210
raw,964,raw/0964.rds,36,b37e2444c8dab718aabad0469f05e42223e3cfb8259440430d91d01ccfe732d8,315
raw,965,raw/0965.rds,21,4f94c295a36daff65d09e484df5c1d94ec3aa40c0b775e19a676269886e31cd0,286
raw,966,raw/0966.rds,1266,675f88a8cdf4022427c9b0a980097e4b41edf50289ae6721ac8854c49469e0f2,1737
raw,967,raw/0967.rds,166,74cb137ceb6d9691b2bccb4ca56aaf9cfe26c0c158761411258e0e9083ee0a3c,438
raw,968,raw/0968.rds,11,79dceda27f334e4e5e409431efec3913d0968b1cae21ff3294f9eec67a561c53,243
raw,969,raw/0969.rds,365,e53a386d55b4677963dde272637a3d9b85c5eaa642c1e4f007088f7326dcbd0e,519
raw,970,raw/0970.rds,3387,7961591d4fa667ebc59e22b2838bb20f6fd38c10ee281d580fb037b78d9c6bbe,2718
raw,971,raw/0971.rds,9391,5d371932f2c32038454de0b6a2785a9b39c10a445a5ee605251a7bdadbb46504,8835
raw,972,raw/0972.rds,16499,3878910a00aab8e3309e7618165119efe3b65b7b50511fb75ca13958bab73de8,14247
raw,973,raw/0973.rds,1193,f47f87ca7aaee76909cb2810da7da3c4a28bb4c1d82bc67b761ed9de75467aee,1278
raw,974,raw/0974.rds,12,f33439b914c93c1b4442405b3a36ecbb1cd56942ffcf8f38452adb707620b0cb,255
raw,975,raw/0975.rds,48233,966beafc65d5106df0f35d76c8d8cae032203d9643eeebab77af1abfe6578de3,38990
raw,976,raw/0976.rds,1,d2334f01a9c013e69d8d8b951921365d054a4b6d8b6456472cbf69937f53a6c9,210
raw,977,raw/0977.rds,21,27a6c8895f5554611b9a11815bf8bdb865931f3844a5844d8a8ce52a714ad773,267
raw,978,raw/0978.rds,49,7f44597dedcf39652caca4c76ef5ae5dba7db28eb8fd0d7508d65df00613b4f4,307
raw,979,raw/0979.rds,112,d42d5d0d4be4c0b39c145c78f4f4d919a0fc3b611d02eaff68e5cd512b2a3f79,447
raw,980,raw/0980.rds,7,df2f2ef808b97108900a60c27ff79b2c698d1d40989de0a62382711bc975567b,242
raw,981,raw/0981.rds,11,cd91974c636811f40953d8fa32e2f9b4b8390ee1035c9e13cadecb8ee5408511,244
raw,982,raw/0982.rds,17,624c57bb4721fc054b9e5a91e1937066224313df8962d97bfdcc75684ea9a152,304
raw,983,raw/0983.rds,67,32df930cd768bdb3b213150176ab7b389c8036feaa6c7386d101f9a196194375,351
raw,984,raw/0984.rds,369,22db24e6d9e48f69a4210af115941ba5dc8ecb8469abd248fe87b75190d942e8,589
raw,985,raw/0985.rds,16,9bfef605274e0d4684905d41fb46d258df25a3326ed4c92cff946cdd1edc80ac,251
raw,986,raw/0986.rds,259,f64c36700d6d145e426d807c723ef376a2e0ded50ab1977e1507386607c4a3e2,661
raw,987,raw/0987.rds,121,e97f0f86addff6637ad01a5f50068e6e0bd366c435343ee03307bc5965f0ff6e,436
raw,988,raw/0988.rds,15,207360f004c93195a8e28f3acdaabf4daab4ab8f7721d766fea9afe0a5a4cca6,259
raw,989,raw/0989.rds,43,2de6517e49544bedd5a8d5bae12af337a2276f5c63567df72164a8e6838b2f10,296
raw,990,raw/0990.rds,1,dd740f858e5ea7f6044a14178db039e8df3857a57aaf4fda643ece3f109c1664,207
raw,991,raw/0991.rds,587,8603e4cd11aeaad9554a73029bc61a1a41fbaec8b49f4bafe3eec0f1168efad8,731
raw,992,raw/0992.rds,4,d2d715e0c810a7a8943fa0d358c7d0924a0f400c45c9e1d4a677df3ca02c5f93,223
raw,993,raw/0993.rds,64,2c88617a05592ea2bd985c22475080c443c325f3db5d12ae1ae7330c4615e7d7,329
raw,994,raw/0994.rds,1,9e3cca0191fc1c02ed4d7cbc89e1ec2bdbc561b27db47cd3dcbdf72edb0eff3a,210
raw,995,raw/0995.rds,13,1471c962344544df28c302bd9d3c7dd235d7641a0f86ccb821c6790107c96c66,245
raw,996,raw/0996.rds,702,60bd74f62d0e5bc4b65955c9ca4420e5b3c10043c09b7e24a31a70db6c2d1ba7,1022
raw,997,raw/0997.rds,9,80e0e1ce1cb6132fcac4b540cf2a0dfae0c84bb94722f861f7c76d40dbbd6a71,246
raw,998,raw/0998.rds,182,02918af3e025596a733eb6602d870871c6fe90d03f8e3adc20a2cacd723a0e4d,495
raw,999,raw/0999.rds,79,914567635573e25f4fd8b7cb74cda1cf5724fceaca7219771f3740a9240b604f,335
raw,1000,raw/1000.rds,184,0801d9fa681f74ba4ed372a68f5ca4064f4b049e8aa192875b25f3774353a9a0,579
raw,1001,raw/1001.rds,16,6c66a9e4832aa1daacfc7726abeb3d3d19b00d7071c46ef8b7283bcd3b14b654,276
raw,1002,raw/1002.rds,85,854fcc3df8d01ba7ccdc408e75927391623f21a3ffe2bc8b524b483a4da732c3,344
raw,1003,raw/1003.rds,27,029ef01cfad65d8310f78fc55a2fcaf003a01d7aed677bad95cebd64cce0714f,293
raw,1004,raw/1004.rds,456,d36c2791080d3243e06b4be63bfba8b315e9799c78487657142e6a07bfce346e,831
raw,1005,raw/1005.rds,7,c10feaa2700d13491559e0f5b439c0c305ce5d31a4c9498c0493e7b8ec8f7cc3,241
raw,1006,raw/1006.rds,72,43593c1017c39d72d6e41267ee706edaf77f58532fa8f0bbefe2fbaf85c5dd3a,368
raw,1007,raw/1007.rds,2,8f1d94222f0272516939d5dcc5225dcbe009a269a71c6da407e69fae958c3f79,219
raw,1008,raw/1008.rds,11,a155d237ec9ef842c8c39f61b398cc7519ab7bceb9127610c6dce755e8772665,247
raw,1009,raw/1009.rds,1,979171cb6fa99f56d23ace137134aba5621b24593759c9a4a92039cd1af726a6,209
raw,1010,raw/1010.rds,4,c724afe08ed2ca2281a1dd6ccba5237f01e44c974bba279163e478f7f401b817,227
raw,1011,raw/1011.rds,783,b985927b0b5f4030247156824d0815515eace2aab7cd51c2bfc3fd7cb162762f,1213
raw,1012,raw/1012.rds,39,dd7867911f6cd840b5222554ce12b1e07d18275aa66eee07fe8b0f4bc9f1bad6,305
raw,1013,raw/1013.rds,4,01231dc60de189469fe42ff6523cdacbe5df68aa3c652706cadf91626d0ce5cc,221
raw,1014,raw/1014.rds,6,69638777ce370e3ade34ff7b0e0d49ff686a77f3f05d7485fb08a8432acc7bfc,246
raw,1015,raw/1015.rds,364,2699a3b2b25c66354c696cc305fafa0a58cc943c5a78bef6796ba33c139c7196,668
raw,1016,raw/1016.rds,1,9fb3f8385e8b49c638e560e450e4aacad9ee8769759f823bb963320e898c56c9,208
raw,1017,raw/1017.rds,2,f8817ef0626be7bfef9d995adc3e40f1931a052691ef6c58ea90300907f4a06c,217
raw,1018,raw/1018.rds,1,ef38368de7460bf5e1b4041c50cfb6e0acb540ba579fa537c00fbef739bf5720,210
raw,1019,raw/1019.rds,3,f8a99a3e55696967813f9299dcc2dd83bb429c889d9a6efa4f43c795375ebff4,217
raw,1020,raw/1020.rds,8,ee9ba94a113eb12f1e3131f1ca00a2b97db2a8038d8209f9c2a026659b886f76,232
raw,1021,raw/1021.rds,4915,7119960a99b90ba80c0dbe4174b75cd61b6f56d73010788a78de6900c89893ea,3345
raw,1022,raw/1022.rds,95,3b3c3cca5f932cf566fa172547122feb49d43d96ff92769b85c94a5a2ab627cf,446
raw,1023,raw/1023.rds,3,9f9b790f73d57781c6f983dea89fb6639ffb6ac29c8ff5987ed96d55d6af7fcb,221
raw,1024,raw/1024.rds,14529,549bd01ead1c9c383d58704251dfbe26a6648cf6bfbf95b11ab302b0c1a03ca9,9779
raw,1025,raw/1025.rds,7,1bc86fef8e5182353ab5efe29341e654073e89c33661686ad869b6e15dcf17dd,246
raw,1026,raw/1026.rds,204,a672f4e32a8263c92074065d189c8a1c1325134a24eaf3b3c3da391ef67e5ca5,448
raw,1027,raw/1027.rds,60766,f6e9308d2563625c9971f31e3b52f556e77aeb94490a295f2f9555d90db913de,33628
raw,1028,raw/1028.rds,139966,16e9e842b5d289fd941b88c8cdf9d792c002421c9e5ea20673068cd7f7a033d5,71957
raw,1029,raw/1029.rds,2,14f6a33d7acb52af3e06cd76a7afea7cd9b1271596a5b4ab6e45b5bdbdbe060f,217
raw,1030,raw/1030.rds,2103,0f502cbdd5ec606b3a6af3acce1fb23384ef7a44fb259e936091c8b5e5cea329,3527
raw,1031,raw/1031.rds,37,573779cb8b14acc89994fb1c17b0d1cfdb26d6002eb8941c1e33791de8349ff3,297
raw,1032,raw/1032.rds,5668,de7bdc4a0f7e1ad2e4da35fd733aa2c56b5ac7841a974a3bdbd3a9fabe000c7d,4820
raw,1033,raw/1033.rds,9032,5934be2db069275e140776843336b0eadc6c0c8a707183e285fe2d1e64232b5d,5792
raw,1034,raw/1034.rds,67,e5c85ae17046a143d75c832f26601fc7ebb882ca10fe242bdd336a6182856bcd,388
raw,1035,raw/1035.rds,1,bfa53123034f6588c0973729c4fce3536f118d4d0a9fe4b1ff14c54cc12ed50d,208
raw,1036,raw/1036.rds,40006,31776d151c8a24a340cfc644a6c36807d5bf2e3fe258c2d5a1f3b315e046463f,30756
raw,1037,raw/1037.rds,59169,8d272a12a2390b4b94d8be6319b405fbcec46f00b14f8f080276f631081bd2f0,38438
raw,1038,raw/1038.rds,2,2f937d2980ea38d5ac333d38f33648a46319a471bf632aeac4f9f402889700f6,219
raw,1039,raw/1039.rds,17,a3645ab3946b5fab1ed4352265c5ac90656117ad455d09c1ca1a3d78a95cdcca,266
raw,1040,raw/1040.rds,2,62cb477a824a403073c58f2867529abd9fc50c00bfd251c711a2e17ded4fba15,213
raw,1041,raw/1041.rds,4040,beaa4a9471e9a3f051a5107a37301691b562bacb0546e049d6bc0851897d8870,3065
raw,1042,raw/1042.rds,626,c46150fec98a7bb4bb5009ae9212b1d99b45fbbfa53d5672cf360a3ffb165b5d,761
raw,1043,raw/1043.rds,31869,b024c410d86bbb5398f45c425f294b5646f53a795c0ca424aac3cb4c5307aaf6,30401
raw,1044,raw/1044.rds,1944,0d117ca8f2a8abb9f1447128a13f55d5540c86d74463286ab4dcd04615d7a84b,2019
raw,1045,raw/1045.rds,11,42b305ef9ff61ca349b9e7dd114198c9835ca9bfd181902e33eebfb004f286b2,252
raw,1046,raw/1046.rds,2166,7aeeebc450036ab4a6aac743878c5173a439ac0e4c63c64af5e2a27fedd41cd9,4079
raw,1047,raw/1047.rds,415,c83826dd9f1a69a9f3b0c6d69e4a120de8d824bb8b64a9fc360e37d3661e2401,779
raw,1048,raw/1048.rds,1,b53497b095a7cf1c93f476b33e7a638999d5f447660dccca9b6df4ee97a3df0f,209
raw,1049,raw/1049.rds,100037,e7694ccda3ae22c2b010f785f4d0a441cabbdb61f1b92ab327fdda439aba83a1,55112
raw,1050,raw/1050.rds,24932,25afe43102b927f340f06cc1c46a61f0e1999213c3e8f4f4ad7718790fecd408,20866
raw,1051,raw/1051.rds,2,bbdbfe53c7c15d54e96335c8144709582d6797300945fff6ce01dff53a4a54c7,221
raw,1052,raw/1052.rds,1,0961df9b16fe6f8020bab2c908611866bebff043822826d4c16800789a727033,210
raw,1053,raw/1053.rds,11,2172bde1bb8f2e59d54a6dd9e6835a90fdc82318775809cf50edcb5b199f1abb,248
raw,1054,raw/1054.rds,21,a5ea3222700889986d08aa839b8a4eacb18efad51ede0ad07cbb524a7ce9e8df,286
raw,1055,raw/1055.rds,107,680b2347ea717e8dcdc2282436a8aaf07f6bd70e697ab7c8ed03188c0dc82016,360
raw,1056,raw/1056.rds,45,e98e0051ab5e547083c002696c2ba99e434036f75c0a6d6f520b02a0b98ed044,346
raw,1057,raw/1057.rds,53,82b864f63a28ed706f143a7626630285c379cadc2b6f6d2851a27c5a1ce371b9,355
raw,1058,raw/1058.rds,8,df12c7e16f19f75a084c127d26f7dd3c7f5199114e151e2b9d9e4bab78d6822f,246
raw,1059,raw/1059.rds,7,ac743892ce9708e1983f58ae6194108036c834d0b056e5a9204cd4ccf254c488,241
raw,1060,raw/1060.rds,3699,c277957ebf4a48d92fdbe365d0638ecfe8bca95641620e4a9767de3675100f25,5506
raw,1061,raw/1061.rds,2,e406169396ddf280752d833ca198aa7741063763803363b4e4ad48f3732af6cf,214
raw,1062,raw/1062.rds,1088,9824825590a6a65f402dcb5d08fc65049ee613f4980aeb95f463bc16ea1b2deb,1245
raw,1063,raw/1063.rds,176,a9be4d11de03eae4175ad7d1beacfb450c4abbcb3df1ee7f0dd03a4c2948436a,441
raw,1064,raw/1064.rds,117667,4f283098f8909d61d7f0cef8c059a2f76a72db9277a43bcaa1b9dc635493c79c,64586
raw,1065,raw/1065.rds,14,b5caf1431237bc2369ae6b32d8ac815fc61d2dcb268f4bd087ed21e6616cd747,264
raw,1066,raw/1066.rds,1,637e7cd149f2617b363c73b4bba8d0fd0347150c93cd02119ee3fc811e076103,210
raw,1067,raw/1067.rds,75,f604749ebf03e59fbd561966d626ef20b9b4c4c290efd4149b9743c5ebcdb276,370
raw,1068,raw/1068.rds,55,2b8b5cf8aada1e7a6cb546ed0dfe534b473b8ab4d2ea25e9154442725e97c760,370
raw,1069,raw/1069.rds,1736,b2d056f11bfa01fa0e750b5ad0a3253e60f66ee7c2945eaa5233cff37ab20470,2652
raw,1070,raw/1070.rds,75590,97ef04b1af80d9b524183595d3e165680081197306edcb1c4b40b15260a701a4,51635
raw,1071,raw/1071.rds,14,c58a5c9d4700673bad8c78d1e0317019c06fb5f4363bacd6bb911edf1543528f,250
raw,1072,raw/1072.rds,80,0b1d44f2f97fae83d3196a7205bf8efb596124c717b0d4819289df51a456f558,352
raw,1073,raw/1073.rds,3,a9ddaedcb11cfb6b7c1991797c872500d4c76b289afae68b6226ff8cabf8a56b,221
raw,1074,raw/1074.rds,35,3f3f48a5192d004e6670ea87acb4fda47bceabdc26ad0b089c930c45056ababa,297
raw,1075,raw/1075.rds,29,d1947e1d81b0daa84518bbe4747d168846258148d39e1ae71296e0d4d99598ce,294
raw,1076,raw/1076.rds,72,64cec7a55e74489a03ba6bb61bf575dc2d2f81a9e9256fa97fc60ce6c9d9b83d,328
raw,1077,raw/1077.rds,109,7c54bedf1555bb1c218af5ac2909ca92e5afad8e65d98a4199345a007189327a,432
raw,1078,raw/1078.rds,142,07782c1196de93fee40ff55a4fa16b3fd899d807101d5d23aa04bdb60db122d4,499
raw,1079,raw/1079.rds,1,27329c89b6b034124a9b6518f885f035b1d3ab820647e66f5bffc7836aea1e92,210
raw,1080,raw/1080.rds,4,1c25da665bf2255824780a2f594e7ef6fbb30cb81c5e2d8cfd3a5cce152a700e,225
raw,1081,raw/1081.rds,12,41ee7ed8c2ca58971d8c1de95e3ef04c10a2743d192126f172c966784784be83,278
raw,1082,raw/1082.rds,1,8636c51f651222bc0062fe5b2ac8e0c0126b5703552cc9396c5ae3365d71e0ae,210
raw,1083,raw/1083.rds,3,e6ab72f4ce2b2660e2b420f4d94ebd712eb4209a57fc29085baa7628ab6fdea6,219
raw,1084,raw/1084.rds,7,b362d1a9ff43c9401d9f92f6584e075eba56acb8721cf5698d6855a38046729e,246
raw,1085,raw/1085.rds,38,0f9b1e9324a42ea6ec68efbe55ded9a51d515b6636576810566345e0b71e92c7,293
raw,1086,raw/1086.rds,2684,b3cf194b4dc13a907ea971ddfd7a1b16b678f2553265768fa9b03eb0531de699,2867
raw,1087,raw/1087.rds,1758,655ba639d9f282d61d442407cb2eadfb659d86c49a192700ca0036b203d06c8f,1847
raw,1088,raw/1088.rds,338,8f3fec934a56b5153b4ed13859127fdfa3649405c60fef39d86c0db476c05226,844
raw,1089,raw/1089.rds,2,e9594b0caf899b4ce64d89dc03045f9b03a90c8c5424839a3004ae2b499cb24f,219
raw,1090,raw/1090.rds,2,4126492c6f203463e2854eb9c378b1ef3feb158f2f3d96fc582f8c20c7934be8,221
raw,1091,raw/1091.rds,65,428d98fb30dcbfc823104e70ed253d1d586977b5df18d09c5c5eb33394e8d2ae,360
raw,1092,raw/1092.rds,1,1c8d093323d8aac37963c0854d2b867b786b86ef92060bba9c8601ca2ddcdcc5,207
raw,1093,raw/1093.rds,30,7b2adce43b699ec15c2304c5a399fb085f649a2850bf85ecda59fee10381d16b,289
raw,1094,raw/1094.rds,1,3842ff91987b12f9435d93b2f2963ec5eb7c8e000cb32a779d5bf0c4c4dc36b1,209
raw,1095,raw/1095.rds,1,b15a01a91ec010d56b9d5101a752aee23f5a0294f6d9aa46985b7874210f14ea,207
raw,1096,raw/1096.rds,1,1c8d093323d8aac37963c0854d2b867b786b86ef92060bba9c8601ca2ddcdcc5,207
raw,1097,raw/1097.rds,1,39db3e047ae89edacd0db3e026171a36ef430a9157e13a7b9c5ea8ed4338f946,209
raw,1098,raw/1098.rds,226,36c0ccdd6f4c4a3735480a3f24f318e35ca8c646683767f3ede574fd120ae3a3,578
raw,1099,raw/1099.rds,24,17ceb09850b1dee21bc509c5ffcb837b98c04bf3616e6d949a6255629679bb7e,269
raw,1100,raw/1100.rds,66,15db49ad84c6f768323aca90019ee9b0e5cb25e51898ce3b1ecc22f4e0870395,354
raw,1101,raw/1101.rds,21,c490da91a5b8e569818a6f0c2f558a7aca59b3cdbf5dc4f167084eb911a59084,274
raw,1102,raw/1102.rds,139,11b6d9f76a056e567a4350c3421298282305bd01234a4f8da3790f7e64fa530c,542
raw,1103,raw/1103.rds,5667,4aad309dce792cde2bda89051bd8d25eb9e3647640a67a19635ee4359dd16ff6,4748
raw,1104,raw/1104.rds,4,7eb4eb81bf56b501490f4a014c76ee9236aedd18129c47deb402504cf2c944aa,221
raw,1105,raw/1105.rds,15,1e8db98a826c062796fc6e2a8a7c5fe5ab088fe08d9b00204eaf55f8b0c5efff,266
raw,1106,raw/1106.rds,446,9b309b34b1ccd5b30596d55dece1d2d523209e44fab5fa2ad67cd03d3cd74a34,729
raw,1107,raw/1107.rds,93,d73dc404e7e75585271fdcbef08f9ee37c8ad5298692655f29138869ee7b21e1,374
raw,1108,raw/1108.rds,457,ff8d04ad3ccfafcdb149f4ceb5a4ec512b1239b0ac879bc87bb1d3a40e43568f,811
raw,1109,raw/1109.rds,199,037c92d22d988e5a172aa1be75ffddac579d8385282119750f81e953221b7bf9,542
raw,1110,raw/1110.rds,59,57f82330c1fe365ea40142640812bd2f2254279c2c1d6ca5b972c2925710f0ea,328
raw,1111,raw/1111.rds,9,c5d019908a4823d4b718571f5ba34b4b3dab4d62f5f3d551cdd8d66aabcf23b2,231
raw,1112,raw/1112.rds,4,0d2e118c6e3b17af5815d92b896f2a9673e15abc11aefbf2dfb202189654116a,222
raw,1113,raw/1113.rds,3,112ca7ef537ec425e0fa2486e2c37f046d4b9ab04bd9bb80972d3c57e4ce0e0b,224
raw,1114,raw/1114.rds,3,40df7ffe988546805ac540e5616e91a8ac3fafd03d5efdc5185cbd8a9e6d1d26,221
raw,1115,raw/1115.rds,309,97d5d0abfa75f9a66c3a890e53b50948ef0f66c288e67d82b2bea065b0e55c46,589
raw,1116,raw/1116.rds,2,628a1e18c89f506e1e9697b0e669e74e5baaa9ab41f238d69e30e20ec790e7c6,214
raw,1117,raw/1117.rds,38,f90750b9d4fa48303309e49c883fd78fb9ec8d1ee7bdc7f6090a65219f2b42e2,322
raw,1118,raw/1118.rds,1,dd740f858e5ea7f6044a14178db039e8df3857a57aaf4fda643ece3f109c1664,207
raw,1119,raw/1119.rds,42,7949f7ad7672005b8337ba4db58b03f0100f7eb2bbdb7621e4718c9befbcd8b6,305
raw,1120,raw/1120.rds,90,2ffd2ca469a11beebb4c1e3cc0ce3971d481c1e2ce0529051a57712eee0da975,405
raw,1121,raw/1121.rds,225,28340dccacdd7d2016491aed8b67dc68dd74255b3762224e8a027698cade8b88,492
raw,1122,raw/1122.rds,344,c4bc7a11d8e26345e19b88e3cf9fbe2052e3ed9888050199dd8509ca6b6a3e78,679
raw,1123,raw/1123.rds,1,ff131756478a18052a2638d438a0c1fb97c720f88a1407fa7caef6db42b8efbe,209
raw,1124,raw/1124.rds,208,6c76268f58e006c4dfaa47c367c5a3940004ccc3a099db09d4451db9478c3058,471
raw,1125,raw/1125.rds,220,09674695425c2e2edc09b9f51bfae26bdef74f22ee538e9fc0baa2e5b93a91e0,505
raw,1126,raw/1126.rds,149,7f26d2be8eced91a80020383d46f35b044d30dd27697fe021f1c3edc61c8e9d0,434
raw,1127,raw/1127.rds,3177,7cb26962dae708cfd423312c4cf4208dcc92e4a6871d8de67f607c624f388fed,2867
raw,1128,raw/1128.rds,46,dde4d06b820cd529399059949a7d4da117623b8355f147c4485408eec85019d8,312
raw,1129,raw/1129.rds,45,5d192fd1b827db543135f6be9e286f93cdfd52d01a3208edefb834c449b30ed8,313
raw,1130,raw/1130.rds,11,632d4bf6eb7294cd559e6928d62f6ea00f997cad9511601cbbbd417b4562c308,256
raw,1131,raw/1131.rds,15,7a214b02c4c7bc123736c0eacdb175b7ff4ed2c343d98ce1b2b9c0739d3e5446,254
raw,1132,raw/1132.rds,71,fcc784eea77f172217223309682164773ff8d329de59af6d131db4bde6073aca,333
raw,1133,raw/1133.rds,320,eb232257a31a23a963b5c1bc4d0dbc3a9c47d08b3f45d76b8fd868d2873218d5,527
raw,1134,raw/1134.rds,10,09a5d1118f6243c426e666d7f49e54ab332b293fbf193a07b7c5188c942e4c0e,243
raw,1135,raw/1135.rds,37,ba888daf78e2cdcc4f09a1277cee2d6c37d239c01a1ffe2e94d18a172e49178d,296
raw,1136,raw/1136.rds,17,1699c8a1b6010923dcf8fa40386bcceeb0b5dd1e1c4320af04b2bfddf5bcfd69,253
raw,1137,raw/1137.rds,1,9c7981eb75043c68b422bb1e6d92e08c4b37ea4026eec611631a67b7e507dff7,209
raw,1138,raw/1138.rds,137,6c24a46198e826d48802e5727bde6da0ac33aad967c52d5eb3122c3ebf212a54,433
raw,1139,raw/1139.rds,6,90482e9f9c7cf1f89690c7483f9e3ce943fcc50df05578d4b268e90bcd748cf6,232
raw,1140,raw/1140.rds,42,f956bab04e5587060360b8dfcd1989ab50e679a602f8b2e81ab7fbf17f974fbf,312
raw,1141,raw/1141.rds,29,3d7a021c53b2fe7ae5d9341554ab0f32f956231dcfb8d3df60fdade254cb95e0,276
raw,1142,raw/1142.rds,2,1ca61611d109d4c5dd472b309e98e9acec37bebfd425ca25fe8b81efb7c80501,214
raw,1143,raw/1143.rds,7,6da8189e8586b282eb171d5bc6ad2782d2152119d309bf3afa4465394536e9d0,241
raw,1144,raw/1144.rds,6,ebded95ae8036f46a52d0cdd7c364f686506d96c24f816266429bb4530535bb9,231
raw,1145,raw/1145.rds,24,64b887cec6a0b3366974fb2593f46cd375db45f7a3676933e44b6327f421b9c1,266
raw,1146,raw/1146.rds,141,aa07ad45c32d0210fa0d9610dda965cc8514778208de46448f81fc46dca75fff,446
raw,1147,raw/1147.rds,19,ce797d33e7c374d44594ab8094aeff12beadb15118cded7989fbb4ed379dcc3f,271
raw,1148,raw/1148.rds,9,39b62dd05ad02f6c1992a5b0fc2bb6a9fe14dd74bc56c8ad55c60f868b2b8894,233
raw,1149,raw/1149.rds,29,9dd04e74bbd1a6a55e912cf67fbf3fe4f1b11a28ca86a1e9b87e2e6d8925c795,283
raw,1150,raw/1150.rds,20,2659eaf4198ad955b53deebfb12492c696dfafe13e2158cbe4fd27e9e3346656,256
raw,1151,raw/1151.rds,32,5cf2a9a87ea40de5a41594a2282bdea2b79f3e7802ecec789cbc08ce629107ac,278
raw,1152,raw/1152.rds,3,977666bfef4d92eb2099b9f0b7be98d7c146a0419aab3f5ba5abfad947fb0108,221
raw,1153,raw/1153.rds,14,c58a5c9d4700673bad8c78d1e0317019c06fb5f4363bacd6bb911edf1543528f,250
raw,1154,raw/1154.rds,10,b5bed39a7d64d9608df0a87f29940a34790ea8435ab8d6c4932b2d0733cdab21,254
raw,1155,raw/1155.rds,6,abb89f4e594017bd5b7d05f196d38affa3595543b7c78c952414923418313325,238
raw,1156,raw/1156.rds,7872,d8faf7cf0f8042e0542af5a43c818eb0ff9ece33d9555e96068f61363074063a,5661
raw,1157,raw/1157.rds,4,d62456e17c31461e791c096cdb2a54011da7b108964a57388ab0c48f6d7441c8,220
raw,1158,raw/1158.rds,22,db1cbc95a43be20bee59867732cb9e4ac4f0c8d6fc311ceb5352e8e4d5e716e3,282
raw,1159,raw/1159.rds,14,e1fdfb53ed74382c04178f3160e8fbf2478f06438db4e3f09a7cd67d58687c1e,256
raw,1160,raw/1160.rds,45,126df8cfd1dbe275f5f0b90b48ab4fa0ef7b8ba685c18ca4e8842127832cd155,305
raw,1161,raw/1161.rds,52,37aa29360b7108f7808fe13f54a623028f49447ffa63dfe4ad6100854ef1fb5d,304
raw,1162,raw/1162.rds,7,ea4e55fbc6ab850b4c80f0ebc1a06cac0091fcd80fb35c144f8e54cc019e72f3,233
raw,1163,raw/1163.rds,22,65e68f745c451c9079c869deeb39901e7d8567111b2959a92fd0c6eb2d5e0d68,306
raw,1164,raw/1164.rds,71,3897db12f2c7c9e87dd44b8bdfc83dabad7449558fbe705b0608749d54a0c71d,369
raw,1165,raw/1165.rds,24422,082d8ddda3eb200c7d0623f058adc1f16b49db227ac7ad7708d721f74e7fce31,15314
raw,1166,raw/1166.rds,4579,5b81d6e321007f4959174916bc28e6668836e33d8ed10bc34578a865e68ebaf2,3740
raw,1167,raw/1167.rds,25722,ca1d90313fb488754ca95c595f476fd348655a0e9dbd5010da3ddd10f5ff3969,15762
raw,1168,raw/1168.rds,2873,ce9c3e8c4b01a0096a6ec6791bb79af2fc84891641feb6859a5d124e84f7e681,2968
raw,1169,raw/1169.rds,78,723247b20a83e398f2eaa2adb8d7191d3e223bae97eb593cea34b0e411af39d5,403
raw,1170,raw/1170.rds,73377,a903a99d6e054338d26c0cf5f9cc0768b5946b92a90d1366f172fd2505263cba,34992
raw,1171,raw/1171.rds,78,0e4f06147d189977bfff62f5cbcac6c7c6d258a6110a037572d6cd109edba3e4,437
raw,1172,raw/1172.rds,1301,2ef0bd58725be37e26f20d8460ade64dc7cb2c5cfb06c3cfed19964d339a495c,1664
raw,1173,raw/1173.rds,197,030a487268803ddd333681178f0c175ea86676c578aa0f77fa2fc1f51b79c015,546
raw,1174,raw/1174.rds,4,7eb4eb81bf56b501490f4a014c76ee9236aedd18129c47deb402504cf2c944aa,221
raw,1175,raw/1175.rds,0,adadc686412c8a32c45fc2489b7ee54f6faaaf976b3b04409ca638c0bcd353b3,193
raw,1176,raw/1176.rds,32,6eb1fe294147ecef82587fbac1a81036e06e6097b369bff3da8e750ae468215d,296
raw,1177,raw/1177.rds,2,a6692b9e2e37ae4b0458d2594aacdda6c74edeac25cf53440eea53bce4de6e28,213
raw,1178,raw/1178.rds,1,09bfe428604d83afcc8bf9164eab06e20f7253ac8bf48f900fd73d162217a341,208
raw,1179,raw/1179.rds,1,70c319e30fdd9751ffa4c3667a3b24b4ed18675ff62ceea101713f415c7c3dd4,209
raw,1180,raw/1180.rds,28956,cd7951ba452d93db9adf09d71007fafbbca709734428fcf295ad2c2a4d3e756d,20904
raw,1181,raw/1181.rds,3,3a4990425ff137206655d00f1d6728b9722c78c4a55c2470e9a47b0fefa1c11b,218
raw,1182,raw/1182.rds,16,af15161a9ffd96df3a9295b2ffe3eae8db87f294079d76e049985f7dd90bf3a0,261
raw,1183,raw/1183.rds,422,9befda1ed0f8f534a36a6978fb6274f29198a166c79d2f4778ba865537d2352d,656
raw,1184,raw/1184.rds,6,2c674cd6afb5649f9e6f61e54fd11e8c092834c6336b2990231e1608a3087eee,232
raw,1185,raw/1185.rds,2,f8f0a73a64450a33d0ee24e4dc475f4106e9068a1c5a10d622e2acee3fced3c7,214
raw,1186,raw/1186.rds,45,437c74a43bc8e5fe2094e9f525fbd4203fcccbda4773f04c203fef6529c0de3b,340
raw,1187,raw/1187.rds,33,da4c31938668eaaddc023c98ef2a5cff890e45c14d6bdfc7c5be1984ca0f04e9,295
raw,1188,raw/1188.rds,43531,1fb2ea2a7506e6325e6e0519d2575afd1828e0e6d5b7079e4a3fb7c515497dc5,29713
raw,1189,raw/1189.rds,82,d95a6a34ed5481608a27fa01835284423b39f6f26f5d1171239cfccdcb319f5f,443
raw,1190,raw/1190.rds,133,0e6a078dd47cc1cba73dabacdeb516729a3758bd11591ddc5994ff2a27b7c7ed,423
raw,1191,raw/1191.rds,64,6f162912ce03837589d39d3a66840248a50224d43bb5e49ada515808d16abf26,349
raw,1192,raw/1192.rds,391,eff257b74d9e8e16f138687731516603598f53aca21e3c721ab56cb83b60fc45,769
raw,1193,raw/1193.rds,1395,c5bb63ec7545b584e4eac179465b373b1e39351c9fae7819f6e2bd8aa820329f,2166
raw,1194,raw/1194.rds,175813,3d76df69c81ba2aa4c44043868976d63d87ecfc35794bd0a6f111f17537fd2d0,84219
raw,1195,raw/1195.rds,7,2357074b5a5cc68c327d6ff6b7a84066c04b72b0eca970a8c2b6eef3d0ad9fcb,240
raw,1196,raw/1196.rds,9,3031a093c03cbd27857b270010f8fbe787d545b783a0b63d41b6b68f83c83414,232
raw,1197,raw/1197.rds,3,c736b50abb8bedd4eaa5fdb98b1f570dc1d249e2cb7dfd8c8c373d45b513dc20,218
raw,1198,raw/1198.rds,1,e7e8a5e903a80ef5a8f5474e68c6565d750c928c3cac060439edebd8189d15d1,206
raw,1199,raw/1199.rds,37,526cc72c59ba1ef58f2a49a44e2d12d9c026372c360710161d516b623bb381ea,317
raw,1200,raw/1200.rds,3,bba5ff03519469ce1318388529a39cb933c64043026459888b8cfebdefa37346,221
raw,1201,raw/1201.rds,13,ea08f515cbaca2a0bca8cc2c96cda01d5e929d7c7fe0e7481b7751a7283233d8,259
raw,1202,raw/1202.rds,4,0f2572827a4d3f0646f29fc9fa3a5c106affd0981c4a84ce00485ebe9ecb0b7a,221
raw,1203,raw/1203.rds,24,47f7174b0d83b1921c16804ea4b1d0d8f6982292577de15d6a598cff1c48880a,274
raw,1204,raw/1204.rds,48,487a77f8a364d807e5a7f2ed8d72e00c6a198bdb8dd3dfdda8aff0cafb0d0ab2,340
raw,1205,raw/1205.rds,82,39a0f893219d6805f4cf00c63a2f4544a11c8f9c1a5de4b609c97665a56f2c60,367
raw,1206,raw/1206.rds,15926,56e7e5a76af5247c5694e9ab4d64a58acface58b27ec8a51d4250c544d5aefcc,9148
raw,1207,raw/1207.rds,2,8614bc704ea648c0327bab3c2dfaea0d3009831d62c92516e5f025efd6ebec25,212
raw,1208,raw/1208.rds,508,f4bc98853f7998dec557f095fc28c305eb87664b635692a2cd75f823d1c30ef9,685
raw,1209,raw/1209.rds,60,4c469bf842783992ae2b9de554eee7baad71598736cdb5ab64e01567604c45f1,316
raw,1210,raw/1210.rds,10029,c05c032a231ea6f4f1eb44ed2fe9ddd234a4adfee25c411fc78f0c4526b59f2b,8572
raw,1211,raw/1211.rds,526,0c20d57b1396256aaced9f019ebdcf942a0e19ee67a49f3db63d155671a19b54,1453
raw,1212,raw/1212.rds,34,dc02e35f613598764c46c08e4e9a71fc97057822fcf434922ad769f1cb0e92c4,296
raw,1213,raw/1213.rds,11,b4add56ea0e91fd38bb47c01f31953224e135a2b019e194de505760a1da7f7b6,245
raw,1214,raw/1214.rds,34,7a3537e4ba1423c8ccc44905a96692cf07f73b33d5982b92da7f06f8de007b8a,299
raw,1215,raw/1215.rds,14,36047312d6781b291f6a103f340ee45a67d15b809f25e1bbc2a925a8366b26ab,255
raw,1216,raw/1216.rds,47,c85b86e7fe143c45d174e2d3b37e18f714cbba27b1efe9198f2e4a377bd94767,323
raw,1217,raw/1217.rds,36,b1b3cff2e6141a95ec964d2cf4ed006a15148200c863e0201f274f5f7db9d813,304
raw,1218,raw/1218.rds,0,adadc686412c8a32c45fc2489b7ee54f6faaaf976b3b04409ca638c0bcd353b3,193
raw,1219,raw/1219.rds,68,fe5e6f05c4368908b3d4db479a006b2f27c35c454220d90c5be76dc71b3d3be5,334
raw,1220,raw/1220.rds,3,674c199a82ddfdcb472ee2324d94d30ec02532d5f313ced62dc808e3cb071d96,218
raw,1221,raw/1221.rds,3,1882478672e5875d04b32a0a4832ba87cb78b072098110ddf23e94aab25a8b56,220
raw,1222,raw/1222.rds,27,cf6c83d6049f3371dd3a58f8acba10f696a2faac65b244c6e590c7f208585ee5,290
raw,1223,raw/1223.rds,1705,ea7a59aaf3c7cc7536034063898a92937bb7956222bcd09333e3e6527becc898,1891
raw,1224,raw/1224.rds,3,42321a767bd3543715c2983b268b5be70ecd11267fbe6255290a4d3709a239c3,223
raw,1225,raw/1225.rds,21,80e46ed4a7c97a95625532e0f353cdcd1cdf2292249527d43410930c0378ce97,292
raw,1226,raw/1226.rds,10,0102b7b42ea964a4c2a6f3b90d62e9f21c983e0ca7b7c2deef325dcb7ca53e4f,241
raw,1227,raw/1227.rds,18,bc0b128d1856203d717ae1f18884c98c3d28ab6b2af7bee86272bef53a06e627,282
raw,1228,raw/1228.rds,139,413047f59da4f3be8e47242de109be7aad6c73c958766fe3d3d448eb931733c6,422
raw,1229,raw/1229.rds,2,60f01394c3a5aa399987c57a3598e2465fe482e0cf9dd1d7a1d7d7df650523ad,214
raw,1230,raw/1230.rds,91,8da544ef21f3280176caddb08e1095422bf47f7fbf0b2dc113b24ff456dedca6,404
raw,1231,raw/1231.rds,2,628a1e18c89f506e1e9697b0e669e74e5baaa9ab41f238d69e30e20ec790e7c6,214
raw,1232,raw/1232.rds,1,fa6e7a96c5f53984dde23c81fb5b2be1f4411506df419817c104eccf4e488e61,209
raw,1233,raw/1233.rds,50,1054377c7dec8c5b629d05765e1095c7cd420f5f454a5b50d89a1dd425f7245c,343
raw,1234,raw/1234.rds,2,919cddf4a0f3e704057288ed3629853bae96888b68b5413e2246ef5549a76f60,216
raw,1235,raw/1235.rds,27,2d98281ce6fe06d9f4b35d66f6c276d562de2db017e3bc407606fe1993a2e79f,307
raw,1236,raw/1236.rds,15,e9a6422d7a68b620f9e6d542bbae2bdccc3c954e39bc5693f1cf78d38298dfdd,257
raw,1237,raw/1237.rds,47,54348ccd9b50b1d4613312279533fd9a0783abbe543f9c157546726da2aae5d2,337
raw,1238,raw/1238.rds,3,9bc2402cf18c06c31847da8fc99ab4958216ef9a6f391173339ede59101c9f95,218
raw,1239,raw/1239.rds,528,9b0266d040a19774d0084a4c113870bae32aa4877007f66ff14cd7f1cb87cf13,871
raw,1240,raw/1240.rds,13956,03181d84b5dccdb59daf09c4203f791b5f478a97b5d679ecf726f3b68b3f5774,12007
raw,1241,raw/1241.rds,3,460b0902482e12e7dd311e3205a28b383a0fa8900c4f7bb1178234d5cac72695,217
raw,1242,raw/1242.rds,11,d5c0740218da96cc932e010a8d1e84987a3a4754047632cd7fce230132e361cd,246
raw,1243,raw/1243.rds,8,32444284acf30a41fa87460a55954f8ab6961118ec2cdce62bc5c74c390150cd,247
raw,1244,raw/1244.rds,61,e5e120aae007eb5eacbe382c569c2f4178723a75a156b8606242921343e02a43,352
raw,1245,raw/1245.rds,1,3e15dfa8bf1373266e3f3b26ad19cab97ca0f1ec06a0f2eae73d12075c1de9bc,210
raw,1246,raw/1246.rds,107053,dfe90e54cc2819618db3729af3ef4af3beaa3843e29ac5c2f160b6765aa5609a,55210
raw,1247,raw/1247.rds,17,572a8d6afa4ba46f9c1701d74b4fe3d1abe10bd0e99c69490bf791c539298152,280
raw,1248,raw/1248.rds,1,75375251107b94826abd82eff015e5062fb28dce17029dc4db6a6950446ad89f,207
raw,1249,raw/1249.rds,80078,08e1b08cc51afb57d27c717403504a28ee929131aa3f40d2b7d32fe99c1bf845,49536
raw,1250,raw/1250.rds,100490,7da2fa75fbc37b8a623db509141ef2affc77a07a5070d7b2f5a4e3eda715334b,51107
raw,1251,raw/1251.rds,4,285740f43b319be32e7181935e964dc087513765e4f0ba9881b10079480d30b4,227
raw,1252,raw/1252.rds,43,e35b9f69b59e8fb9f4bdd2be9c5c4fdf438f7ab907d70ef1540d99b7f47d9083,313
raw,1253,raw/1253.rds,86248,e31e85b89915492226f6acb3a20e7954c3157cc7e618ffdafac9a65e8d82f293,50341
raw,1254,raw/1254.rds,33407,ee01d5ecb4f219cea74e5ec83e23a12dd4197ab3b555b09d8732c6c428462143,19720
raw,1255,raw/1255.rds,5,fd20723091c4fb47b59346c97baf64dd07644cdb2cc20c7bb372e2474433d6f2,230
raw,1256,raw/1256.rds,78599,060fdecdb8da4b566d33bb97e273cb3e9cc3206ece637931ea2b8259a38a3ad5,42026
raw,1257,raw/1257.rds,330,3e5e365f8f506cb69366bbe6a54c2ce4c9c5565a018d35cfb87f2584599b1a97,946
raw,1258,raw/1258.rds,123,e9187bfa4d49d965e609aa486c88b46ff5c6dd32ebdf486b6ef6acee249be381,523
raw,1259,raw/1259.rds,1,ff131756478a18052a2638d438a0c1fb97c720f88a1407fa7caef6db42b8efbe,209
raw,1260,raw/1260.rds,8193,00bb9ba1b40f05a3a519483595d04a7ae523054ac7a9c64e502338cac5fa745b,10002
raw,1261,raw/1261.rds,65498,e9776c9754c62ed847eebe4b1427be8d9453b4b19e53874a501cb10afb92e2d4,37037
raw,1262,raw/1262.rds,178,3ac3db3dd19d65e8f3b46d7236cb8c655d4ab23148ae4b1e8ac37eee191dc094,422
raw,1263,raw/1263.rds,2,98f7bf1642a1e80c7a6179875f08b40926bce766a66b8b3fbf845ee0018fb1e7,215
raw,1264,raw/1264.rds,13,ad7cf862119e3c72e60fae257e08b17836de98136c5ce6ec97f37775eb80a63f,247
raw,1265,raw/1265.rds,53,6afac114c0d7eeb3a10c2293e1d289f869391ad3d15c6cc736e8196f02da2f2d,322
raw,1266,raw/1266.rds,21,62bafc385502d51e84fefd77069cc9d76b99b1595d286ebc8e185742448ecab9,265
raw,1267,raw/1267.rds,31,53863baef14406ccea04324344a38568b1c0fddaa1ee5cf4ffefc765c87370d0,287
raw,1268,raw/1268.rds,17,2152a1a064c220c75d76258c2b6bd8b47ec9008e4e97778a7d91208111deb3c1,267
raw,1269,raw/1269.rds,6,0b088698322ca4a4842b020648f6f40f08df5a22cacbdae9b9b43900f6a7c675,230
raw,1270,raw/1270.rds,102,54c0a72b5380888e651d2e5af9918032dfe4c3a2f2abfc02f0727d9e1558685a,359
raw,1271,raw/1271.rds,28,b5181a847ab00559e047f06d8f5a384e72b737f1b9c7b78a646c6add429d5899,280
raw,1272,raw/1272.rds,29,7a7b43ff7ff0bd1728d1cca2bcd3e878eebe9b7e301f82f53b80a08df616e0b2,291
raw,1273,raw/1273.rds,442,77ecf60894a5dec75eea437c20368dc9caa9e99f048d0916ec6f015236b22c7c,695
raw,1274,raw/1274.rds,3,ccd1fe18de91d9f63846fabfbd9490e35962aa2fa150614e2f6086b6ac8ec75e,218
raw,1275,raw/1275.rds,28,656ef7919147c78925f551351ac9ddf499e9adf1d4aca98157d5bd514b0bfba0,278
raw,1276,raw/1276.rds,269,88f1649cfe12988552089255c5431ddbf4750077aa34984726a82039be560750,680
raw,1277,raw/1277.rds,116,5b401974f6bf0e725df59178f9912f301287174bc2ec4b69127521ccdea0545b,391
raw,1278,raw/1278.rds,248,1a76286f9af29bfa747ba75feb92457b8bb595292dc26ceed93c53427549980f,685
raw,1279,raw/1279.rds,388,32b8bbf4f833c6aa1e815e92cac621bffd22e4ff8de429bdf47e4a0e7aca556b,751
raw,1280,raw/1280.rds,17,bcec6348876333ca3706eb9b62d7d22a31b37eb21ccdc4b395ea00bcf3e8a037,257
raw,1281,raw/1281.rds,8,7a8ff0736f1d539531f7f586cb9529486f3604b982c4b2b4e115538780ec364a,250
raw,1282,raw/1282.rds,66,c6650ffc1c43d81684cb22df0a23b6ef8339cd3577d347f5e3a36f26fd1d66ae,445
raw,1283,raw/1283.rds,27,dcbbf45fd15bfcd131ed35348f03525e551d7bfba6821c134656bf560eef515c,275
raw,1284,raw/1284.rds,107,28348955a7d6a562c074cd67f27e7258abccdc551e7f667160e2fc644c88e9e7,361
raw,1285,raw/1285.rds,379,c3df9462397f63a66f5d1a67ab39a48585c77cbc6f6bf5ddd2b17616078343bc,768
raw,1286,raw/1286.rds,13,185ce3ee4083aa16d8fc2d056b360b2d1637b222ae82e88f02011b755f7a173d,259
raw,1287,raw/1287.rds,1,c0e449a7203fb5e72a8840eb47d4ceed6f6e71c3884ff4d78f1e0babbcd731d4,208
raw,1288,raw/1288.rds,10,308ac6a2807b1b34488df8e61f6592dd26666bd18f8efdde1e47a74062c15470,245
raw,1289,raw/1289.rds,41,068d33880fffde72c2ddd22384757db3e4753cf516ef8435fadc1fc5a677ac79,308
raw,1290,raw/1290.rds,273,2e4b0eb69b1a5e4138d32c27f77f81e35aac566e3c23176f9f938b078df3b6b2,637
raw,1291,raw/1291.rds,1,6081a0e7d25d224b79f00fcfddd56183848f744193a8f8d7e83b9c78a81300d4,208
raw,1292,raw/1292.rds,44,f7e6c229fd0fafe5b20e312cb43289d7ed29feb93ff275e348f3e9f27b579185,296
raw,1293,raw/1293.rds,21,01ba8920fa7b3a613f1d19d6e8a7459d73e54d49d2b88783dc4aece49167557e,295
raw,1294,raw/1294.rds,35,9e96eb04ef24a033cdfe5c86d06b2c891b81e2c7d54d2013ac9c3b41cc7653ef,317
raw,1295,raw/1295.rds,6,82ecf66c58d4c352c928b0652d7bda738ebf65310e97f865a088f3d387f55746,231
raw,1296,raw/1296.rds,134,63dc05dc59cd3806854c971fee07879cee5bd263297ed1e9d0efa61a3ef83907,398
raw,1297,raw/1297.rds,38,1f11dd3692d520e63e6cfaef64be211ac86aea3645bee4a593f971813de1e1fd,282
raw,1298,raw/1298.rds,16,ae1753cb248be5d313d659c914c4d74db2718b53c3526876c98f557e04e80180,260
raw,1299,raw/1299.rds,96,505c63c9bc68cf0beb1967c32c4919c5c85a58db0ff807a9fc03bc0d093e1070,401
raw,1300,raw/1300.rds,0,adadc686412c8a32c45fc2489b7ee54f6faaaf976b3b04409ca638c0bcd353b3,193
raw,1301,raw/1301.rds,37714,93887f7ce33b340858e7049effd77eddb8cc83e6dc63652083c276801967a0d9,23977
raw,1302,raw/1302.rds,5,2b0cffc14955623d4d88b376c6ec6a8da63745d839f070f85290ee41adbb8786,228
raw,1303,raw/1303.rds,3,7de0b5641935a987db114fab09bf3f84ed5c9467101ee9cbbc28020142924587,220
raw,1304,raw/1304.rds,14,2bfee59920729856e4453a5769da07e790b6309e5fbbe2702fe6dfcdae5701cc,254
raw,1305,raw/1305.rds,1,86c888019c46ed1f757a6767b80f2b1d3da9ed1ab33bf7f8c34c6467abf27215,209
raw,1306,raw/1306.rds,1,84775316a433a099634b7a85349ef90d1b652c926002118a3aa4838b02f14440,210
raw,1307,raw/1307.rds,2,8a0a914335a32b81dec7041aab7544210e4b20c4f5c71c772dc7df160e261ba2,219
raw,1308,raw/1308.rds,9,4905c36697bd5cae33467521a0b93cbe940af386d6ee485b3c339c66e3df8675,231
raw,1309,raw/1309.rds,2,392634c9a567551dde3e1978053ac66581877de814acf13abe3297422c8f3164,219
raw,1310,raw/1310.rds,13,f4a2404df125f7e71b4b4a74390ac000e4d0b6afa677152e23775f816eb65ef8,249
raw,1311,raw/1311.rds,2139,354523f76a9a91315c1c10e5fa9ee2ea162dd0edf820bd56311ebc048efc4822,1996
raw,1312,raw/1312.rds,5296,8b819167be8b77a79d2cc02e50f5c6e8b7d45bc82f17ea76ca4615ad72b19be6,5031
raw,1313,raw/1313.rds,1,f641b7565a795e2b7658a7b54644bbc4733dc6a17efc6996f1134f452e7850fc,210
raw,1314,raw/1314.rds,1,4d172853a8a5501b96801fefd94b41d255ed7796ce867d8defa9af97ef29babf,210
raw,1315,raw/1315.rds,118,1b73711a16384618b423abecc4e01b44bc03a7fc3c0c12dd2c5eafad6731a9a6,565
raw,1316,raw/1316.rds,216584,50c13558775ec785b7f2db11ae0c79765fdee7734ab2480bc37138be7d61c300,87837
raw,1317,raw/1317.rds,38108,a933c12f3b94fb05d1c1858b6d086b203b0e7b885c8cb321aa3d18309570d7d7,33484
raw,1318,raw/1318.rds,3,a1b02c8b254e5c63c69d4d1c03d8dd9f2777139b5bbdc5169094c649e77bf8b5,223
raw,1319,raw/1319.rds,244,c9213a04f42883e3ca30441715775b3b31621f9ffc513dd36494d18aaf761dac,573
raw,1320,raw/1320.rds,6,62b9924106ef23c914f89de21b25862a7a9e8dfb5e0a85112cef7425636893d3,226
raw,1321,raw/1321.rds,1,aee70ff180e78475667404e1dcbeeca20049e34e5844cd7073aa5793f4453815,210
raw,1322,raw/1322.rds,2,bc903ba490e6205df42df0166bb8a483078c4d6bbcf48ad23b4680ae4fb5a337,216
raw,1323,raw/1323.rds,120,e2525dbd53d4723c72d956b2e31d33323a9b613d960a42517ab458d687213265,441
raw,1324,raw/1324.rds,1,53953f689e8dadac4dde33c0fafb7628d7d44a93d06cf4cb1001ddc84685d4b4,209
raw,1325,raw/1325.rds,275,46e3908893f0991653e18af6923bb78225b32f5d5a68181ca9c8d6494e05d171,531
raw,1326,raw/1326.rds,146,4a9b58b8be8baf0549be1f42c98d3584040198927263002e55f982dd7a023e94,437
raw,1327,raw/1327.rds,49,5405b8cb0bad51fe503ebb7a5700ab9a262821575fab07744eb35c4e0073f7a9,304
raw,1328,raw/1328.rds,93,9d9300960d598e87ec1024ac01a00c84a61291da0b4153d57b986f6ce4894b77,380
raw,1329,raw/1329.rds,147,2a752da7dbea3ab1ac737adfc68cc1762be52f327416f5a465fbdd558108401e,474
raw,1330,raw/1330.rds,6,97785008d8f3e5502ff3f5ba785273246c225ac80b29791892c783acaaa742bf,237
raw,1331,raw/1331.rds,8,693d10acf55d22c25bc8a5a513a2b228b56e148d76a8577beeae2d87b73c44e5,243
raw,1332,raw/1332.rds,12686,b1011e64245ee3aabfa4bbb82c4db2f4d15c1df4b997405f320f310bec91570f,12154
raw,1333,raw/1333.rds,744,ce5c02721c74ee268d86d565b9f29b78f9d70ab759d1a36f96e74e0a36d486d9,1202
raw,1334,raw/1334.rds,1,ba15907c765f2a2ce6eddbb826b331d64a2fa9ecf171b84d4a75d9b0a767d4ec,208
raw,1335,raw/1335.rds,24,94804767dd1f5275c0c34bdb41d388394160add6fe4dfbcccc8ae493581009d7,285
raw,1336,raw/1336.rds,3,cbe45075f18ed14c74f54567a5d8736f83e579e7fa4fff8909d6401791b625bd,222
raw,1337,raw/1337.rds,41,70746873dc58ad73bf2e47593a305512cc83ec91f7b169f97c837d5e8b8d919e,302
raw,1338,raw/1338.rds,94399,537701c7a7438b98bd008033c35d98b376363016d3c9e562afc319c1ff179464,50510
raw,1339,raw/1339.rds,5,842d422bcf85a8b87ed23b679b9b2c5eedb8d6d6f25e660526ddac05f699f320,241
raw,1340,raw/1340.rds,6,9405fc9ea601d2f9e71964ece2cef24b7c88b9c6c8ba439585a7944a26f166f6,235
raw,1341,raw/1341.rds,68,101637f106bf607aef8b575c00bc8e4abc8d00fb17c98045aed42337526e7180,349
raw,1342,raw/1342.rds,6,4ada20a6b3adce0e41115fbb40af7416f2fda838e73eaf1d231ea4e1ef638f70,224
raw,1343,raw/1343.rds,3,8d047142a361199f3af13d390875031bf6e35f2dc3bfc409f9d36f484c8b0b96,227
raw,1344,raw/1344.rds,18,e34618387cf15c21e12c90f3182e508dc7919837e2b3a1d8288d831dc38ec1cf,268
raw,1345,raw/1345.rds,50,e5b685fd53ffd642a761160a44fa6ab1e3ec5fa86a8f53a016c6e38659d16846,316
raw,1346,raw/1346.rds,1,bd39482ab43ea81292c658621c01674b5e8e25e1f55c1a217ccd9a0bd7cf3c96,208
raw,1347,raw/1347.rds,6,9eceb05c2c6839bf8e1b6339d386df2be2412fd5d8a2dbb395cb8a67ce3b78f8,231
raw,1348,raw/1348.rds,7,d67d7fca08c4d567165759ac667b3e761d69de0b983ae4102eecf8dc4fac9b6e,239
raw,1349,raw/1349.rds,2,abd9b90979cc806bf8d20b04dc31bdbd90e51d7a2a77f669727fd41dbfcb0c9c,218
raw,1350,raw/1350.rds,31427,4eabb5d6cff60d475bf74b154c08df50221f3bd7b1f6989b13a1095005a31528,19799
raw,1351,raw/1351.rds,88,542c0dfc8ba7d45c17f589917b70ecb7ff0bd8f2de8955eb70843eb1b907b1a1,398
raw,1352,raw/1352.rds,208,3aa5715aa53c9b50f173c8e946b711340c43a5d85fc64ca21203480f9c368baf,565
raw,1353,raw/1353.rds,46,d55f17d7d6e9b847a0ae5b1828717585d7ea6bb84e0c06728e5425b6b0a80fd5,342
raw,1354,raw/1354.rds,1,08be0c1d441f83415dc5f145d31044f9729a8a02dc15bf3e5c14d7a42e651468,209
raw,1355,raw/1355.rds,101,378abf48920415911107c00a7714ab274eda249f1cee21529604e4fccdc35a23,362
raw,1356,raw/1356.rds,286,ce0c002b03d5f311c4549577ebdbf2451ea57593382e0fe3cde3ceddb7f28718,582
raw,1357,raw/1357.rds,1,8cdd8a5ad5d13844d2542235c4b87b10cfad5dcae06c2f912bdfe2fd507cf3ac,209
raw,1358,raw/1358.rds,28,d1dd111b82714e33655155686f30b503867546043bfefbc526ec7ea155706fb0,279
raw,1359,raw/1359.rds,27,dc3f8c45d65f3e01934244bc65c9e38b8a4f68db0649b5ba4ffab63b6ccc7ac1,284
raw,1360,raw/1360.rds,33,610d81fdb03c78c0e89417425481805545877ea39d93c3942d86f8661fbfc9f3,367
raw,1361,raw/1361.rds,1,b6467023096df6770bc56b426ccf19b1571a2c64fb4e12c983bdd4f254dc36ee,209
raw,1362,raw/1362.rds,42,07a2b3aa1f353217ca0e75205fce4d41620db4c3d40d1de7080e2262bafdeb4d,311
raw,1363,raw/1363.rds,18,d916e03b98862a51d6ee2a5ce6cf3e78059840f38fd07360c6ae4fe79fd46c5c,258
raw,1364,raw/1364.rds,78,9cf082d1de3eec0c51ead650693329c51f2d1da5c1bbb8d3d644ab0ba0909b2b,373
raw,1365,raw/1365.rds,32,25ec2a6e4fcc68cda006cb87f57402ab4f95ce27951d4962edfcd0e4d08209a9,301
raw,1366,raw/1366.rds,16,97ed5e608b7c49ce955e4d667cf74a4b465b4ff1a15647bc1853299bb4819641,282
raw,1367,raw/1367.rds,6,e8f832550da0b0f16867b594475555d359cb8a85c30d003ed5ea1bbe14eda302,231
raw,1368,raw/1368.rds,855,90a7d8dd4c0d97e718aa35dddfe5ffbac0023a15cfb4402703d88117e60c080d,945
raw,1369,raw/1369.rds,3,8545fee4b4be60188dea1feac59e55d9b8ec48a92bc34a295232cba85f12eb0b,218
raw,1370,raw/1370.rds,13,13b14f855288aef70a3aea3f018e2b41f8c9986647e141b55f9490bf06b9cc66,250
raw,1371,raw/1371.rds,5,491c0812a2695bc76a086309a1c5506f3ca842a2076abd9dc0ba82ede370bc35,226
raw,1372,raw/1372.rds,5,4050902843ce5bf554b0dbb09a8190685246c1ef9bbd5ccbb18493e9d8b1915f,226
raw,1373,raw/1373.rds,3,a9a793e0223477382ee0151c806d03ae1aec8c288a1ae8f8cf756778cf330867,218
raw,1374,raw/1374.rds,262,ddc1dad1b28a55268d0bd6cd55dd87354d94d8b063e27fe6bbc2fa1336cc792b,580
raw,1375,raw/1375.rds,459,d7023dc20ee21be56c736bcb6c6de02534d04d8bfe1573b932e7101e33ff6c2b,847
raw,1376,raw/1376.rds,173,ea48595da83f10cb652cb50693d8770778439dfeaeacc65933247d3c0e37c3b4,547
raw,1377,raw/1377.rds,38,1bbae7ab06e74e4ba189ba75b409981ea5e331feadc0d99be69ec8e103626826,355
raw,1378,raw/1378.rds,97,b32bfc09b52f122db70fb3ef66d001bf7f1b7c8de0d7a0e3079844b2d8b169ce,431
raw,1379,raw/1379.rds,14140,fa7ba023afcc82dd09d95cf8f00452b696a8b1d948854e008afdda6a2fb936d3,8850
raw,1380,raw/1380.rds,49791,80a66bbf2c5357ac8837b0d1c18ff30fe301fd4b93e56a5e5c85f822eeafed1b,33480
raw,1381,raw/1381.rds,478,4ff2045377e756a697324c867c2eb0078627b27b455861b63dec4a16bcaca4c0,1153
raw,1382,raw/1382.rds,166,3063c44cdbca844f1d9ba4a208c75bccf736f40984cdd36d5a2e178cf9825116,601
raw,1383,raw/1383.rds,400,89f3f1aaeba7bc8816a190711e75de5888161109726b973fceeb3b0fb2aae9e7,778
raw,1384,raw/1384.rds,60,263decc5372de7b2c161df35f1e0a222fded4c55091429091b19f34ccbe4cc60,375
raw,1385,raw/1385.rds,4550,399ce6af26fbd46332e016496d7787725c8f06812e5d05306889e72aaaa759b2,6496
raw,1386,raw/1386.rds,3,e76990dd897369f5f551ec166311cadc882c555f7d0106f28e92ac7251e9db5a,215
raw,1387,raw/1387.rds,1,895ed0ad4d1682b8e633a9b321beea2838cbab6756424f01110fe3e3d915373f,209
raw,1388,raw/1388.rds,3,820d61c5c4e9ece5a207defc473c4bd53d64c0d44284036252adbb8e9881ce21,225
raw,1389,raw/1389.rds,17,828409216c77ff3c8ebc6178d9212bdfa2d2521b55c54d91a05907a237335895,262
raw,1390,raw/1390.rds,41,ec17570343eb515e63cfa2dee19702b7fa324b515fa7c46b079808d436a2ea06,330
raw,1391,raw/1391.rds,1291,d2a65ce290746281d3184b6132e984bca50c1ea998f80bb323a7823a2eaf77a6,2207
raw,1392,raw/1392.rds,35,74ef73a8e9497a17d48a89442028c811719e1c6198d86b5346146f4360466197,295
raw,1393,raw/1393.rds,51,131ccd0fd2a6dbe0688a133bc338b195a1b2c5c243a0f0f7a73f894f1838ece8,354
raw,1394,raw/1394.rds,7,e73396983910a456bf0c5d9255470635ae1efafbe0ff6f636da1769e93c62bb8,230
raw,1395,raw/1395.rds,8,15707168f05703fa63ac064a1bd28d8c0be0778c45bb7142bf5cb67b81b25192,231
raw,1396,raw/1396.rds,156,9f85ad968ee1e7e805a8cb8af0ee2a776c10d0469ff5d73ce8f32f33bc3d835b,383
raw,1397,raw/1397.rds,51,dd50f9e6343d51367e3eb5711bea243905d03298c1dba9e6bfc3c6baa450e61c,361
raw,1398,raw/1398.rds,3,3b553085c19379134092e7203a57f9e5ff80133d297a1f9ec4954a1df66771fe,218
raw,1399,raw/1399.rds,53947,ab5a2f4394505883f22c024e6408d4123ef3f6ebdc35c65f3866873dc72bd2d4,33397
raw,1400,raw/1400.rds,20,16f879db1650a0ae05613baddf430beb926a552f4313e2b0efb478e14abfb602,279
raw,1401,raw/1401.rds,3,feb0904f916fcea9646d041b010ffc3b9ec9a7f6918166212b759fbd18a37eea,219
raw,1402,raw/1402.rds,5,9efd457ddbf4c1bb7d58638369172aded4dfe77e2d04e86d37cd6c8ed261ec88,225
raw,1403,raw/1403.rds,1,73732c361251f991e520e25a01e3893f6c73fb35d2b03e060dfb59e0aa5b7449,209
raw,1404,raw/1404.rds,5,9efd457ddbf4c1bb7d58638369172aded4dfe77e2d04e86d37cd6c8ed261ec88,225
raw,1405,raw/1405.rds,4,f0eb27b68a6e2374e0c4d9530962d5384ed59d6165eaf61585145782feaf8841,220
raw,1406,raw/1406.rds,6,f1bee91a78e6f39ddffe7751717ac98541e34e843468534af71083c614f4b8b0,237
raw,1407,raw/1407.rds,5988,941cc8b5b7795af59f7f60bd4f030c43dc46e805b054c2b6aac0b0699b797b8a,3590
raw,1408,raw/1408.rds,105,a63ba9aecbc26c7bf3d35a923724f4a70826d6a325a35f9cd0c07c06892efc15,398
raw,1409,raw/1409.rds,28,f22268b9517d78f1c544c98e859399fd4c1b02e0eac144509a9ba040f9bf3cd4,293
raw,1410,raw/1410.rds,36,dbb8afa4072350799e0728cd7e015c1d221eede3c03f465917290597c50762bf,301
raw,1411,raw/1411.rds,289,2d93ec0ab8ffebf9b951deee235dad780d651e16909ae3eb7210cc830caca9fb,578
raw,1412,raw/1412.rds,35,7c393417feb1ded7018f118d85aa4a52cd3aaae3605fc39fea547d0770b88cca,287
raw,1413,raw/1413.rds,2,628a1e18c89f506e1e9697b0e669e74e5baaa9ab41f238d69e30e20ec790e7c6,214
raw,1414,raw/1414.rds,10,25adfc6a89800dcc0324cdc16a97fbc92fe60a92f793f52950d70d56084f53b1,239
raw,1415,raw/1415.rds,454,531a227caa383edcc669a5c6a9c181372592b48fcd0ce4de97bf504006a1e00c,899
raw,1416,raw/1416.rds,25,7c7ba2bc35405a56461c8f1537a084637923c3da3be4a127fba653b7070937d6,276
raw,1417,raw/1417.rds,4,390e809dd408ef4de4b0e866bcddb71bdad79f0e8ca9e1d88afa0aaa062c5059,222
raw,1418,raw/1418.rds,10,691c955d2a80e9ed9b3d8aaecc7138c2a1eab31a6bacd136ffd301d7373cd7d1,245
raw,1419,raw/1419.rds,17,2558fe0c98c003cc2c0c6ca2660d5d2401588fe0bfccde98d5868673052d8572,252
raw,1420,raw/1420.rds,2645,bcbbccc742e9435dafa441366c0439da8a96daaa28042ece2c8f2bcb9c3cc826,1904
raw,1421,raw/1421.rds,91,69084f745bcd3f760bf589b7bfebe93229c8d78a3e91d25e5e5d79514463ee76,383
raw,1422,raw/1422.rds,1505,f1bc8fd74b85836633ddcb7c39cfe422ec377e06969039f798f842268f1454af,1498
raw,1423,raw/1423.rds,18,cadb69ac1a0c3ec5e818bc6b4e878606f995374892bebc88734274bee5ad2d39,271
raw,1424,raw/1424.rds,7590,3fe86927f6d8a113ded658e593a1b845ec668a4794bb5bf4bceb203c9dcabd5e,9119
raw,1425,raw/1425.rds,26,6adf76370eae4539f240905691900688f554dce672897e67cf0bf5338a0dc6da,299
raw,1426,raw/1426.rds,1,eea2e5e4c047f0e9973c9c9d825516566bf8fceaac55a79850a9e710da6a0139,208
raw,1427,raw/1427.rds,9122,b5a84602b7f68aca13b342705e195d3abd64955de216807089cf84c180c6f843,5024
raw,1428,raw/1428.rds,55,25ce6a90e91752f4c2f003d2e6bd605df7d0ecb63ac0e468c69b7467a0468d4c,315
raw,1429,raw/1429.rds,19,3327e2132c7ae12cb6db113504ea4b28b6610998b1e7cf8bd880514559328766,270
raw,1430,raw/1430.rds,163,20efbbbb70afaa118e5e33987326b38a11098dc207b1c9579c6f5c2aa4f73efd,525
raw,1431,raw/1431.rds,2,f352b52c4a1fbc4231fa80d0f70f6152ea982e58405dcf1f62adc1a1c573b540,214
raw,1432,raw/1432.rds,121,8b0139f5954a1545369524ac3be3cb859bc62b7b62c71c8ed3f301e96450084d,426
raw,1433,raw/1433.rds,3824,1f58d337fb7126d4ce94ef1453a20709fd7a8761f1c33d4b075a89ad28914dc0,3537
raw,1434,raw/1434.rds,17,30e671fc8160971827dcc2a6a57af6832e3be9ad995fbc703d5f3059474555b4,259
raw,1435,raw/1435.rds,105,225c349ac6d5adfa304d2ca81bcd9d0bc350ec64d17b592e19005fa504b44b14,403
raw,1436,raw/1436.rds,83,a3476be79c217f80fed93a7edc6045ee73c852289f20cee8ec73fe91541a27ee,373
raw,1437,raw/1437.rds,7,95657627db118daacd4445179f5a79ce7c819d85ba2275216eb4eaae23674272,231
raw,1438,raw/1438.rds,22339,353b602a0f9ce939b60f9eeb6afa705bd1906e3e211e896d1588be30917c45fe,21774
raw,1439,raw/1439.rds,50,8e1b81214d20115f53482c8be9340cdb34cab9c04d556565c4b2c22b4d54ab1f,327
raw,1440,raw/1440.rds,2,d81f7e28bb4d5a46b86be44823802926e7c780e7d631e5fbae6f705ec4413869,220
raw,1441,raw/1441.rds,16,994532a4ab4b4ffcaba2565d5b8241accc8e396d4b0482c62cefdcb5187e782b,262
raw,1442,raw/1442.rds,233,2e2716ab538f3dc36b4c3b885d3e6de92ab28abad90da597b0611586022a632c,541
raw,1443,raw/1443.rds,1,8d11cbd9b6444871e620fe2c57622f1cc2b56fda2a51d99e22633bbc211bcc7e,209
raw,1444,raw/1444.rds,103,189cac89e45f0a109b212b0abebc8d04d95af250ca2fe8ba44442b5eda63bd5a,404
raw,1445,raw/1445.rds,39,b01502d528d951d65154c7b616def683301f9ce0b059bee9104e378587c878da,299
raw,1446,raw/1446.rds,86,8bd23ec3f95489169cc5b3491fa811173dc5933da8acf03caa24607ae1bbfba6,405
raw,1447,raw/1447.rds,103,210a89de52aa0db49fb983fd2df4d3926f05fc80313b5c3ed03dcbb5bf2869ff,395
raw,1448,raw/1448.rds,56,9f721c34138a437ca775c63ca1e8a0a4fb02269c80ced5e0f298e3b6a6755e79,322
raw,1449,raw/1449.rds,9,55aa6a0a8a74a5ab952f3d596f35eecab1d9d1b030c129cc0c369da8c63bc3c4,237
raw,1450,raw/1450.rds,23,865eee588a3b5ad8bc54f2e3d17dbabdc48c52ccd830b2e89d28d501ee117583,256
raw,1451,raw/1451.rds,2,bc6a3704df20686a0463234eb22c2e8d348879c490c098fc13e50df5f2defc54,211
raw,1452,raw/1452.rds,5,6d2a232e2a4b796faf2ee3afbd17bd792655ec4cfc76e4c7caa8d903fabf1c56,239
raw,1453,raw/1453.rds,70,a6e8dc6f9a00d821ce49f73a96789096c3b605dff12694206c1be161200e760a,347
raw,1454,raw/1454.rds,129,a3d9661a166ebaac071889324ef6138cd4d9a886a959e4f5fca8c1043832b9c0,390
raw,1455,raw/1455.rds,158,f4bc4af3ab389bf995190274646973a65476d4fe721a7adc51a70137608f2aef,467
raw,1456,raw/1456.rds,125,5935728d1473721245d32eae693f977e9cc21707bde8dbfcf5480a21b5a29b6e,499
raw,1457,raw/1457.rds,124,79125227d16bb34e953d5757bf3e5a2d11c77db82dfaeca725d8405cf0bc766c,408
raw,1458,raw/1458.rds,3,2119cb217f1788c17e57a58451a43bf66281b6597c87402456a95dd3a5ed557a,223
raw,1459,raw/1459.rds,34,83d8c5492e26a5788f8d59fae13b9e3c8e0f760eb54355fb94b2837ef6465047,297
raw,1460,raw/1460.rds,188,e349f1ea0ff824d0cef08ae03001f46696f4544abc789d02a1b3c6c2e4f79829,404
raw,1461,raw/1461.rds,56,c128c658d2b7c5f55c70c51874690d42b3dc236c2eb215754af2bb0a98183885,352
raw,1462,raw/1462.rds,26,421997a7308f32f955eaa840bcbcafd38253487b7fc8c1add8e7f1b5e5d2813a,287
raw,1463,raw/1463.rds,35,b347f624bfed2acbb36237c8e178d0382a782efe99e384abe467d5537a4892ec,289
raw,1464,raw/1464.rds,172,96225d7d95b82433f911d6a6ea0f1421bb9dfa3dada1a6722f1da27ae8e6aa60,492
raw,1465,raw/1465.rds,89731,408db169df9e5f1b5530f2c173b335754bfb14c8b8f2890fc787cdc15ed7c0d0,51458
raw,1466,raw/1466.rds,196,c39457938e57fdac7020b7853ba0e8dfd289b1d6a1fd64896a32bd8d2d648f73,510
raw,1467,raw/1467.rds,11539,fe190e891a087d4df85b364a7afc647f9ce8911231bbb7ca1b1867f63d4856e0,5936
raw,1468,raw/1468.rds,71,a68272af49f5b3aa8a8d6e85d58b4f83ce14952a61819132b4631425767f57ff,348
raw,1469,raw/1469.rds,449,91fec7a59b2dd6cb3412bdb850a80e91554aedc9f68a5a660e543af1d3612826,764
raw,1470,raw/1470.rds,14,38132d6786b98b1619e44939ca2ced910ee62388d02d069ae6ca5bc33ad90516,257
raw,1471,raw/1471.rds,33,a309c6dc5115203c60b4b5d5def6085cb2bc1554dd681136f71f6f32cc837ff5,297
raw,1472,raw/1472.rds,320,58a6e152d32a4ec293c5d836ed25f5beeb08138083ef0c9a8cc4b446c0c87f99,629
raw,1473,raw/1473.rds,1,58321b0a9040f1355039e0f12ae20be61d661bd005af1dc1104459348d263ef6,210
raw,1474,raw/1474.rds,187,08599b909943ea37cea4b92aaee3e8f876ddbbe5912f595c4c0b38dd8fb602f1,426
raw,1475,raw/1475.rds,173,71659d51ed6cc445df2a8ea81b2bacd25765b2b6cb7b9bc460a9aa6a0b0eb262,444
raw,1476,raw/1476.rds,5299,63d8964d7874f59397cd2fd80de6a75e4646692fdd6afa47f70d5dcef893e621,3525
raw,1477,raw/1477.rds,1,39ea3e4076c6817b59237bddd8bff0755d62cad02bc319d3739d3fbd5dfccdfc,210
raw,1478,raw/1478.rds,22,ec279b7731acf499e7e0dc5b666b1fa6f666a7174d32f151b784323d4255b391,296
raw,1479,raw/1479.rds,1,6fcbcd10853dd806dee2b567aab5c362c61fb1cc443d5ba4855f42ca9d48c842,209
raw,1480,raw/1480.rds,135,d794c4223084134d224f995de21f580cb0ce15776e65357699a3290f6b0bd243,500
raw,1481,raw/1481.rds,131,ed1d6937855b6dcc954af57fb59e2e4199e961d4cdb890effd718b77d038167c,406
raw,1482,raw/1482.rds,479,a761fb1f741c03e96a84714eafa62387eca22d341992eb05f21435a9ff2d98db,684
raw,1483,raw/1483.rds,110,8601fdba329b4bcbb17fa990950136a95992ffb37d8db6d46eb08bcc7f945184,400
raw,1484,raw/1484.rds,46,66866dd8247d9c7af1c69fc900b2e3deb74029b521c581f25cf603b3f24deb50,321
raw,1485,raw/1485.rds,721,1bc0aa60908f03019a8dfc38412f2f97104d4aa121a5de7353f65dc7d194f185,1041
raw,1486,raw/1486.rds,49,dc28dcd21c86e707e5d0492826f1fad5ffd624d704aceb1dda818095e7e5cea9,320
raw,1487,raw/1487.rds,27,1a178515524b7701da79dcd42a684271672ca5a153ac3b13e59dd4d415f5cebe,283
raw,1488,raw/1488.rds,109,00d2aa24cc9076bab8c70e7547d8f2f04c1efff068d0b21aded7072ae486bc56,397
raw,1489,raw/1489.rds,23,7bf86a2d18b871509640440a073ba60a1f147174f8d4becfa0fc1d0ba8e6fc4e,274
raw,1490,raw/1490.rds,8,7ebde220e92a3f760c3d73ec8b1ace6bcb2660a76dee190841ce70dd57ae75d6,243
raw,1491,raw/1491.rds,56,237ada7a9bb0b677131c6e82adaceeb136967a747e9850e62d633004098c4fe1,345
raw,1492,raw/1492.rds,3,d1f58a6628d9443fb0afb6b71d14e1d2b1807c3b92bb075493dc8baaca9fe973,223
raw,1493,raw/1493.rds,101,50271ccc15f68a96aa455eebbf88f65021dd4b348c46b80ef933ea56d0c5c06b,371
raw,1494,raw/1494.rds,36,08722663db7e65387d08553deb8048003dc1bf6187a31e3f35ec1de02728acfe,295
raw,1495,raw/1495.rds,12,f68ad71e96bbae24aa49b36c1ede2eddbc7a59cbe6e795868bca6e35dca0fca8,263
raw,1496,raw/1496.rds,19,0e86117725118521ed7433d77cb0212671f73e8cdf50df07fbe1619a2814a016,271
raw,1497,raw/1497.rds,4100,cdd1e6541cb95f6fdd3e9c6fc540e6def83ae64963a81771206cb4e7e27fe678,5142
raw,1498,raw/1498.rds,39,4b4f1802d530e285abf8b48a027f95bf9de9433bf14eae6c5eb4d8cb1d785aeb,285
raw,1499,raw/1499.rds,2,73198bbcdfd2011682d78b6d3400249eb1918506c9165f06b29a8bc14792d327,212
raw,1500,raw/1500.rds,30,43a93d6ec8160393af23098b819f3a00c322e110fe9d5f88fbc3d6a619818667,289
raw,1501,raw/1501.rds,19,478d85629f91de03eaefb07b41b5ed76fd6a81b8804a170bed98629682eb536f,269
raw,1502,raw/1502.rds,1237,81b9ea635faeccf88217ba97b142a650b770a78fd7fb14d7473573f27cbb6eaf,1460
raw,1503,raw/1503.rds,126,be7a2b6d226cc6761228d0cc96acb5f35f34cee82cb73ce45ecab97e9613e573,402
raw,1504,raw/1504.rds,38538,58a5d615e7565b0f872795e22a0cc89c185df2c217a4041daa2bbddad440062f,32612
raw,1505,raw/1505.rds,1,8e2b20f2aee263d39de36c4c40683ca7073d07b37c360249f426143f0b18b29c,210
raw,1506,raw/1506.rds,2,39f6ec27a5a35fbc1ecf93b34ce3798a15c098ee5acb02d980612640ed9e0a1b,213
raw,1507,raw/1507.rds,4,cac328184e812c333d351aa98aaaa7c409afb01a019a88a506d4da3b87211573,236
raw,1508,raw/1508.rds,46,745e8107dfe8189d1759d2ffa6eea4920d259b683c6dada21ef61c936b397a45,336
raw,1509,raw/1509.rds,129,d97004df7b40738aeaab571998dd64499662b1022ae830f94f6e7afbc7f33e64,478
raw,1510,raw/1510.rds,60,f6a95dd8703b576161ebd6b2c6053ed43c7daf97e9ea8f55ae7adf664862eb05,369
raw,1511,raw/1511.rds,52,9f36708e390fa82f762ee0c493f5a6db39d8a7f0345df263a1de61a963e1cf6e,354
raw,1512,raw/1512.rds,89564,3ae8e5d1a562caefdf5406e497057d6bda36c747e2e947c4bacc10c94e7a2827,56077
raw,1513,raw/1513.rds,70,ee50ea4eacb61598c8430f87578b4d2d8be0886dd9eae478f2a9a2de660c6b60,371
raw,1514,raw/1514.rds,2,d5f4c501bfc865b8c0b517e2cc7beb398e055fb691980f42fa89f2671de21d46,213
raw,1515,raw/1515.rds,2,9b6da900a70425eb6e415c6413ff8b4ffadf55f2cc90c2a8baeebdda21c96323,214
raw,1516,raw/1516.rds,4502,8164f8e8eba56807b22a42cd9131602e72b9de3b41c62573edd192b51a412f2c,4540
raw,1517,raw/1517.rds,168,e68dd2f349536c8579cab9a67f98248b5ce874f96ae68a4adcfc31686b0c3db1,403
raw,1518,raw/1518.rds,5,afbaa8976787e5fa7cf17c4f1cf052655445cb3f8bb248d99d31ab9bbb29a5c4,235
raw,1519,raw/1519.rds,1394,813546d68a778503b9e8422640c450bb549d5f2597d2a69a56a724afddab15be,1535
raw,1520,raw/1520.rds,18,07945d8b38519be7a0cc485f8f7b4ff9bc6a23bae1a25729d16005cfaab21a94,276
raw,1521,raw/1521.rds,10000,6f3da68978b34683af1a7ac5c52b708844156d210e7dc6bca34269cfe5ca9071,7636
raw,1522,raw/1522.rds,5,556a49821cb1092b097845d6f929d8bed11c962980a8d32c28a2c66fae6eb779,228
raw,1523,raw/1523.rds,10,0a0aae5f98ee84e7cc5f13af3380c1c5e25fe0e11078cbefa678a1ab7f79af7e,238
raw,1524,raw/1524.rds,43,c20bef03d0d03d483a035eabe7a17ec4db1dc273659fd033d010082e2c602d2b,307
raw,1525,raw/1525.rds,878,f9e9ae5088e7df384fc1c53316a80bd3a51d924da69dc624dd2640da50d8c0af,1145
raw,1526,raw/1526.rds,24,5446a0b059eb48ea48e066bc4607a6571cbc503221ce4e4f68c2303343c89c81,278
raw,1527,raw/1527.rds,3,09afae2a4b928c0d430d02a25179d74f03f4ee8d05ed2b5a85476b7cfa494aa7,223
raw,1528,raw/1528.rds,9867,85113d3361f790c86993f238db8515d7123002638e7bc01b809f40044c52d50d,10667
raw,1529,raw/1529.rds,70,8d2a5f05c770fdd3b445259afc2edef3d6baa816af792f738ebd5a266eb1bbf4,400
raw,1530,raw/1530.rds,262,f8df7fff6e92ac07c6e57d9b9a08c9cfc27edd1622106199eb9edfcffd830fcd,586
raw,1531,raw/1531.rds,31,6e6d1c53a4bb8ea6fb2c13d2e06297950dc641a71f62ece6becd5b8cdc48bba6,289
raw,1532,raw/1532.rds,19,f628ba219a9d2b3993f5f6fc1195abb1c0cac08db5de8dba50c3e109844b81bf,277
raw,1533,raw/1533.rds,1123,64ad93862728bbb8529d7b5f85ccb22acba46416dd0b81aeb0839717ba5c6cb3,1737
raw,1534,raw/1534.rds,34,9bcbe6032eb9e3dd13636de4c7a21397d67b5d3abe2db9610ea3efc6a4676b8e,289
raw,1535,raw/1535.rds,47,30625dcd24b26b76fe478491f8ded11fd247224b3d1254274c030f7a943f4ce3,297
raw,1536,raw/1536.rds,1,eda94ed465796360f017978562b04e05963140ccd0cedfd26a40a17f6f0a748e,209
raw,1537,raw/1537.rds,45,844206a63a3c9bcceea0ab6f1b879276ab961bb1973ec40e0438a2e98d50b2fe,308
raw,1538,raw/1538.rds,1,a9f4323233f21abdc2d54b116263073714ede03f4dc7d0ef57672a3e9b8df5cb,210
raw,1539,raw/1539.rds,24,02ba323ac229612eada574277a1593bd9617969703e8aefe7100cd22e0a147be,278
raw,1540,raw/1540.rds,26,2521700398f7c2e803bfa197124bb929a145cd9fa60d2c74e24d1b82c716e337,285
raw,1541,raw/1541.rds,8,f3cfdbb98cedfad8dba6088e1fb85662ef52823d8dbc689d3bd370273d6c8ad4,248
raw,1542,raw/1542.rds,119,00c0a69b8d222336fad163bc4825a1695b5a825dd18bfb5a376d72535b3d7e1d,498
raw,1543,raw/1543.rds,27,891afb24b668b7869d3e4110b83b117aca725c4c37ffe2578bd7dbb31c81740d,285
raw,1544,raw/1544.rds,775,e85096e81f3e36292a86a82dfed074c460dc31afcc2db57d2f7d9368f88ed99d,1121
raw,1545,raw/1545.rds,29,3a9e55be2202e05a1adaa65fcecb790d32f47bca4e7a3a80276d534d8b22154f,284
raw,1546,raw/1546.rds,32,03be1194f0190f6e9ec4a52b611ea6021f7603755e02df30a4708635ee838a22,322
raw,1547,raw/1547.rds,593,18d89f34e03a6af6ac079782e18ed3a36a82835f49041a4c4c8ec389a99989bf,835
raw,1548,raw/1548.rds,1,218f0aa57dcbaee0f47a058ced672e2cacf2b0cb4366ebf4d3511eaee1a52c9b,210
raw,1549,raw/1549.rds,33,21f9c5db26346d6f20c707dda0990a713cd410e30f60ccda937095c1a8742f07,293
raw,1550,raw/1550.rds,61,5814cfa833295a37edf926a1545147736aeb62cd92538881dd12ffb47d56b9d1,339
raw,1551,raw/1551.rds,3,3dfb1dadbe5bc989e6a2537fd3caf4a719ae13a2b86cb4cfc5fd743be550fd32,221
raw,1552,raw/1552.rds,296,3092246196e836c6aec6ef21f0241164f5803dd5a7298b9d70889deafa476e29,654
raw,1553,raw/1553.rds,3,91084bccd9bc1d0d7a10e97a2b876174789974e16ade54e7fe6e6800c24480b5,221
raw,1554,raw/1554.rds,35,17503017eaab864822f7d942f360d7d6d886238df1e21ebb1bb5d99779c441cc,295
raw,1555,raw/1555.rds,1937,6de6d0d8978b2119e0f8f44b581cfc092a96ca6ddd407839238f0e0fff672392,2541
raw,1556,raw/1556.rds,326,4b363875d7c8d95f7ceeaa8b684a189c8f5929208df4818f1bd7b18e28252eca,555
raw,1557,raw/1557.rds,6,b00caa5f1ca073ed737805ddbebc9fd4b532e750d90242101100e72ca2b0c921,227
raw,1558,raw/1558.rds,15,c7de58925d832c4e1f8514b9040a19e204a6bab449d8c5fda06e58358a25df32,260
raw,1559,raw/1559.rds,49,93ec12886f645d7fd5e4b8acd900cdf073ffffae144ea003989baf7ecf258dce,327
raw,1560,raw/1560.rds,99,1dabf042d39bbc4473f7b08023ce3477a5e2bafdf40bfca29af26d0c02e9789a,479
raw,1561,raw/1561.rds,57,2a1b92da314cc5939f9fef48d7bbed84ae9d41ba6a24520aeb5f27acf4580742,366
raw,1562,raw/1562.rds,8,7a326d5ebc987d5f74223b9659e28390e6d87baaef825b0f53db861bb0fe883c,231
raw,1563,raw/1563.rds,2534,27bc0fe2f884ae96cf11c9e7bfb8d1630d50ae07fa4be18f8636597e7a46fc38,3211
raw,1564,raw/1564.rds,38,96357dbf33bf184025cdc47aae3cbbc5c12fcbea0ce300ee1074069966ca8480,360
raw,1565,raw/1565.rds,1,a70e44543d59c1d213810f8d79d5ed8cdc612a7d6ccb1a9822e0f175d789388e,210
raw,1566,raw/1566.rds,69,9ba1ee485d8ea2a7dae734b05a686c8182f45c41dcceaeed9db96447ff97c7b6,357
raw,1567,raw/1567.rds,512,fb9adefbfa00f660346b9790dae9e0e7e77d86b7b2e02dd07ee9fba0df040382,849
raw,1568,raw/1568.rds,5,893193eba715f5a264e4c5a9d76df92a2f6ec8f4284c74a6bf20881e580d58a6,225
raw,1569,raw/1569.rds,2,186546894d359c9a4710b30b632cc2f7063c3077368de43c25df697840582f77,214
raw,1570,raw/1570.rds,247,0da6794b72bdaea8dab78a4feb417fbd7b24a0dce7ea8185547ccc8bab8053c5,642
raw,1571,raw/1571.rds,9,a42eb9eec4301b7170d1a23f66059962bd78ee437eb765344f2c72fb3d0283c8,242
raw,1572,raw/1572.rds,6,0ac01e1a6eba12cba588457332f4ecfd8149ad7a257120d22a4c4f5f83a37118,229
raw,1573,raw/1573.rds,329,dcc9af5d19778fb0f7389bc71f2df9c12b95b031827f61ae7657981701654f4d,504
raw,1574,raw/1574.rds,2,137ffbaf1c83b9e09b815f014f62e42d79d884bca8a1f0ddc92d2962fc4c7d37,217
raw,1575,raw/1575.rds,81,0acea3690049b35e4bc038fd128c6ada4c6a1a15936a114f7eb4f1ce42a34f37,398
raw,1576,raw/1576.rds,1,957de9d243a722187e0d3d24f0e60a58801cf98638b1a698ce3d9977b07c9129,210
raw,1577,raw/1577.rds,399,223cc0b1c22e95534138638690a7b4eb7a6a57f8fc3235e9df49493fdfd2cd12,747
raw,1578,raw/1578.rds,18,edd04804f02244f653967b5c6c09679237824cdf4ccb97abaf28315b619059b7,278
raw,1579,raw/1579.rds,74,8aefa632b1e749c79c9d37b456c8f3cf7ebe83bd3243db8e11b7ecfe700ea851,355
raw,1580,raw/1580.rds,435,26c4f0d6e4dc902e654493e0b9cbabc46430edff6f77e7b7969c0f0b1c26187f,721
raw,1581,raw/1581.rds,1,d4399381e8519858dffb810d9f9dac49184f8570064da37c1ea3fa77a3b95764,210
raw,1582,raw/1582.rds,18,c94d58ddece9ad2a1fd43613cddb15114d2d13938319ca1d3f5fc9eda0b7adf8,260
raw,1583,raw/1583.rds,2,628a1e18c89f506e1e9697b0e669e74e5baaa9ab41f238d69e30e20ec790e7c6,214
raw,1584,raw/1584.rds,75,9eb6f6ea8c5dbac53c7f8fdf86f0a5ddb452147ba1b9fb80d6ebe54e9acb789c,371
raw,1585,raw/1585.rds,1,c17b9d608f55a0dbcfb1d3cded5302ca66cd238c8c742ab1a9817f406ed00296,209
raw,1586,raw/1586.rds,1,c9a3b9f167ee0cdfec1a5a75089a7904e49ab8141532c7328275f4cbc6c50e1f,210
raw,1587,raw/1587.rds,19,bab15dd08faaf256bdef66b9e279bbdeadca86470a2e7f8b9347c4346c41eae6,280
raw,1588,raw/1588.rds,111,ebd6600c60fd4540d8ae866a729fe8adbb99c003c03bbea311e6b881ed86a976,423
raw,1589,raw/1589.rds,13,4640e1e2db38d06861fbd25a7dec407c52889c6a49f0b56dde86fe94057492c1,245
raw,1590,raw/1590.rds,610,4055a1cbd07e98c695a18b32c3cc304c83a3d6912a867e7d3248c2be122237ac,1021
raw,1591,raw/1591.rds,280,17095728f5ace9f17eaa3fed3b289001cc98b82248c7f982dc2cf7e2eb7d2d43,614
raw,1592,raw/1592.rds,1,6e5121acc18c6e5a7bdf242a4b2dcd10aba5d895d5b62d63573866c3527a42a7,209
raw,1593,raw/1593.rds,1,b743291b1be59e4f0a54a37131021af9f5ec8e7234eaf76f49c36c81cc304e6f,209
raw,1594,raw/1594.rds,12,a96334fb96184e4fa9acf2281b3a215b30bea6d77a1f1b34fdcfa1dbceaba81e,254
raw,1595,raw/1595.rds,118,6549a6a267e54cb22b344bc5bcb216385c62f383ad9295e48cab731fb7bc14e5,379
raw,1596,raw/1596.rds,47,9f5bd25b457650cc4f98df3c515e57d5f93d8abe9df275a035cdf828a668284a,349
raw,1597,raw/1597.rds,79,8c7accc8444bf5519bed2ac7eacde750d68f521e6c4c7bb2cb53847df2b4fb41,356
raw,1598,raw/1598.rds,1,d6dc474fc2772df7ca9dfa801cd48a86a9b22d148800fc16fbcd7aa8fda18302,209
raw,1599,raw/1599.rds,23,b0f940c73df3e78ffd3ba761a7e9f0336e68563c18c8d951c0b53e65c32cd8f8,279
raw,1600,raw/1600.rds,1,cb6ff5fa9388f3d0acec83c20122b8730398a9981381172915c74b3dc24d623f,210
raw,1601,raw/1601.rds,9,6601c0db3ee6254639f8af23ecaf8f5c37688f0639498df0297327acdf760848,244
raw,1602,raw/1602.rds,28,88b06ffcd4403a9c575fbdef18e4b1a3fc4b7c56531d4ec5643e3d3389404ecd,310
raw,1603,raw/1603.rds,76,4995b9c6694a00886859074f446314a73338411d526d705b6a77c86ca6626609,355
raw,1604,raw/1604.rds,883,610e11e8c85572cbbb573b6aa58450f9093adfcf90bf754a5f126839c1c37d22,1212
raw,1605,raw/1605.rds,1,7276953d3b935d880fe0e499e4da5c49fa5a370f15f59fef7bce6975b6f47892,209
raw,1606,raw/1606.rds,3,f3a2da761015fdedeff8e163d56f04b13cde215a3f16d8c712ac553c9d5ecd03,216
raw,1607,raw/1607.rds,145,be529c5f93f41fa390ee47f3d1aee841d6f4ebe3bc3f5cb0adb5ba01997e038b,470
raw,1608,raw/1608.rds,519,53ba8f2b1fab136572fd32fec752de19c4456753fa74fb50f50e43734ee5428c,857
raw,1609,raw/1609.rds,420,aed2e19c96051ce23bad49aacdd8759ad19c8b1b65d702bf52ccf43ce59e4a78,927
raw,1610,raw/1610.rds,23720,2d33ce62ec1a455876a8157ffaf2b4f2630ba6260f67d6c64bd360ae524f459c,11831
raw,1611,raw/1611.rds,50001,b726f3af4842047200917940e4c83b6c0019cd2ac5d64315b6b7f3f5decf2f85,48453
raw,1612,raw/1612.rds,71639,2a641fdfa89e588c463405eb080237d28cf5131e2044a237f7db6c00076f0503,29047
raw,1613,raw/1613.rds,605,cea6e8579d4e7f64fe4082354f09bb2c94ca73a6a60a38aabe19ed7d3f6d4d4f,1037
raw,1614,raw/1614.rds,90,9ae1b3d0ac4fbf53c0c7389941e60733c761f14bfb832aca4cacc56ef280cf1f,404
raw,1615,raw/1615.rds,5442,55bcb272248e93be80645ab4945d9ca03ec4ecf1da545e5d333e3bd56caa790a,3461
raw,1616,raw/1616.rds,69808,27524c7843b71de17cf1ab3010151aa6a96c192fcaaa60db3973266fbd0c7257,40625
raw,1617,raw/1617.rds,5,f3c982d5207e9135b808b7968b36652dbc55198b50e6c2d0b2189432b272e4d5,227
raw,1618,raw/1618.rds,218,0e7beb3f729456633fa5fcb07842fdc7702d371a80b3b4787c788aa088897450,547
raw,1619,raw/1619.rds,36707,e19cfd7a52a6fc489c4380d00589f168d4a4a4e6cc916e6f439ad8d96d890143,24665
raw,1620,raw/1620.rds,35,cb3506098ddf7c0fa0301a2ae1dbf2f4a5de6694b019d343bfb918f43b60bb84,347
raw,1621,raw/1621.rds,1,f74726b9cafe1699bf12cc122690fc7e3b2e9950b0b4e941bcdbe17dba2d0752,209
raw,1622,raw/1622.rds,364,0c94895e3429383a13c6dc4c8d340beb23c29fa6a70bceaf24a251175a5771a7,764
raw,1623,raw/1623.rds,1295,2875885f259441b06d8e5bb66b5e8903b71de653e60e09e4fc4a400e6e7f62bb,2787
raw,1624,raw/1624.rds,7,9b07ebff7d0ee04fa27592367731552c79573c51f79ed0cdc41e0787e7ad2502,236
raw,1625,raw/1625.rds,8,0e4c3536be020ca4adc4761c659a66fb01c586283813d2c97ae950c725532528,245
raw,1626,raw/1626.rds,53,664b2b9942b172c77e8c9d16a7da43f30a0e38b41f762bc26131a9244f2f8df5,325
raw,1627,raw/1627.rds,85368,c7ae05f5af9621119d0b2a7d9024136de2ad1d21ac0cb61db9b4fe9bcdb64d4c,59344
raw,1628,raw/1628.rds,5,413e2bcdea2b3eaecb050622f567118804e82684adb00b0f3b854d104c11a3ce,229
raw,1629,raw/1629.rds,100,750fb4cc1518f36266d0fc22dfc48d7aa1f99800a3c2c1ef84f80b1835acd308,430
raw,1630,raw/1630.rds,3421,4106895c30a6f6e440ca2e4d2c3e82cc8ea7c1821299f4cd8ab4d4947542ea0f,2922
raw,1631,raw/1631.rds,1,346ce1b7fec994520f7bd2f3e13ecf3544d8f72a51a4afdfb6a9c2dcd281cd87,209
raw,1632,raw/1632.rds,65,b02d3715cad45f13c426d73057d3d25f0c5455b942d2aa0aed1478655d4ea994,360
raw,1633,raw/1633.rds,9,23dfb8a14a96918e1a3a50df60cc8a284079ed8aa241ce32c2299dcc7f01269f,243
raw,1634,raw/1634.rds,180,018a9b5e411b8d8233457634879889340c0ba95e6eb0df58a4d4c33d2cbf2073,535
raw,1635,raw/1635.rds,2,aa1829c97405b2f6634b326f259847f62e9ad319737a6294d0701b26a2f74edf,219
raw,1636,raw/1636.rds,78,8883c7efca9e0038a91759be893962b30802db49b69e965d5a63236d5772f4b5,352
raw,1637,raw/1637.rds,37,b8f4a65f1edaaa6e73acba42610d782244e94f747fd529113c025096e73a371c,362
raw,1638,raw/1638.rds,9,45fb78eb339cc7ed2c1a999d1564de8e4012764696fa120552941409470cf9e8,261
raw,1639,raw/1639.rds,13,990304e087f737d01a32e04019a341eaa2f55571b31afd8f01520f34b14f3e9e,268
raw,1640,raw/1640.rds,376,166d0dbe4cac7d85e3c820c1780e94bfca638510600927c2e677bb590590da81,635
raw,1641,raw/1641.rds,487,4208558b3c4499f0557e033f1c642975924cf4accfc50c563c357dfe3b866b72,783
raw,1642,raw/1642.rds,9,d487f02992efe7483cbbe4e8f64ced0cda7e74eff7ba27eda5a26d1e294365cb,246
raw,1643,raw/1643.rds,37,1d16edf8075ff22305459cbc31410ad4081d48ffd235f5f979d96deda841e5c0,319
raw,1644,raw/1644.rds,4,6d9e4df7bed0dabb3cc3c28abaa86d7b5f7259e947b58ab61964f52a7f616ae8,225
raw,1645,raw/1645.rds,17038,039610884d39bb7d1e89b7a664192298ef2b27a6ec6af044a8cce8ef0ec4823a,11787
raw,1646,raw/1646.rds,1,58830f925341fafe0a5912410c2a224673d9d1460c40ef2e88ec66a9afefaaf1,208
raw,1647,raw/1647.rds,1,39ea3e4076c6817b59237bddd8bff0755d62cad02bc319d3739d3fbd5dfccdfc,210
raw,1648,raw/1648.rds,418,110e074cdb7ff6674fd924ed56f9faa6728d5cac0270e7b04e009ad8ca0c39e0,745
raw,1649,raw/1649.rds,171,ea0683aa5bddaa3fedaa1c3c2a2296c777a52acd00a0d9b244ead8b99204f589,447
raw,1650,raw/1650.rds,42,0e517b7bd9def28e59d40db82d679267a6328338a4c4c9603636eb4f5baaed9b,322
raw,1651,raw/1651.rds,227,7812021d7d2ceb2a13dbd0865ce67813ea45aa5b3ab56551592182131e9107e9,519
raw,1652,raw/1652.rds,10,65e2ccadbca56509945428b612dbcd689c76dfddef0b6476d5d0108c8eecedb0,247
raw,1653,raw/1653.rds,3,33d4ee0758b055007a4c8aa2ffbe0d475fc6747964398d3f81421cee4d07edbc,218
raw,1654,raw/1654.rds,10,93ce355c3294baf723d339523c29c756edebda778a3b66468aee0b04838862a0,239
raw,1655,raw/1655.rds,25,af3a82ceaf97b48e4e4a8835b4ac60a41db68a56c63739834bb5d7bdcef48596,277
raw,1656,raw/1656.rds,653,cd6a45e60d6b0b02a6db5f42568adfbc9aeb270ce94496b4408e2babff8dcb8a,1093
raw,1657,raw/1657.rds,1578,f1c3f1b5c74927bbdbbe86e0ebfc3e277d423e677908f6ceb09d9aebf16a937f,2433
raw,1658,raw/1658.rds,27,a4315c805a2f237319224dcc9f3e424cd9d0fede3975cfeea60bd6e03a2655ec,277
raw,1659,raw/1659.rds,1,dda21cb40a1450fc685f6ae29669ad690775ea95f3797efd6920bbd44f5e3633,205
raw,1660,raw/1660.rds,5,e80f7e254f875dd456417b666948000d1308d9d546df773de162db51dcf30975,236
raw,1661,raw/1661.rds,14129,044c4c34906eeb173c1ef04400384fcdd87ecfb09f48eec28349e4af63536670,11858
raw,1662,raw/1662.rds,1437,e9ce16d879c66c18d5dd7534ac46fb7dfb9b45d44dbe3a72c7fb684cb1a73975,2598
raw,1663,raw/1663.rds,13,96866005c100f93b91925c10a8036fb6fa302bcc2270c13356e5cc5950371f5f,246
raw,1664,raw/1664.rds,22859,4bdbcf6765f3a0f249ff139a1d51c65164bb9cda2c60a28364343b300c6375f7,17605
raw,1665,raw/1665.rds,11,c19334f1219e3662a9a134048a1816c93542ffa2732dd4513f237168ad92c4df,247
raw,1666,raw/1666.rds,8,95106dc0bae38742c7de5eae66be6d9d3ca4088f96b777c5c25eade0cb0d907a,237
raw,1667,raw/1667.rds,11506,cfa992d811fbd7baee82414e47afa726dc67e221a5601465f407ad052f4fefc6,11612
raw,1668,raw/1668.rds,2,04b2f4d9e6651bee9f7f7ffad8c2602ce21da1db75a44d98c70cf16f5ee19604,213
raw,1669,raw/1669.rds,1,86852400249cd270402033c4af1a5acd8bb9105282c017f270ec680f24f2306a,210
raw,1670,raw/1670.rds,1,0d7e0f82fc8aa64747f34236f5048056e463f788c2446c89c6e1afb5cb395def,210
raw,1671,raw/1671.rds,135,5a465e30d8e671cbf4cb2d865e053f7767784543d46a616e107604e008c53a7e,487
raw,1672,raw/1672.rds,21876,b2482a25ded014222158035fc877f96cbc6317c3fa235c0967a2f56126b971b8,13819
raw,1673,raw/1673.rds,30,f2303713e1954f95a479cf8368a0e691004f06f7a8dd71d98ab0d899f0a5f3da,287
raw,1674,raw/1674.rds,349,9e6d16e50d4d1077427a529253746b6d9c965a22688161cddb34f48d0166f556,625
raw,1675,raw/1675.rds,40873,d64313089951e34889da381b065558ec244ac1aa91cf862f4c24218ad8ba9092,38336
raw,1676,raw/1676.rds,25,724db51a0fcf4276ea3ce9fd83f7d6342fae64d4951358f583ef834bb7e4dcdc,286
raw,1677,raw/1677.rds,20,561e7d0fa4c596513002b319332b05d76df3d1b17ff282e1752320899399ec0a,246
raw,1678,raw/1678.rds,690,5a8e62b53bdf5cad6b8da2b690287fd91cdb35287f1bbc244e050171bf33a682,891
raw,1679,raw/1679.rds,164,db3cb7be1e59c95d19fff1be7d955911b281e712fd039095272390284b9b519d,512
raw,1680,raw/1680.rds,1711,a71f07771a5c7f6c51a65d7dac9aea284c3623fe4538c274ea83845cadf606e0,1741
raw,1681,raw/1681.rds,7,b3b567814b8cce03ee6ae4e715b6e83fcb1771873b7fe3f42f6afbcc66ef8867,235
raw,1682,raw/1682.rds,2170,ab866582295adc4acc42d05fa25cb0a10bab540afd9423abf3ae8d51782d417b,2218
raw,1683,raw/1683.rds,25,b80ddf6303e35cadd4f28a6514e5c60faede9ce540d60c197b1f65815b048c31,301
raw,1684,raw/1684.rds,65,cf30e6298aaa6041d45a6176471fdf796f5da7b4290466bc0ba61f548b256a5b,349
raw,1685,raw/1685.rds,39,514c1136700a6fd50c4f5f62234b62dbb686fc013b76f86c06a0324bb6f7f83c,327
raw,1686,raw/1686.rds,285,f14a9c4d0a63711beefc7c8d77430b16d6b41ba06912c8c53829886a5b778a81,625
raw,1687,raw/1687.rds,1,44d6151f229e8664919c4769cc32e4c85c14ee052484eb324d694a8246efa041,210
raw,1688,raw/1688.rds,1,2909b318b5a161a56203590bd68ffacaf34d14b1ec92ffeaad22b5caa337cd33,209
raw,1689,raw/1689.rds,338,e5136f32c3139eb11297c50da75ab681233209c9338e5cad0576caa932161db7,578
raw,1690,raw/1690.rds,96,a1ebf4f144a3786519c80ee1506ef202d70af007bf55213a2fca134c4baec3ac,364
raw,1691,raw/1691.rds,408,e2c57ed61b31d9da7ff74ef94f263b98119f4a594c54aa554f2f499ee8db7339,726
raw,1692,raw/1692.rds,31,b4b0b2399ff2b18f6ab8d28ad761ceef04dfa3e46b983160ac63bcbc1715530d,296
raw,1693,raw/1693.rds,1,3dd8d54cbc44ae7b366bbd0b61f8fa8ae1982ea7df4398926a3c1c59dc947ece,209
raw,1694,raw/1694.rds,4,2c90ac90211aa137e9847be0d34e705fbc6cbf4b083ef1e9d0d8851993261b7e,236
raw,1695,raw/1695.rds,5,9efd457ddbf4c1bb7d58638369172aded4dfe77e2d04e86d37cd6c8ed261ec88,225
raw,1696,raw/1696.rds,156,64a7a8cd702d2f4d61b83216dbeae17ddbafe9b734f1f750c0e12384cd62b99e,452
raw,1697,raw/1697.rds,72,986a1e41e084b5d03738029d208edd351c65d6a9b21b7735496c7628b271e662,383
raw,1698,raw/1698.rds,66,047c1fea76705f65271902db47421446d5baf654c467bc28be2209d48b059ba2,390
raw,1699,raw/1699.rds,9,aaf43c506ab90af1ed66c287b255058ed19203c26bc15b9a111141e64b147ded,252
raw,1700,raw/1700.rds,12,2f9164ff5a336e9e84d6c54a42fcaf5db59dc6e9c688a0db12a160284e5ad598,254
raw,1701,raw/1701.rds,4,296447e9bde5067048b5a4cf7432f8ef165aed7e973cfc1cc1cd6772aebb85a8,223
raw,1702,raw/1702.rds,176,5e2c683c2d193ada9d8c0c4841eaa0071f6c7d9bcda79fab106624779b301d93,485
raw,1703,raw/1703.rds,109,465c4b66aebe8e0d384c95e69f2a4c335b8365de13eefd7cc68f4cebd35f6150,404
raw,1704,raw/1704.rds,23,f829492b0c03e8950296859063b31c8e58f545a350d2afa875d2e6874c52c7dd,284
raw,1705,raw/1705.rds,7,2f1b5701f6ff280a134f955456d6b47ea35cd504107387f72bdabcec2b12c687,231
raw,1706,raw/1706.rds,5,b6312bb5df1b711ff6df3ce760182eee4cac902d115ab61374eaf21de519ef45,234
raw,1707,raw/1707.rds,2,084d0b6a7a98afdb9356a8628315aef57f9b0e30de5979afe70028a456500f9f,213
raw,1708,raw/1708.rds,294,6db9100585b285173ae9f51ea3d8e1414f17503f9af5e2a7ca4e02a7e8a41c2b,685
raw,1709,raw/1709.rds,1,24600b99f48f07d2456df2cb759edad893f41c44930105af4cb00cb6dec6c45e,210
raw,1710,raw/1710.rds,1,f4488747ec080921abcd1cd33bad9db0fde38cbe9a7caafc0b7ef6be46438280,209
raw,1711,raw/1711.rds,14,1209d18696806475069820ef81bd0c210b686c77f37ea6eba1d3e4801be326e3,250
raw,1712,raw/1712.rds,2,3ae0a3a9f528d4890c81982da103146267e27088bd689e2f5b81627cc152ad63,215
raw,1713,raw/1713.rds,158,57967b315e61a71fab2d3ffccf14d95a8cf6330698d39f9cf32dddfcf1451d46,415
raw,1714,raw/1714.rds,10,60d77dd9f6c6755ea0fb94f9b8e3c9ca0e4e3a1b60d81950b1bc0d0e30a64223,246
raw,1715,raw/1715.rds,1,6e07fa631e84f8bbb7e492ab829a6985af3067e88fdc1be0028446c2d6de2ccc,210
raw,1716,raw/1716.rds,155,d79a8a5b2fb2f5ccf91d1243f866907711688bded846197f6b05be619df08b4f,464
raw,1717,raw/1717.rds,2,628a1e18c89f506e1e9697b0e669e74e5baaa9ab41f238d69e30e20ec790e7c6,214
raw,1718,raw/1718.rds,2,a4719d8e258a4623249c2ec2f1b084f690e8f540c696460fca8ea4f6193ce9b3,214
raw,1719,raw/1719.rds,90,15ddbfde9a8da3a132bbcab25ba592933bbe4c113b844f3497aba8e6929f2629,375
raw,1720,raw/1720.rds,44,0833160f5bcd75aee2ded565ddd1efdd2f64805172d085c3aaefa52f9b8f6984,307
raw,1721,raw/1721.rds,2,c4921fdd1bcead0c7c443388cb66e4fdcfbb63c84a7b4ffe92be20ac4243b440,217
raw,1722,raw/1722.rds,1,a8b5366d077c8640510dbf915d07c8c33ab2eb55a6d3b9239e1ff8973c14f7a4,209
raw,1723,raw/1723.rds,10784,89d6b37a8605ce8a5ae51e078a4a3cacf573fa7d69ffe92bd639ecb8bfd619d9,9129
raw,1724,raw/1724.rds,92,7466abee2293d1bd8a7b174a609c4ca93cddd07f7db6b970c9fa7adee11d21f9,376
raw,1725,raw/1725.rds,30,ee1e48474606ff3701c25adf13c8179079bc81bc1107e5f6596f7bad313b014f,290
raw,1726,raw/1726.rds,231,f73a766f146d8ef326846cd5ff8f393b7da1479e0eb8a8eaf90e74024f2ad3a0,450
raw,1727,raw/1727.rds,1,c9a3b9f167ee0cdfec1a5a75089a7904e49ab8141532c7328275f4cbc6c50e1f,210
raw,1728,raw/1728.rds,40,cb911670af2ef6ba4f1e4bcd4a270d774dc56da88df54f7bb976870aea4c7632,307
raw,1729,raw/1729.rds,50,61e9ab2a214dc1f38f6aae68090e7f8e859b617009f5ea07c2847ce2919eeb3f,327
raw,1730,raw/1730.rds,15,67a467a85fd68800e6d50768cab374904f6559ad08e3148043c2bbf745884691,266
raw,1731,raw/1731.rds,22599,3df7bacbc3fb778f7bed5c0565145ba3227d5d0e62b30c5a0aef9e980f4949dd,23504
raw,1732,raw/1732.rds,26854,eda1070de23ca6cb7563bdd4e7972b95ff85fb8c22c572853900b9ca27a86a55,18304
raw,1733,raw/1733.rds,473,ff01f9392028cfff99e7a368252ec2aa02dca2e539050017f996b68cb33760bf,1213
raw,1734,raw/1734.rds,19,3d19132e0477afe27beb01001ad3d056183b1e7f12358768675dd627a66baa47,302
raw,1735,raw/1735.rds,485,fe04ef120886a09408ec68c5a2223eba4b58351959951504347962592d5f6cad,878
raw,1736,raw/1736.rds,1,d47a86bd81b7ffa83fe2e83e0928640a24c54a5ba044dc2d8caca9dfe3890c4a,210
raw,1737,raw/1737.rds,1,bbd47f166a021b434a8b4861cbad30fa5ec4f43585c6e69a7795646bf241f818,209
raw,1738,raw/1738.rds,53,1a34eec70faef4fbc4345763b95e90bcc6e4edd3ebb24aa820d6d73522dc1bfe,338
raw,1739,raw/1739.rds,1,b53497b095a7cf1c93f476b33e7a638999d5f447660dccca9b6df4ee97a3df0f,209
raw,1740,raw/1740.rds,1,b15a01a91ec010d56b9d5101a752aee23f5a0294f6d9aa46985b7874210f14ea,207
raw,1741,raw/1741.rds,1,89f5cb0976ba4f4e5aeebb98f1427669d77cde94908dc7f581d4a1a445ba5bdd,209
raw,1742,raw/1742.rds,2011,8ca71c9f37f64debc38428f911034d4f47425f849cb9ca5a6c37e8fea8fabf29,2431
raw,1743,raw/1743.rds,11,68596db82f478982d4b4779141c0d6ed7442f20009bf1fe1a8adc22a45eb9d7f,247
raw,1744,raw/1744.rds,3,9f361f2cef88b50b7a255b39ca3010ee29f40711fabecebb0358e21474652c63,217
raw,1745,raw/1745.rds,3,44790576e29c2ef811dd6224d3cab29ed83adb6590c2dc6f061baad3abd13cd7,224
raw,1746,raw/1746.rds,82,c8fc6f7487750ace497bf0b6ae9f260fb5ff3590ed1128983dbb4105a51d3f1c,344
raw,1747,raw/1747.rds,3,b30afebef4dacfbe1651c068509184c44d435bdf1ecca227b1ed679d21ad0f37,220
raw,1748,raw/1748.rds,0,adadc686412c8a32c45fc2489b7ee54f6faaaf976b3b04409ca638c0bcd353b3,193
raw,1749,raw/1749.rds,267,01fade2e9e2b1c6fb830f8b88600f8c2247ff57fd040111f684368d3ea5ddbc1,569
raw,1750,raw/1750.rds,8,7fa38b20e169ce7e6c1a4081767feb7917bae626eb81c99d87a81753f343b499,234
raw,1751,raw/1751.rds,54,30efda0762a09c04d575abe179abe8a9d8b9e4ae080f0d1fd20dedc2190fde0f,334
raw,1752,raw/1752.rds,25,8edda637830fc45a281fb272e2f33db66f339b11b913cdda15966c270e794d58,277
raw,1753,raw/1753.rds,451,5cf6d08fc56b7a3c04e2abcd2d2d0174cdbf6a8086877ecd05634730f3929cf6,690
raw,1754,raw/1754.rds,15,337a3bac40c249dd41fda6a0c81e0a17c84458320e47b988ef8045f5fb0b902b,256
raw,1755,raw/1755.rds,62,772bead7ee45ef2dc3d0b578a4eac0ac68d759062729701e14537cd5971765b8,357
raw,1756,raw/1756.rds,43,71fc6c2bd995a19216ccfa7995cb07c93f16ddec3450e495232e722478500b92,335
raw,1757,raw/1757.rds,35,aa0154ccce11c1f4a686fcd3f39be11913589c6091d54eb0f884175fdbfd2dfb,306
raw,1758,raw/1758.rds,134,b74b46807ed29d7b75535c4e990dce920d8074c0cf6505929ce17dfd1fc3189e,489
raw,1759,raw/1759.rds,1781,b24434329c33cb9657d6b645d6c5688d94b9ec94c04902f8201ea32ff1677c5e,2239
raw,1760,raw/1760.rds,2,fba84967b2a9e06087452ec4806811e4cf6071587fbfd5d8ba97d99409b2132a,214
raw,1761,raw/1761.rds,6,1756ab481fa0908c119eca23a2cb53edbfe7f66496828c4994e88b99c5504b41,241
raw,1762,raw/1762.rds,40,ced079be2f961f2e8db2426df843a61387f92aacab01f5c45faaccd6531dcdb3,315
raw,1763,raw/1763.rds,2,3096c4f1e6c7acf5847509baad365bccb9027bd266a277326d5b0e31e4ecacec,214
raw,1764,raw/1764.rds,1150,626e148af8869b2fe9c876b7930e39da3aeac8b7078cbeb818262c226e7887c2,2607
raw,1765,raw/1765.rds,135922,ca08c4eb713d3a5cee568a5577b5aa61d06d9ae176f6416e343481984bbb8512,78590
raw,1766,raw/1766.rds,4,84fadb9992ff9286e140fd2963af950bb8264afb8d02add706d7fe1afba9fbec,228
raw,1767,raw/1767.rds,9,3031a093c03cbd27857b270010f8fbe787d545b783a0b63d41b6b68f83c83414,232
raw,1768,raw/1768.rds,6,373098993a56aebe488ba3d06a49c066b6436116db1539b59bf9df6861e7fc6b,247
raw,1769,raw/1769.rds,9174,51cfd7907e8a008e9119484d4aadc1c679d1efa5309dca81bb1c0572be247abc,7969
raw,1770,raw/1770.rds,27,64a8de72cdfa41e29c694324029a3941c33b05159f553381e805d28fc0418a84,276
raw,1771,raw/1771.rds,7,7d933c2b8d4cca56b0eb9a4b2d61c58e547f9f8c954023f972b8f9cfb24918a2,229
raw,1772,raw/1772.rds,2,628a1e18c89f506e1e9697b0e669e74e5baaa9ab41f238d69e30e20ec790e7c6,214
raw,1773,raw/1773.rds,194,8c785ed00e59acc7c036e968e13c8ef0cf33c88030cbee2b03e8353499536345,494
raw,1774,raw/1774.rds,5274,69e25fddc06ef52e29ff19606d5e8eddf197db84bd19a40b5a8659b686277997,4767
raw,1775,raw/1775.rds,15,2032b524ada5e8290e216efd8382edad5e390de27e73a45861b2c44ad0c21a56,267
raw,1776,raw/1776.rds,2956,bf631c962a8975479907cc917009d90f288a644f146ee42adc83a9fa3d6f6553,2925
raw,1777,raw/1777.rds,11178,0a360096ab93bb20d3e4888ad180ef4ea146ddb549acde54761de988125b17cd,10359
raw,1778,raw/1778.rds,18,395d3dff56649a90400cf9e4cbe4bf6e9413a8f464cae730c08ea3e924936bb5,285
raw,1779,raw/1779.rds,40,249ddfe154c2ddad175da8555657912001421622d74b53b4b53c2e5de557ab40,301
raw,1780,raw/1780.rds,114,e78ca5aaebcbd65dc103c28815e1cef640a1bc30a8fae8c597fc6c8eb4f6675f,426
raw,1781,raw/1781.rds,36,1d16277aff4aa0efe68ec541f1e4d8016252160c5e9e29a32d44bc2bf36ea0ba,297
raw,1782,raw/1782.rds,52,797d92cba543c33e9bdce10b2afdbfff9b9f2e4a4a0faef3a9370d861dfbcc28,334
raw,1783,raw/1783.rds,94,5d5672578edc64923e8cdc76733b33326c38d1d19a8bff09efc46a8ea90858b2,425
raw,1784,raw/1784.rds,326,d5fd81e54c00f0846d7589a8a6696a34a9f7e0ccc99ef619e246e01244a57fa3,509
raw,1785,raw/1785.rds,3,0fe43d5f3df9a6efce135bdf570429d863763b36bc091885b62e8abb6c29e2d5,219
raw,1786,raw/1786.rds,163,ef148fdffbef4be17c9a3ee7aaf36424abd4c1f70ecf45df1607f84ec1dc864c,416
raw,1787,raw/1787.rds,164,3bac6934c2592f617f4d1c50c67865c2a444d68e32725f27f9d2e742de7583ee,413
raw,1788,raw/1788.rds,83,9a8ceaef030557e1a967997b5da133a07f5304b99e5173e59d8c265ac121c890,371
raw,1789,raw/1789.rds,0,adadc686412c8a32c45fc2489b7ee54f6faaaf976b3b04409ca638c0bcd353b3,193
raw,1790,raw/1790.rds,1997,c157b8ed5d9421df625af235d01c72aad2752ec2d7aaa22a6e160908100680ae,1537
raw,1791,raw/1791.rds,1,28e6fd004b3f16a13e5f7f6ce78fac0de79e6ed6ab70892bc9b74cc7cd951a79,210
raw,1792,raw/1792.rds,100,11624fd30671f9c31da8fa6684281b5cb43a296f7fde1f8f35a8f2cb258116a0,441
raw,1793,raw/1793.rds,6,be51700d5baf1939a9a8215377a541b52ef870ba9291301383dfeef0fd4fc89d,229
raw,1794,raw/1794.rds,6,1c47553128d75cb4fe2aaee2e2bccd5598338e0a1f45ba2ba466f9942ad0f327,234
raw,1795,raw/1795.rds,14,4701021e80d691cb6ea6d12ed425b3592129399757ffea484239af0af870a966,263
raw,1796,raw/1796.rds,2886,065fad815e64880e352351109936b2387a92f01247eb71356e6ecdc06be2c4e3,4973
raw,1797,raw/1797.rds,1524,71bf12ff6220223c8f2db9d8a3a0f494237570bdc0517b9c729c69b8495d8fe8,1935
raw,1798,raw/1798.rds,4,aa022d6202d8b7bd915155b297fb976db20b32601a7091251ff8495d47ecd237,228
raw,1799,raw/1799.rds,1,d134e2adbbd7c2eb317be2c599d8ac46b034b5e2ebfadd9da7e45a274b967721,209
raw,1800,raw/1800.rds,80139,bbcfb95dd2ddd759e4d61636fe08e777f4a81d412ca9e7c3ddc3978205ff5f3a,49248
raw,1801,raw/1801.rds,1,3986d3046ceef26593a86bcedf219d80821e1b1a7e11a6b7bcc251d681909f04,206
raw,1802,raw/1802.rds,10,7b7ab85fdebc54faae212d8081743cda4073ed636c803b5db53c58406f26b894,235
raw,1803,raw/1803.rds,3793,c1ce9931c652c90e38767801463793e9806688b5e5fc9e12b05d596bdcac2756,3564
raw,1804,raw/1804.rds,64930,041c717bda1f7ab1abd8925708ac5a0632fc26fb7138ce086294071643d587bf,35238
raw,1805,raw/1805.rds,85,62d9396386b2f04b29e9704167b6225ea5d211b97796125e72d41e56a7606e61,440
raw,1806,raw/1806.rds,14,37846053fc2c354d4a8a4f0efd08a2b5caffc3a0206d9b27a3896e65c13d6d75,257
raw,1807,raw/1807.rds,50,385ae73bf1ebe4394479e0e46ac5d2d25ba79451378d6fb13ec9cf7205cfcb7d,315
raw,1808,raw/1808.rds,55,5a3231e5689b7cd5927c86166776befba9a7e20ec054ed4ef15f53d51c744769,343
raw,1809,raw/1809.rds,8,1f5e1f1f0e0953979b5ac43889cb8eb30a0ce50c56a30f5661d5331a4a588819,234
raw,1810,raw/1810.rds,37,f91c62eb3f3c42fb378365791db10d640a7ec6fb54e06e3fa3694d844a01c534,308
raw,1811,raw/1811.rds,73,e6196642ac6f7aab836e9e8f6d306eb7769614b9e14b030710a5ff22e94bc06a,353
raw,1812,raw/1812.rds,37,b24a7eeb28447b27df292f7cabfc742b86f52f9e43bf46af9667ace5bd5458e0,297
raw,1813,raw/1813.rds,24,4c4e93347ed5052e0dd5d5dde4a2c63a2b838287899f4075a2fbcf76b3769d06,285
raw,1814,raw/1814.rds,40,2e158802a2fa59e11d562bb83f25b1741ba429b1dfb14623e4193dc592fdf92c,312
raw,1815,raw/1815.rds,35,df1207cbe439b4fd22d64ecb710de6fd3d4d1412a8b129fdd845b1f1080896d2,305
raw,1816,raw/1816.rds,23,6ad588af5ab4f43e15724734dfa53cf6e6069716fb39b9306d122e68af75978e,266
raw,1817,raw/1817.rds,23,6610b6c6dca421a58af8a4aedd4ea27f470f939ee5d95d95574ccf656f0e4406,273
raw,1818,raw/1818.rds,88,bbbbfffb8c00865a7a69de630e79c3b5b13f2e87647cb916b849141c87a22f8d,351
raw,1819,raw/1819.rds,28,08b9dbd4352f126d85b6b3ba7e9689cbf0eb21ce6c6b5dd7fe746e051117c6f5,278
raw,1820,raw/1820.rds,3303,79707ab5b4ffa439bbdb715acb344554db2334730ed8836b801644cd726f34f0,5103
raw,1821,raw/1821.rds,2,73ead3e6f2672049a2948e4a3cf1719bd708ed82b6bcd39ee3a6fe54f31dbee8,213
raw,1822,raw/1822.rds,3,65245490cf8ea3e8b07230293f0b36940a654bbf767baecbeae905af7e1cd5f5,224
raw,1823,raw/1823.rds,97,e89c83151b2ac238d202dca43631ece66b1008581217a6ecf014c34be79213d5,406
raw,1824,raw/1824.rds,182,c8011aaedb576a66d2f72965ac1032b6f0645da63136be1462411d0a4f42db52,412
raw,1825,raw/1825.rds,1,4941fa25afcd762a23499d2c35d58c135c9b28c3afa67bf5df551f6551016686,209
raw,1826,raw/1826.rds,2,628a1e18c89f506e1e9697b0e669e74e5baaa9ab41f238d69e30e20ec790e7c6,214
raw,1827,raw/1827.rds,94,a470c416b60f306a279f27603bc48d431b8736e689e09e5f24fdf4759ee1c158,407
raw,1828,raw/1828.rds,53300,1564c31b9a21b5fd50cfed9f7818dda5b18daad38048075078b34764513066c2,32608
raw,1829,raw/1829.rds,124,7e0ce62b62d345155611a62363772a8f670b9a62a1bc46eed4d815210000a959,402
raw,1830,raw/1830.rds,2416,fdd6f349589eae6fd423519c147e88dd0aeec108d3803c32d26d1bd879b8eb5d,3303
raw,1831,raw/1831.rds,5,8ae85fb568a35632b6bc55410b81e3c5e4e77c68e728a1853ebdc8529acfaeab,231
raw,1832,raw/1832.rds,1,91fb662f0a65561ead449796037c038fcbc5e21d214d8d65f5efaa60c85bbeb9,209
raw,1833,raw/1833.rds,77,c95e2f0fe3f9a1f83b9e7b3f962086f456c8a9ddf0daedb49769766cdf85de78,386
raw,1834,raw/1834.rds,52,918f43fe92e34c818f00a682b43a7d6a7e9dd22c3786bb122288cc565aac5a1a,364
raw,1835,raw/1835.rds,18759,1e3b32404da9737a389b1e777e89e23d13044ef2fcfb92613dd1b36b7ca5269e,14075
raw,1836,raw/1836.rds,34,2b43b8ef41362900db3d969648b7eecb48a0e6b1b6604fa00b8b81debbbef464,304
raw,1837,raw/1837.rds,399,db90076d6cb473d434f7efd8de66266e41d2576fb541ffb0acabe2fe005915bf,933
raw,1838,raw/1838.rds,1,7da2704beecac8ac9610ecf786d9bcdedcf330fe62066842c99ae27de781ce57,210
raw,1839,raw/1839.rds,29170,019b978c391b01694935884abe7a50bf2071ee32a82f0ccfb2b05a2714e9018b,20328
raw,1840,raw/1840.rds,15,ae4880b60fee33b26f2ab824f3893e650dc87927d461139588cae9e1ab83f66e,255
raw,1841,raw/1841.rds,106572,c2a9e381e007e73aa6beed2e60911bb636e9bd32a00cf6c038fe19c0c0591f74,64543
raw,1842,raw/1842.rds,1,b7e70d3c13f265aba3d9b7fc1e967079bff98e61e310505cfe177998c18fc859,210
raw,1843,raw/1843.rds,373,6dbad52a37a227fb3e66514d17b98862d524512486d6d9896f1df4738a4617b4,995
raw,1844,raw/1844.rds,1,a222d33f84ed6ea30a404aceda932f1bb8a06b7b0a5b3a83928e4444b7b68040,207
raw,1845,raw/1845.rds,1,667a47096d52f1ef33fc9f6e79e14f5511e9d8a0c3fd55c8c8924077eab31df1,210
raw,1846,raw/1846.rds,28,352b151296d405ca08ea84a028895b85c0c27a154878ea3c145ca2c78a9b21a8,313
raw,1847,raw/1847.rds,69,5c3a5315111ce597bfb0416eaad432af305e54e497841fae24a5a02b6cf81928,352
raw,1848,raw/1848.rds,122656,83523d8c7743ca0ec348661c697157cf95c1e3b4c24f8868aa12a0ce63353970,58152
raw,1849,raw/1849.rds,7,4e22e528c41d7bd7b5509f54be53e88e46497c9ff105ae1a5d694c5777e972fc,252
raw,1850,raw/1850.rds,200953,7c16b09c5484de2cf123d50b7c2b44f4a8e85d6b8c6a2f588a50c6817782d2b6,81583
raw,1851,raw/1851.rds,24451,37b436a8ecad8c3a6248425a47055de88ddb8f39056342cb6a5078f2deb89340,16003
raw,1852,raw/1852.rds,78,febb900b626ace2f5aa84a132b839bcadcab4ea25649e33e97c7575e0734ffee,392
raw,1853,raw/1853.rds,38,8ae9887de739a232188a3cb211bf3d0b743c7fd765e667aaa8a8483376310162,335
raw,1854,raw/1854.rds,99,522f9873d5d0750fbcfbc41039637392679c341537758caaf91174431a1eedde,429
raw,1855,raw/1855.rds,67,85bafb3ec4848b0b17a99b8213777bc6b6cffd9b9667068f0866d99ea34b79df,385
raw,1856,raw/1856.rds,10240,e6cb136bdc092663becf5e1483063b084eba05d46e462a4e0cb8a47d5b43b7b1,7385
raw,1857,raw/1857.rds,9,78584a0463f4a3a7da29a543e1d8b4f9a6ee3a8be32c709b1b9bb2eef4b33e80,248
raw,1858,raw/1858.rds,9,380efe9531722fde500269b4a581d5c8279e6ec684176be11f2c814b42bf2a76,248
raw,1859,raw/1859.rds,6238,988b0d02350c9ab50f29a323d807132c7fdb7d331ec6c088f06b442320f5ddbe,6478
raw,1860,raw/1860.rds,266,beacf3d706d4ed2f64ebde1a8b291d1b3f084082858361947b3846523fdfc3b9,818
raw,1861,raw/1861.rds,0,adadc686412c8a32c45fc2489b7ee54f6faaaf976b3b04409ca638c0bcd353b3,193
raw,1862,raw/1862.rds,166,587556da769ec4924f8221713adaef042a457493291310e09a8858b1dbacb1ca,456
raw,1863,raw/1863.rds,11,f6b27a92572ab90ab08d0db0599cefa2f1b6050ada95763f103648e4bab6ab91,249
raw,1864,raw/1864.rds,26,71be4742e4a296afa9934733296d51a841633f4fa2c3ed5f68b5ad349ddbc90b,274
raw,1865,raw/1865.rds,8553,73321b5be89259a4768eda7e7a63c863d6732083711bac16072222ea6a7a4ccb,6535
raw,1866,raw/1866.rds,125,21879cf30cce009080138c01addade54be33fd32fa4a2503f8ae2fc92d4d4331,444
raw,1867,raw/1867.rds,97,3506683da798670ff86e8eccc3b22135fea78e442e4f1bc71080d830f7d868df,402
raw,1868,raw/1868.rds,1,1a53f6755e95422acd68703be572c40ffaddb385ac8b0b777860995c29fbd219,209
raw,1869,raw/1869.rds,73530,697b2326363479864e3300fe0a41a9d0623109946627757770a236a5a30ab9b8,37433
raw,1870,raw/1870.rds,10,3a3cf8e4ebb71cb8a5012ee80bece13503231e3f039c5a80ef6677a8720d86bb,243
raw,1871,raw/1871.rds,13,6e9f59e169a7ee99baaa82b7b3dbf64f07e59aef1be97ce5fc93191b0b225c3d,248
raw,1872,raw/1872.rds,82,09a57e73cc379cf0693d00abb400d744fd6e8c646521b4bbcb6e4131593db468,350
raw,1873,raw/1873.rds,27,c347ccc918b95109970912df25a158aee6638de0096bcc9caa33be0267de93e3,275
raw,1874,raw/1874.rds,158,6823d469534d9b616bec8a8ad020c72d2058daf0dac045ba75e34d1dbb22ccba,337
raw,1875,raw/1875.rds,17,cc25d666193602543fbef74710365e9f6eee733e210e63cad5637111ec237851,260
raw,1876,raw/1876.rds,35,f2dc0520d8d10874c6bfca935c2d8decbc2902c0a959786c2c89435a83032d1c,354
raw,1877,raw/1877.rds,21,f77baec8df6ace6cf89228e78ac0255acf567d2d4e8ccf249164d579488fa8cf,286
raw,1878,raw/1878.rds,2,37038ea9d6b0b4376ff98070f30032dd9c309d1050227ffa9b32e9014bced6d0,217
raw,1879,raw/1879.rds,449,b5a3cdb6a281231a1613de0927f07c51c93e30155d33608ed2b0814d5569f29f,775
raw,1880,raw/1880.rds,3,4668f2a809a3d23de4b9a4fa94e79dbfdb13502d6ba42f957bc431acbd7a0dcb,225
raw,1881,raw/1881.rds,59,ee7e97df73a724e5b098d81d4cdea87e83b40a859a877d472b8c8efc922375d8,363
raw,1882,raw/1882.rds,4,c0a424d71d7a3e808e692f73eea2ce3f8787cc3525778533b2ad88b251ed2777,230
raw,1883,raw/1883.rds,1,fc7dd0bcf8ed2e8c69acf0b440cf146031a3e54155568fc20cbcfccefb3a04ea,208
raw,1884,raw/1884.rds,1,fc7dd0bcf8ed2e8c69acf0b440cf146031a3e54155568fc20cbcfccefb3a04ea,208
raw,1885,raw/1885.rds,1,fc7dd0bcf8ed2e8c69acf0b440cf146031a3e54155568fc20cbcfccefb3a04ea,208
raw,1886,raw/1886.rds,1,fc7dd0bcf8ed2e8c69acf0b440cf146031a3e54155568fc20cbcfccefb3a04ea,208
raw,1887,raw/1887.rds,1,fc7dd0bcf8ed2e8c69acf0b440cf146031a3e54155568fc20cbcfccefb3a04ea,208
raw,1888,raw/1888.rds,1,005b0984eaef977e936109f1b0fc7eb748e3a35f7656a465aad558af96994d0d,210
raw,1889,raw/1889.rds,4,335877d42870d1039ec380787e14436dc1109363604db028449806d7f9376083,226
raw,1890,raw/1890.rds,1,fc7dd0bcf8ed2e8c69acf0b440cf146031a3e54155568fc20cbcfccefb3a04ea,208
raw,1891,raw/1891.rds,1,fc7dd0bcf8ed2e8c69acf0b440cf146031a3e54155568fc20cbcfccefb3a04ea,208
raw,1892,raw/1892.rds,1,005b0984eaef977e936109f1b0fc7eb748e3a35f7656a465aad558af96994d0d,210
raw,1893,raw/1893.rds,2,56702901399f70d35920be0be42abc21631f8f5974e72aa96ee4bf5b150c18f0,218
raw,1894,raw/1894.rds,214,cc06aec69d41c1e22c4045a1fa6472e5ed7096c90ac71c647ee04aad819f1733,488
raw,1895,raw/1895.rds,12,159cd71fe514a2c061f7dd9332a3393834e154b540c7fa9d37a016ae86b718be,252
raw,1896,raw/1896.rds,499,1579db0ed18409bd710e18501667a4e276452133e5dcda78ad02f0610219c109,624
raw,1897,raw/1897.rds,262,31a935e5bfd66f4785f67c23673e9975c36abc58f362f4f3719db5ea505f0992,514
raw,1898,raw/1898.rds,161,5cefacc4fbd23d9f8ec4681a26967beeea4ab3a266e5a8fc0442a48b55c9295a,487
raw,1899,raw/1899.rds,6,38191cf5ddf259f9e18cf98990d1108184e084b0bf2d5d580ebb07dc78dcd464,229
raw,1900,raw/1900.rds,3,06ed829178a8e05c10a2ee4e80d8052c342a6050e5ad63a2d8ccfd0061ca65e6,218
raw,1901,raw/1901.rds,1,ea553865de9d8988c43b6cde4e41de17af53dfbe8490db48f2c168038b19674c,210
raw,1902,raw/1902.rds,1,ff131756478a18052a2638d438a0c1fb97c720f88a1407fa7caef6db42b8efbe,209
raw,1903,raw/1903.rds,3545,a70fe1d9b3c56294ed93626051ed7d595836f5f103e045bdd3f862cd365d0280,3547
raw,1904,raw/1904.rds,72,4c992f8df5668a95068feb37cd915b7635a803524c2bb83828fdabb4ae1c7bc3,342
raw,1905,raw/1905.rds,1,8f7b2587123de7c1565d2a74caae158b8f44679311f55b08fb87aa8b2b9cbdac,211
raw,1906,raw/1906.rds,36,3ee7b62c738c4e839e68ea2422a8dd867839b94440aedc2508955911afaa06b1,302
raw,1907,raw/1907.rds,41,26f3ffafe23d4202ff97bb2c9f7e39faa01ea6320ba762942c6c0fb6b2d29546,311
raw,1908,raw/1908.rds,1,1c21c9700364d280c222bdb1ec0dc8e543c8680f46f3e55e9b8645d126834cfe,210
raw,1909,raw/1909.rds,34,891deaa0b722bc23024c485737de01c315e5532b3165032ebd6fc3e1510ba2f5,286
raw,1910,raw/1910.rds,579,915ccebf751159decfa839bac92a862be08b142c66dae65ab887e83d2779fa21,699
raw,1911,raw/1911.rds,3,a394796f31b9712d9f1900742731f081a85ea23cb0556c20912883d10ea3574b,218
raw,1912,raw/1912.rds,31,833ee1f23c230511b39e4bc604ec4ab3dadb6d9ff907e4671cc48633d49aaa48,317
raw,1913,raw/1913.rds,16622,cd8dc8a46d713cef22a87033720ed1bd6e118a770d266fb462b950257dbb9390,13866
raw,1914,raw/1914.rds,71,eb805df5ffd594f15631f590394bab843246d441daa79bfaf36add0fcef15b39,376
raw,1915,raw/1915.rds,149674,260e9e0033d647a23b262754859516b6aef89385d9fbfff5400e0f842cfb52cd,85398
raw,1916,raw/1916.rds,1125,846ad0a37f8ba40c9579fcd090dc36d76535c54478f699feeba3c5041e03e307,2216
raw,1917,raw/1917.rds,4389,31700957230953f4fce586082f649c24b309068350530ce2f1c2193922800d68,4458
raw,1918,raw/1918.rds,5,301a75b9095e172c61d69c585f65bcdf9ad1ed374ac7986e31a59013edca0ff9,225
raw,1919,raw/1919.rds,465,8fc4a47cfe1cc27dc3f14639f5ad643c6d9cf7c6f6ba1ea0846505da607d10a8,821
raw,1920,raw/1920.rds,53,044926863c47e3e857ec295ccfce71e3f7d813e9d9de76c049e629ea85ca1e93,355
raw,1921,raw/1921.rds,23,f479e93aeccad27a93d9d198f1ca916788efa1eb95b4da4ceceb59dfafbbb084,301
raw,1922,raw/1922.rds,155,261c98789ece783b78ec754f9c18cacb27a99b77fd8a625d677dd705db7b7467,444
raw,1923,raw/1923.rds,14,4adbf3fdd58c2ca6e448e0b67e0e3cc43b5639f86e33f037ba20fe236547dcbc,253
raw,1924,raw/1924.rds,102,0a3770887c00d7fdd252e97e4ec2c3270c5c36c1363a28f2e6421c0fecae558c,385
raw,1925,raw/1925.rds,13129,e5ec68e0e99da6f569618e36ebaa5d5e6618d27a9d1f277005b8ec4b5b8a1547,8407
raw,1926,raw/1926.rds,35,392b819d97b662403c23c48ddc642d84bb58e93d842cf2f0a44902a216a160ca,315
raw,1927,raw/1927.rds,60,0e55af349de6756c0fc05577ddc8dc09986b616328dbbad9e94aae972b938112,354
raw,1928,raw/1928.rds,159,d201b2473f67b77d2f7dab9238a6750d975528684324209ea25c8039889cc808,479
raw,1929,raw/1929.rds,40,9ee330b78f3130c9608757d412b4f58af146c8c4f23bbc803e53dea87578c98c,327
raw,1930,raw/1930.rds,13925,b21948402a9321067f17471c7e25c547295c63324b173cc6e38c1abb1ab6013f,15987
raw,1931,raw/1931.rds,9,ecc21421c6bfd0da439d9a429ccc0999e33767a8d2dd0c65e34b48da99aed2d7,243
raw,1932,raw/1932.rds,4,e304e048062883e11bf129fe268f264a9a3ece11830280cc1b1e9f84da9356d9,221
raw,1933,raw/1933.rds,2,786bd25d5170c5250f9329b05e07e3ccaf3b4593a92b9b17132a11fb3a3343aa,215
raw,1934,raw/1934.rds,37,9aa2da0d179c98bcd37313f8f007e23b17218b54ca75c6187677d2a50f88cf4a,324
raw,1935,raw/1935.rds,103,18611f6b95354f3b838cc471447ca84277c029def33ea27386f7b123d5be3779,450
raw,1936,raw/1936.rds,17,fe308b5fe0b43d8455dfd81a025737e18704803d74fa765fef325b4ab515ab94,263
raw,1937,raw/1937.rds,17,766cd67b38712f3c8f39129d2567932bf8ad5b405e205799add3ec9b40633422,274
raw,1938,raw/1938.rds,10496,8b08bd131a5d59512ff08ee1675d5b61aaf2e9aa363538e2b5f0672d2ee1c9e7,9506
raw,1939,raw/1939.rds,35969,7b0526785bc8431b994f75bb18495ea48646b8b77cc549e37caa833dd6071d0d,28001
raw,1940,raw/1940.rds,5,540a25bf8f478d5bebf67b94100a4452212f1fc08a7bb1303f935c5e844e3e7b,225
raw,1941,raw/1941.rds,64,33ab05a54fbac2436a2f8977df187ea41db035f3e9edb4bc76355622857f7380,334
raw,1942,raw/1942.rds,911,eee3556d438d5fb67ac71ed332c5f4aace51e949950a6b67443ddb6ec20763fe,1316
raw,1943,raw/1943.rds,12421,45166029db92127a1a21dcea9e7438c5e884543145e883573aac8a3a210979b5,8346
raw,1944,raw/1944.rds,5,9efd457ddbf4c1bb7d58638369172aded4dfe77e2d04e86d37cd6c8ed261ec88,225
raw,1945,raw/1945.rds,33,76beca5070a1cc9a6c2728ce1163a1315e3f7067eae7623e0a0ca2e589987bb2,291
raw,1946,raw/1946.rds,2160,f1bf1ee377b543e93128bceb68805b5d73dbf5de32de0cb222a6ac245d2c1433,3030
raw,1947,raw/1947.rds,25,c633e4b65e8c0e875f09d3b0c9e65b063fff28a5b7e661e1e743d43f2cd39806,291
raw,1948,raw/1948.rds,176,1ab45e148e64a88be9e8b8863259bd2992d10301af15967fcef64bcd0695fb84,449
raw,1949,raw/1949.rds,33,e1d525128365700220648e8df3a00793cae5ee087dea1c7aa0ad4c70d1bfe8b2,281
raw,1950,raw/1950.rds,13,368c0ca60391161119061428ac81d2380bd4a0213b3e351aa24bce589e4d8833,246
raw,1951,raw/1951.rds,11447,c478479fd995f706308bde03e34525c692dcec63a0bf46425fe12e4fc0277c52,10646
raw,1952,raw/1952.rds,18,9ce47ac66901e31db2063c0931365049c22cf2475a53263c2cd9bcae2dc4d415,269
raw,1953,raw/1953.rds,4634,b3de402700b6026c802becc9edd5f65e7302f4ced8278625a683b3be6a77b617,4903
raw,1954,raw/1954.rds,401,40f3a9cd1fffebb20e0d08329f7661ced1b0150729d0a910e769f8b3a2770d2d,764
raw,1955,raw/1955.rds,3743,5db10ef3abb41698b9c8f9c50c3cb07e7d0c23ef09ed219974a6ddb760dbdbc9,4355
raw,1956,raw/1956.rds,439,ede7e8324172f626226dc3dca82c1f3a9fa331fa6d8c76606192f4931d19e161,924
raw,1957,raw/1957.rds,22,ca2e240afb087b25f692dd22ce9e6c16b60ecb4cdf9b287e8021d04658629ba5,326
raw,1958,raw/1958.rds,1,6e07fa631e84f8bbb7e492ab829a6985af3067e88fdc1be0028446c2d6de2ccc,210
raw,1959,raw/1959.rds,1,5b4e1819daba1bc8a7eaf4983663dd94a93e6f391b20f81622ccee2c86271072,209
raw,1960,raw/1960.rds,2,c2856401a5a91301536ea597c9866bcdfbefbc9734e6e1801c3aa94902900492,219
raw,1961,raw/1961.rds,9,55707d6323029a27873686238c1fb26476fda53d4fbad4d1ff2b530bc3a74183,242
raw,1962,raw/1962.rds,2570,9020a402a3563b5b040e406a3fc38794870bef0e6ffa5ed0042588505d325e34,3901
raw,1963,raw/1963.rds,35466,6fe34eb4b5733cd6c5853b40982e515b48603d278a6f8c2fb81f7717a5c185e6,25973
raw,1964,raw/1964.rds,2222,8d9723b5b4e711f4f1470d1701cb6d2b0845ddea51533f999f55b216f6dcea84,2356
raw,1965,raw/1965.rds,13,e3c66dfa235da1fcc9270567629cf9e9fe4fd2db02b0b3f302741973bc1cbd8e,246
raw,1966,raw/1966.rds,1,95e04b1b7b4b53898cb5bb1db3019851fce0563b03ba589821c42551a4257dd0,209
raw,1967,raw/1967.rds,17780,d3ed3ffc393b8d13097cbc4c6b195abed53cfce619018178f48a63e9f8d8a78e,11680
raw,1968,raw/1968.rds,8,3e6f1182c7eb8da2cf5394159ac1f72e40bf3c5e3ce6bf35e57064054e4ccf76,237
raw,1969,raw/1969.rds,1328,9d22b1332267d89aa4b7d2356bff9e94c9dda8daa279a1bad68a1887c9f21c91,2449
raw,1970,raw/1970.rds,40,f84ac38a932bd52c3cb06f12c5f950fb70dad61e54cfb0691e7a2f09f0ae4e31,306
raw,1971,raw/1971.rds,11,9e384f8afd64f6bfbf838d77f2886af97fd9eae06d2026c6a39c98d68d5c28ea,264
raw,1972,raw/1972.rds,2,5f3336d794e32d757eeea6113e73c04f48d501a8ef3aef8cbb47d8c9587a07b6,214
raw,1973,raw/1973.rds,42,808b15722c2d72affb853e21c044a6a16adbf127499d43e4be9579ff4b6edaf4,338
raw,1974,raw/1974.rds,79,c2926d92b6c1304341376df8f58433be589dd7bef4c9200f08886b20179a1df6,361
raw,1975,raw/1975.rds,63,76198a629eeb4383f4973087e07c3b22faa05d2ece2df284295e9ff2e47aa664,335
raw,1976,raw/1976.rds,11,a4cfb8b9219c28d8a1f72f3c30a2bf01e656f575e38832499aad085c84661842,243
raw,1977,raw/1977.rds,0,adadc686412c8a32c45fc2489b7ee54f6faaaf976b3b04409ca638c0bcd353b3,193
raw,1978,raw/1978.rds,5630,7169ee2ec7496c7624c28319906bd3de26aa16f2bec04be56cc866c24ca3038b,5884
raw,1979,raw/1979.rds,0,adadc686412c8a32c45fc2489b7ee54f6faaaf976b3b04409ca638c0bcd353b3,193
raw,1980,raw/1980.rds,4,93dc8e442422b0f6f75d16766d606fbe39d60e271a61118297e603b264e1b8d0,226
raw,1981,raw/1981.rds,2,1f6dcdf3aecdefd8422d0d2b53995f9c464239593f7c0ecbf1b22202a884ef01,216
raw,1982,raw/1982.rds,211,dbf1b0adc4b619a7e7b7ece97f9c0155c6c4fe857d2d957c449aeb7f2ff62677,499
raw,1983,raw/1983.rds,7,4bf4a0d3bf8dd7ed5f59c5eb04eb61908c6b88657e5e8583b9c9398a6075adb6,237
raw,1984,raw/1984.rds,20567,edc39682b0c1fc55bb351520d38c8d5d99de5a3b1bea47a1f91fa88e46686034,13977
raw,1985,raw/1985.rds,5,005ef502ec95386f7056954bbfa4994fa6f99d8b653a4507d4e9feab8f36cd45,231
raw,1986,raw/1986.rds,705,6534987e488015d3233c2f86b72b587f6d43bf7d1ebf4d97c3589ee11188bcf0,791
raw,1987,raw/1987.rds,1,dd740f858e5ea7f6044a14178db039e8df3857a57aaf4fda643ece3f109c1664,207
raw,1988,raw/1988.rds,169,dca714741ac7de6a78e4d1591fc16dd6b60f3bdaec86178ea19eba705d71f5d8,490
raw,1989,raw/1989.rds,25,a72d7fb6444df8412b809afacb67ccb352439af6e316ab80ad6082ea54641073,288
raw,1990,raw/1990.rds,306,c5ffc143203e4f198a556c6fe798e5c719fb6ca590f7e3e392143bb213ef9b29,631
raw,1991,raw/1991.rds,2934,3c00125b4ff799786cc00e2494dd0c8347295125bb3e8852ad33416aa5943e35,3530
raw,1992,raw/1992.rds,161,4bdc680d45c0565195b9f84e1481bfbc904f9efc05ec9bb78e53068912de6e57,565
raw,1993,raw/1993.rds,114,a1b6170c8c6c6303fc5f9ec040062e1492c2115dfd823c6280f8da13b620fa9a,488
raw,1994,raw/1994.rds,79,2efefe20179a43f759c5838f8fbaeeb2465cf6d5cec2a9f6d09c32853cbc2158,342
raw,1995,raw/1995.rds,1,f1be66426181d2b13df2f88a2340b5a3a2eb0d207222f29eee5d1341d817a78e,209
raw,1996,raw/1996.rds,51133,e59c4c5bb556abea37f0187ee508d82a7e514e1707028ee609eb6b39adf4e1cb,34735
raw,1997,raw/1997.rds,401,7618acd9f209f43e1b7045426d98bd940b5ae9037702ea3d70dac54e079de627,746
raw,1998,raw/1998.rds,6,421eaa0d74ef896baeb2e631d9a3e451d63c4fa0bf67a146ee9d802e5a3e93e2,237
raw,1999,raw/1999.rds,3,ee9f6110cabfb86b6ca49fb3f944ed88e8bccacc936d8d75a039058cf1087d0a,226
raw,2000,raw/2000.rds,18,92baf89ad0f87a436290471475ea52825a143b0d5356a69ad9f1ed0463fbfbb5,265
raw,2001,raw/2001.rds,300,d2463dce5f109a0e83435d526aa43dab3150c180620e505d8a105af8464ec335,677
raw,2002,raw/2002.rds,12285,ddc332fb0167c5cfa0795b35d8c72de59a6dbe131cb948e2daa3f1c6fafc185b,10404
raw,2003,raw/2003.rds,22,3b9ab72359005334c36d4c5c3ee269ad1e82c28b78fa0f7a2be9a69cf4adff3e,288
raw,2004,raw/2004.rds,74,3e1d11ceeae00822383263636b93f7bc000d497a245287e4bb482d4882e093b1,396
raw,2005,raw/2005.rds,5022,268383d1dcf758bb23ad2fd4b43401497873feeb61facff77633c201bb8cfdfc,6016
raw,2006,raw/2006.rds,1,6161ae976e3c46608e70b7d9f6726c1615a0fb59c14eb5c54b77fd6b05727106,210
raw,2007,raw/2007.rds,230,264fcb384ff335b2fb4b3c8b754f64b7b55bf20238379d910beed4692937bc3e,610
raw,2008,raw/2008.rds,51,96c793a478a35218a434ce87a28264f6ce2b4cbe33f0054d3b76661f6d3f46c9,322
raw,2009,raw/2009.rds,2598,01387d96c76a25111392ce270934440814b8638e14821b23773d825f6b8f8896,2591
raw,2010,raw/2010.rds,2,c03329da9fcae59fea9f893bcffb141964f216a3156f84cfcb2094f1dd38c298,218
raw,2011,raw/2011.rds,33959,d36b498ab88c27e5fe072dc5cd934e9ea22f98fb846482c95ae60f37c1970471,26651
raw,2012,raw/2012.rds,189,8df548c0a28391790ee63cd79a6455999acd428be375af32925a80137a9951e0,459
raw,2013,raw/2013.rds,1299,d4ad2e5bc72cda4d91d6ec6cc31326d4c26bdfd3aa04b44901641af264a965fa,1490
raw,2014,raw/2014.rds,59,06dd1b2b7e10d4c5c9c6c0860a90497ba7f36495cbffdf80b233733d9c71a99a,332
raw,2015,raw/2015.rds,43,a49c69089f57fc118ddbaf745d06c7ec027689cf802f45d16951c3b6a8fb0ed6,333
raw,2016,raw/2016.rds,14,26a26eaf26ec11a887cdac151581f72d38b718dd3e4162134713a9e7a66f982c,268
raw,2017,raw/2017.rds,41,1245287a7f22c8b558b310839e5d1047bea5f9e2efc15b939fb173c72a50da5a,320
raw,2018,raw/2018.rds,17874,c99f499a197830883d67152a92689f331c0739ffa7bfdb273713f116eb0d79bc,13351
raw,2019,raw/2019.rds,2,23ef99c9577c16ecbe7dc65b283d52c46a3c76a7969085175b082bc49f6c7a2b,219
raw,2020,raw/2020.rds,123,f1c5e2f1428ffe5b9c7077808e0ce4888af9c243437343ad8838a4951dcff773,491
raw,2021,raw/2021.rds,83,a9dbc40c761cc7399d8cdfed19308e452b79473c74bbf3ec4d8564b6ced713ec,358
raw,2022,raw/2022.rds,1,8dab88aa146dcf624c7bec32e2cba3f5955e8095a111114906c644b2f4bf4b92,210
raw,2023,raw/2023.rds,547,f9eafc0fcdcba837b61ccb31a40fc8a7246ecc5c72503de73f07190620446280,1339
raw,2024,raw/2024.rds,295,812b70c45aea1f3f5abc67fd53919173aa0790a2593607eb54ff10c5df387cd6,510
raw,2025,raw/2025.rds,1,5508c37b48e5889d9b34fa963a29641cac634e4eb5bc0bc071baa479cbea94bb,210
raw,2026,raw/2026.rds,4,3aaccaf2af8fad040010fc7148d97d06aea05d01d02ff7941c671c014371a1fe,224
raw,2027,raw/2027.rds,8,ecadf63ec356d1327ffd0b972202557a4f3e1648457d47cdaa7b10674c683adf,241
raw,2028,raw/2028.rds,1,bf6052ed6984afd99d02f839262dd3784b5dbdcc3e90f3878365cc8f587bebf4,209
raw,2029,raw/2029.rds,11,75c624904329a2f78f169eb09ec31d72681fecb1b9b7b0b760047b18edf28ddf,243
raw,2030,raw/2030.rds,682,cd6bd1c14e4a4c1eb6e046c4a9dd540507266c2bdedbd717d5e302dff1a0cc83,952
raw,2031,raw/2031.rds,93,3af22df699f8bfd6b73d886a2c1e310439c7c1789ef8363281ed2bf6e7c1efc8,423
raw,2032,raw/2032.rds,35,20d5951aa63ccf400b7fd3c384b0f7867fb0a775f1e814ee0b5446006b497476,301
raw,2033,raw/2033.rds,295,fe181f011d7dcf3454a5575dbfdcc2e4000924c0811a8a992974edd8ca65ae8b,538
raw,2034,raw/2034.rds,62879,02e5e7be3995d96b526b8c8f8803dfa5283db0228c15d7bea59deb71203ec6cb,42932
raw,2035,raw/2035.rds,10740,9b38c7ab69eaad7baffa2cbbedad7d6842ac87e9a3633d2122fe72ed934703de,8910
raw,2036,raw/2036.rds,8191,2630095bc1c4c3b7132828b485546f16f06648a41ac42951f4888107de006793,6609
raw,2037,raw/2037.rds,665,feb1995af3972ca1cdf47953e6239ef712bd02bf270106fcca09f7d5e3632569,854
raw,2038,raw/2038.rds,354,553dd739e36e5cf77b81d16ad4ee841effd19e2d4bfde035d9218c085ea80071,631
raw,2039,raw/2039.rds,1,4de6c34758f273b64e9a2c29ffed881b8a1a954c885e2d2f856ebe54f392a878,209
raw,2040,raw/2040.rds,3,db4ba12084c4fc4abfddb21686a06a6c720cfaa54788885399e71b2a1aee05db,221
raw,2041,raw/2041.rds,275,c26ee573b8f15ff1c6cbd24f93f386005ffea5b5744a8a7435fe8bfffb543248,681
raw,2042,raw/2042.rds,1807,9bc75bdd1a11d5820c201dc541402e938b51644851bd381af844cdc9490a7e6f,1624
raw,2043,raw/2043.rds,65,caf5cf8deb48b138b26b4e240c7b39756fcb2a038968b1e7ef440d3ae971cb6e,345
raw,2044,raw/2044.rds,1,cec7cb2c41627a943bc9f8c2bf51615144c64cffd2676eee1aaa8dc00cd1f974,210
raw,2045,raw/2045.rds,9016,d1b639a57d538623bc8a169e47a5d056a94e01f3ff5e7a9e9c5dd96758a1af5a,12334
raw,2046,raw/2046.rds,11,ec06f07868e19b9673e1e4e5f75048b3786dcb9b019971567bbc46bdbb598417,268
raw,2047,raw/2047.rds,16335,a6b5ceb6fa37fcc7bd19a1f47104beb526ddbe93e8517b037cc0e5d476607ad9,12918
raw,2048,raw/2048.rds,242,c44a805293622920d07869822ee4e4bc7f10619d159b5b9c0386813a830ed5f7,492
raw,2049,raw/2049.rds,287,62e378daca9b032f646414d529fadebe558cf83385bd069658f7421d5f93a642,644
raw,2050,raw/2050.rds,165,a03ed71d9c4b540febdda5dfd123d0fdd678907d87088afaf0c130cb8dae3a4d,412
raw,2051,raw/2051.rds,6,644315d1e65bb7e8fd4a372af772bc625c767ccae3ee1cc550fc6f6114e0bff2,235
raw,2052,raw/2052.rds,26,11aa6dcf310df134f53f989ca2858c4fd2dd6ca3513c63f98a104c2914043be9,275
raw,2053,raw/2053.rds,9,c73a2285907fc75dbd3744d924915cd18ccfb3477c9701226874c50a1c06ef65,249
raw,2054,raw/2054.rds,2,25353a3b35ddb9b056d5eeaa2247d182f678171de7053ded3acfa5561aa4ac4c,214
raw,2055,raw/2055.rds,44,fca87062ed4a316738c5434bc6cf24cf5a5c13c7afa0d89fcd55cf8bc8b87c6c,312
raw,2056,raw/2056.rds,158,31b915e60bc3662997c12fcc3338600870e18cb4a27f47f1ed87ca9be3617f59,487
raw,2057,raw/2057.rds,26,9b8df671152b37020c9e748c06071d6a02c79553390ab1fe8978b40e0dde5b02,280
raw,2058,raw/2058.rds,195,597d034c013e3f0440c2ba73bc616ea19cc9b5f3842c706106b1582102d9268a,513
raw,2059,raw/2059.rds,18,649108b51730cab4d488fd2a02895343eeeebf5903ee394996eababd970c8136,271
raw,2060,raw/2060.rds,125,cc2e93c0533212bd1fcc9450aed7f5eaab1b7756fa3516f6659fb9a87020a838,480
raw,2061,raw/2061.rds,11,1af9a70cc7fd78b3597c3f7a2ac066dbc65ec4fa66807f18ab3090f8fc21ff65,246
raw,2062,raw/2062.rds,1,cec7cb2c41627a943bc9f8c2bf51615144c64cffd2676eee1aaa8dc00cd1f974,210
raw,2063,raw/2063.rds,2,628a1e18c89f506e1e9697b0e669e74e5baaa9ab41f238d69e30e20ec790e7c6,214
raw,2064,raw/2064.rds,36,09c1fdd9d258d3e68fb16c620c71c8454b1ddee08d3c808e448e89191787f342,296
raw,2065,raw/2065.rds,28,df6b54d28065bd430570d434635d3b150ddfee01f56db71c8c6b6485f82b8328,310
raw,2066,raw/2066.rds,28,6c751f79db2696f4220a97935a7375c3f45384e2fd088be882231727e5ace46b,295
raw,2067,raw/2067.rds,11302,4de194676ce12211c27b052f59860fad8dad6b6c1f124d5ab6cb7b4eb6b4502e,12884
raw,2068,raw/2068.rds,50,61d41197e459dd11fa1bc0dfbf650932369fe86ed851f7e2d8f7530fc399b457,355
raw,2069,raw/2069.rds,28,9a825966d9e32bc894f935ca12a2e2a4a74153fee480eabb4158885796ccaea1,317
raw,2070,raw/2070.rds,1313,539fbececa6066a82fb2731a01a95031bf43dcbf70dfbf50200a0241930f1c94,1635
raw,2071,raw/2071.rds,8,626e38e44e88aa7740c0ca46733c5a2cb7c6d60f43bf7e4d6f4185a597104d74,235
raw,2072,raw/2072.rds,39,481f882684ce75518147b9012fdda0e0e67d5b9d6a2ed088b64ca56a45926cd6,306
raw,2073,raw/2073.rds,11943,98c878451ee709ed9ed45bb81c4ce31a5c876ee93cac78958d0a11afeb70e265,9797
raw,2074,raw/2074.rds,4,cb48f805bd3e51ab1cfdf66e5d9b3b7989fbd1a8c5d28c3fab936ef483ec56f3,222
raw,2075,raw/2075.rds,1,1536bdaaa1a9dc9c38682962abb624b9f92330c68807f084282310c122c3fcc8,209
raw,2076,raw/2076.rds,6,e08b1d35446cd0db8be8603f507c41a125b2975197d121152e1bb37226269b52,231
raw,2077,raw/2077.rds,5,78d36e07ee4471f5f7d3cfe3b8565ff0bc89779826c4894a7813bd464fbdce7d,226
raw,2078,raw/2078.rds,5,43278cf69b34ba9149ff3f1ee4dad51d9228788eba6adf6b4dc6315cadb34314,228
raw,2079,raw/2079.rds,7,d9e60f1c04a4a353ab6fa1cc40c223d42c1182da78afcac36c95b6a7c3857847,231
raw,2080,raw/2080.rds,10,1a28fb416c701fbfe7df4bdffdd63831d514a764a5c59459218f49610d3631b0,242
raw,2081,raw/2081.rds,4,7eb4eb81bf56b501490f4a014c76ee9236aedd18129c47deb402504cf2c944aa,221
raw,2082,raw/2082.rds,51,647cd1a2b32f998dc69e866d72141005b5051d06ff23af8ef0267f72aa99b2c3,322
raw,2083,raw/2083.rds,2430,4d86d93bcf03abf04ce873bb9b3662beb6fd91c6504d05834c56d98d27cfd29d,2124
raw,2084,raw/2084.rds,313,d43c3c47a29abdc8af8a0a1bf10d47ced89ecb0e57861c4c5f7a24384268597e,651
raw,2085,raw/2085.rds,37,7db12aea5cc8eb372cd932ef68ca695288f7c121bcfe16a242dca66387c77c34,314
raw,2086,raw/2086.rds,16472,39936f3258530b8d596b8295f520ada938c715417df5ee0d2a52d5cf9189eaf5,14197
raw,2087,raw/2087.rds,132,fbf02034d994bb5b7dab47ce2b3193b4fb7dfef1693e5353bf8870091c9ac125,443
raw,2088,raw/2088.rds,5,df7ecaeb81e5411b53cf51e2e6b7b890ebe1cbf645e3db57a2cbfee6ea14c089,243
raw,2089,raw/2089.rds,141919,d4e9ebd20289ceb3696897ddefc387749728a4cec674819619f13e190773b452,74298
raw,2090,raw/2090.rds,73,2ea5ad517c34a91e23de1320979394b098b515285b4a2ccc397a33f3353bd006,397
raw,2091,raw/2091.rds,912,fd83f4d347d1b4bd786d4d1b8e104d40c4f7bc72cc9a1df06b931493a69dd8ec,1222
raw,2092,raw/2092.rds,13,5875320040b4e646a462b00e5fc16eb18d1e5953bef7edc0a3da13c04fc2eff3,254
raw,2093,raw/2093.rds,163,0dd4dd5ccd1e37dc8c4b2278a2ee7d8b20be66c52a9542e79aff18ef6a9815f8,590
raw,2094,raw/2094.rds,592,4b5eceb0516255df9614a0a95fc6be08c21d12a52a972f0438a43b3b9d793ff0,1027
raw,2095,raw/2095.rds,34,2a21b348b83d4099285cdcb26068c52357307124223476ba3b11051a6bb5e705,294
raw,2096,raw/2096.rds,1,3e15dfa8bf1373266e3f3b26ad19cab97ca0f1ec06a0f2eae73d12075c1de9bc,210
raw,2097,raw/2097.rds,700,0371a6551cb9830cf94a4b7e8ec72e4987d0f95ec9822170525eeff6e7226f03,847
raw,2098,raw/2098.rds,263,5edb7eb83adbae372130be5749561a6e878a2e8700503cf999b7c69a1cb62894,569
raw,2099,raw/2099.rds,1,388327dcb727553f56a0ae656564c33efbd0456a9353c3902259b1f837e20006,208
raw,2100,raw/2100.rds,1,c9a3b9f167ee0cdfec1a5a75089a7904e49ab8141532c7328275f4cbc6c50e1f,210
raw,2101,raw/2101.rds,137,12efdabd1e9924f845f60fa5b8a8f2caf7a8920fb3a605b1153bfbf91d4013b6,544
raw,2102,raw/2102.rds,68,38efd6eb554fe639ec659e4e046a7926c842ed738afa8a086ef842089fcca0f8,356
raw,2103,raw/2103.rds,1,ff131756478a18052a2638d438a0c1fb97c720f88a1407fa7caef6db42b8efbe,209
raw,2104,raw/2104.rds,1,e7e8a5e903a80ef5a8f5474e68c6565d750c928c3cac060439edebd8189d15d1,206
raw,2105,raw/2105.rds,19,3f5bbc884a2c285a3deac918141a2938b4cbcc0340e8e5f13612074398739e6d,271
raw,2106,raw/2106.rds,43,f4c55ff6aabc43b77bc32620787d7bc9337ba9f164bc1e91b8194637998d8236,300
raw,2107,raw/2107.rds,29,72cb9488810fe2aa1562be25a676c2399c77cb20efd31e3634ca28104a2e22dd,277
raw,2108,raw/2108.rds,110,b9eb89bb4c770e120660ef7a18e0ec69daf53ffbdcb8f9a93f42ccfead94738f,411
raw,2109,raw/2109.rds,9708,ab708ae5609b701e28d5684b1ba1fd3c04d1306abcd80ac5d8baaac17952ac2d,7459
raw,2110,raw/2110.rds,3397,b300ce95377c430778f73e79cd8ba83b019fdd6edfcc9cfd9d51b316ca0d9eed,2689
raw,2111,raw/2111.rds,84,18045a91f3d09aa5dd78373c157b17e67a2a089b5779e9eb6e8e790bc3624bb3,412
raw,2112,raw/2112.rds,33,801b0aa73a7cd4561bbf1fd4b74e502b3e75afd67a13cb5b68f8370a7a501277,293
raw,2113,raw/2113.rds,84,04b6847265d287ed4e9bef4eb57cc444eaebf44372c83639a05f8248a811f3a2,328
raw,2114,raw/2114.rds,7,6681aee66fb2d3997a2ac38c5c6e12ae004a2492403666a5501325f88f95d4d6,227
raw,2115,raw/2115.rds,64,158a2b83f1aea4abc7944f3a2621920614873019d07a40f013fe170227952530,324
raw,2116,raw/2116.rds,9,4d449ffb80746492baae9c495d1af27a773c5ab9a19f1346b88754c55a24b1b4,246
raw,2117,raw/2117.rds,21,f4475e839052dc068759ac73f37e7e43629b4bbf4cd74ac853223fc51576ca0f,281
raw,2118,raw/2118.rds,1,258bb7105a9d397da7dfd9b997dee1bca8aec44ca75de7c9563e5d64ee5a7d3e,210
raw,2119,raw/2119.rds,121,19a446c15e01867637fcdd60d771f2c182227e15ab59b832f3a4682df97a6cb5,430
raw,2120,raw/2120.rds,1,a80ec19400670edadc8919b45a304dc35a2bbe9416aead539defc9534281215f,209
raw,2121,raw/2121.rds,33,e2358e9e82333c2e04012e4ea7b629e0b853bc2b3ba737ded15befb698f10649,293
raw,2122,raw/2122.rds,33668,26af19417984651f4d3e838bacddc3dc96ea940dbebdaa16dfc2ebab2d1dc173,24194
raw,2123,raw/2123.rds,10,6420adbb1837195f99e14d5e68a17ae89f25d22bfce5a716c2c9287549e02dcb,243
raw,2124,raw/2124.rds,1,8216a8cdf713f4fd4a9afa9e04a4a5df770cf101d1eb3e5587dde4b24b1b1e60,210
raw,2125,raw/2125.rds,1,637e7cd149f2617b363c73b4bba8d0fd0347150c93cd02119ee3fc811e076103,210
raw,2126,raw/2126.rds,143,59d425ffff216c8645ec821e8bf8f136b7dd6b91175b9e9480f09e1254cf09c0,549
raw,2127,raw/2127.rds,17,5dc512d50ec8190240bda6bca92e1cd42f865d57527b264f09d187a0a26a046b,258
raw,2128,raw/2128.rds,72,c9b656ac9ddea61cfe9f38915236886b1fea9d59a539f63547d3bd7f211cb7d3,379
raw,2129,raw/2129.rds,83,ef12dfcfb0c7aac1ae131624646ab3aa81c643b9987dd5d1ee1bf8e8e07dfca3,482
raw,2130,raw/2130.rds,266,1656292a004832a83f08b8745552e746d1d999be6c83c9ff5ca52f5a1ead63ae,545
raw,2131,raw/2131.rds,9,3152d5fa467df165a71ac4f645cefcc8cb2d501ff8109f437a8aa42302aa4bca,244
raw,2132,raw/2132.rds,2,0bf3673d61bd9c44a42455a7a622d37adb2f9bd52408aa4a777047468fd9a5ac,213
raw,2133,raw/2133.rds,18,1f5f5ac0cf26fd1559dada192c6fa241b81d16d37630108a6e53fd76798763af,268
raw,2134,raw/2134.rds,44,71be1f758ac7ab17ec11e898c04faada3fded86c835a7da156bd123b2daa73c8,325
raw,2135,raw/2135.rds,1070,ad609bf2b4ee71ed5c80ef1ff2d49df64150d7adef4588bf46644243ce147800,1136
raw,2136,raw/2136.rds,158,a6df3d00d27ab6ffcdb42d21c0bd7edf2fa66e0f768e83a2de6d7f94f591be87,471
raw,2137,raw/2137.rds,83,a59709c781831ee4b5ea6a34cd0a936980da687bf978ff2204f3fd40caca33aa,348
raw,2138,raw/2138.rds,92,3068bd4a11c033e2a8c39a75dfdd0e545b541f34d3e152e44e51102899304865,406
raw,2139,raw/2139.rds,14,0e4ab43351f203a963331fe999140570679ce939df160f53746704fb9c930095,257
raw,2140,raw/2140.rds,0,adadc686412c8a32c45fc2489b7ee54f6faaaf976b3b04409ca638c0bcd353b3,193
raw,2141,raw/2141.rds,28,02a6ddc342b96f99252978f802623e91865ce507cba8b4ae72b6cfb81ab65301,283
raw,2142,raw/2142.rds,6,a3e08224488edadd4c5daaa89b8cd816c7df146b7f7f91d48ecbd5c49ff289bc,230
raw,2143,raw/2143.rds,10,f01148738e5a285adabb924b891919c9fd826602abc99b67edbd4c709f7f7ef0,250
raw,2144,raw/2144.rds,540,ae80ab162eb6e2c90001fb7035a8703892b06a245086081c9a78a82d89bdb24e,1237
raw,2145,raw/2145.rds,72,1b53b7270862f167c029d6f62b4288f66844a616181a305bc954dcc07a1eb3be,413
raw,2146,raw/2146.rds,557,a1e1da63e679a8253684f08ab052b5fd0aeae7520c931a2e0509df248f9d8850,784
raw,2147,raw/2147.rds,5,9efd457ddbf4c1bb7d58638369172aded4dfe77e2d04e86d37cd6c8ed261ec88,225
raw,2148,raw/2148.rds,718,ab588fcfb34d48cab44d20b1585ff6679ac048ae6e0e94e64b18a874e7b72402,863
raw,2149,raw/2149.rds,36000,11eaf0b86cccf8179473ba2b38ea8e31d0febc146c61a9b1da2f90cf4ae02dfd,33249
raw,2150,raw/2150.rds,15,4a78d8a88478012afb92bdb2f123f4be73a04656706b19a2a7f45fe8aaafb246,283
raw,2151,raw/2151.rds,1,d928b4add1b448c1bec83716be7424e9e3381ce11eef9c1f94753dfb8638f39f,209
raw,2152,raw/2152.rds,27,2349e755b7933f963ccd9a272b499eb3f67c2b677fdc54d15c530436ad0baa7b,319
raw,2153,raw/2153.rds,38,db24749a270d69b417b20dc492761e4e6dd45b0c74f8d565b046686cbd6bc0c3,354
raw,2154,raw/2154.rds,130,946761375fd784b38bacb59d4dbca5f79ccf7a01f2d7ca7f1c7cc86ea16e06f0,425
raw,2155,raw/2155.rds,6659,fbbed9c0fe911aba02ca03ab2d23e610fb0b6cd29d63796abd3e54cdd6acfd53,3386
raw,2156,raw/2156.rds,274,ae7a1d44b49e7bef1e1def18a42ffc1dfc3e9f17ee59672aad58416aaab42565,648
raw,2157,raw/2157.rds,3,1947ff13a398e077a3e2cc5e24726702178d7dcd50d58cbb0c63e2f61fa41648,224
raw,2158,raw/2158.rds,0,adadc686412c8a32c45fc2489b7ee54f6faaaf976b3b04409ca638c0bcd353b3,193
raw,2159,raw/2159.rds,170,bfb6738eabdd04cd17436d371c4eb45553aeff6888c4a3a4700e611765c5617a,514
raw,2160,raw/2160.rds,139,5e461e5963e54d8a9ed6dca365bf1454097ce51233d9cf41c91f68ef01b59340,504
raw,2161,raw/2161.rds,13,0616e609b4bc71de6e390c4d1286f29785fa2f56c053cb16d6bd2ef351fa2b83,251
raw,2162,raw/2162.rds,5,1e49d8cc7ccf77223283f9384df3f526eedf83ed3022f6523432b79aeba06933,231
raw,2163,raw/2163.rds,1246,9b1da421c2a34b75ba5f0a1c727265899da80732bace745038763d0d3ae68a2e,1190
raw,2164,raw/2164.rds,97,3e4a6c097adbee0564164bed2fd1010c920abf854e082c8a7243d5d6dc65e618,403
raw,2165,raw/2165.rds,75,6958b5a0a0bc8069645f61268018c6268accbba78beac5fe9e13a837b0e25b91,323
raw,2166,raw/2166.rds,77,0ebba05814e78fe9bc99ff9820dea953f2db3a8dee7585f79e693debc8c55ca5,428
raw,2167,raw/2167.rds,12,46fa5e41272fc4bc155fce6f23fd553a21fa05f70fde74a27203590779cba022,249
raw,2168,raw/2168.rds,70,c9de9285e842bff6f4fbfffb223f2002d3b3dff22a6af291b0fed3de19461073,319
raw,2169,raw/2169.rds,17,d22d05ef1166c4dd171d1b3a7fe12f75cd00e37d3e06074963f8b8608d49bc08,258
raw,2170,raw/2170.rds,133,0e73a6ffc60172b9cf835e36279fbd8816d8e87cc7b1c8e160b6952bd2182fc5,348
raw,2171,raw/2171.rds,104,3600571cae324588cbb0d1389b191b7d71ba37c1ebfbbb1c9f097cc2afe60813,442
raw,2172,raw/2172.rds,1,58bd7eb3bf388678f704da6cd6cc8a0e0a873055246817c01807c3ce306fa839,209
raw,2173,raw/2173.rds,5075,3e2b2e2f510bd3e19a1a5f7571d6ccb70c07e4cf3c3d4fa83f4972e6933a02b1,6417
raw,2174,raw/2174.rds,1,87d6cbac12a3ab5c7beff51a65d6664dab5c945a8db04d6d7910f212d5c60c3d,208
raw,2175,raw/2175.rds,252,d78044f6917450f6d166b634dd754457a95fa075b1050da0e891b516b4b4e16b,487
raw,2176,raw/2176.rds,1859,f4efd6053731010059243d821f893cb3ca534663a00987c2dd986c5585426956,1716
raw,2177,raw/2177.rds,1,b19a4d4aa29e299a7fe0ecfe46d42d4639f5b252eb0421e133d75ea130563671,209
raw,2178,raw/2178.rds,85,0653e9d99400582805a9f382b7f711f49298297f85210559d185c4f1f08abac2,391
raw,2179,raw/2179.rds,184,44c21cf6a7a975c70a058046659672de0729aef7063f92c1bed94570061d575e,500
raw,2180,raw/2180.rds,480,c28929152f1a9a378bb495f6cfdde6c007082118fdb57cdf9247e03399b1e116,668
raw,2181,raw/2181.rds,570,55b861e40ecac3436befd2a1ecbff83168472da7c89b10c3de2d83f48faaaa02,983
raw,2182,raw/2182.rds,16,bee849e846760d219ec781f2687c0036428a7f85b8329117e5eb34fa00762d94,258
raw,2183,raw/2183.rds,58,80d230646ed349728427959afb2d21637724b674831980b6b20e8d4a83a885c8,347
raw,2184,raw/2184.rds,2,628a1e18c89f506e1e9697b0e669e74e5baaa9ab41f238d69e30e20ec790e7c6,214
raw,2185,raw/2185.rds,6172,cdd1afe05a09fb9fa65cc6f409272a82e3327e75649cdcb375d3a59b1975bdcc,4149
raw,2186,raw/2186.rds,5,ee338aa300b9dc609024c333b152fd132f038905d2b4562029cc12ed6f22f805,238
raw,2187,raw/2187.rds,115,c1701f147d060c9507075d983f519fee61461ad24d0ed18d391dfdd63fd7d17e,379
raw,2188,raw/2188.rds,682,239c884a4617e9c0bd186c7b6a25ac5c4f80d5891fa9638b1e13714b72e1f5f2,998
raw,2189,raw/2189.rds,1,28afa4cf7f37634abb0b3652a1395fb6450ba2f44bc0f282d54e7cdfbb1a10d7,209
raw,2190,raw/2190.rds,1,957de9d243a722187e0d3d24f0e60a58801cf98638b1a698ce3d9977b07c9129,210
raw,2191,raw/2191.rds,13,2677a381c1e6917094639802a990d6b173c9340893df4d766f1ed8dc492985f7,247
raw,2192,raw/2192.rds,18886,d535e4426418882223888bad62edf44199812181aa4772dc74154b6e77736fff,17011
raw,2193,raw/2193.rds,85,7cf2859989e7eca9264718b983190b848ce6576314e555448dc1c33b791e3c39,371
raw,2194,raw/2194.rds,23272,12c9c488966e190f66466715dc54f501f2f83f91d8d77344765c6e22b0e3e93f,15175
raw,2195,raw/2195.rds,223,4a1d09c5af44c4c1322dffae24fac411f19924442234e13a754971ab351522dc,450
raw,2196,raw/2196.rds,3,bf3dc601897512a2cf5bcb3a6d4ca780359cb77ded417d866898b0af5684d3cd,222
raw,2197,raw/2197.rds,283,71c07ff5b9e9c79b7b2eab2c6b9b6fc678e35e081fac1ab499fec0f28a660668,615
raw,2198,raw/2198.rds,8,b9f960d83035161c52c52ac7fafbdb520986e30a819dea59d81fd797b3221895,230
raw,2199,raw/2199.rds,2,1c7e0d0281db27d43c74bed3ca9c0073b10a7dfe4eff90c71a46f1e5e14b3e9b,218
raw,2200,raw/2200.rds,1062,5a7f20dea94a9689dc86884302c7faa3f814b2f40ddb8163d66caf2805c360de,1852
raw,2201,raw/2201.rds,4503,cdaf87dc0982eebcf040a91512b03d74cd54707d91b148615641abd85ff5bf3d,4425
raw,2202,raw/2202.rds,140,d7790cc75b87382b22876d04722c4ca3f29e5b49174a7ab819a353b29dbfd722,425
raw,2203,raw/2203.rds,150,cb54cf016d67d852688624a474ac26ac6858aae127d341ae33716c4402625aac,466
raw,2204,raw/2204.rds,118,5e6385aa74a2b930763c37e6df915e87f3668a3af48a153bba06240b16a44bf4,415
raw,2205,raw/2205.rds,153,5b7a573f3b08661864102707822e1967b45b0425fdbdc71f923a671dd6548a74,443
raw,2206,raw/2206.rds,216361,6362081e9c2823e1af399855311680b4655ce857df4919bbfa534f6c96b78445,87951
raw,2207,raw/2207.rds,5,132fcb8b0c44a7dcb45c8476618a454683f1a9f284d73c9871334073bd9d3fb4,232
raw,2208,raw/2208.rds,1,eb93443cdc01157378793d2602bb4b4086bc746be1cd171bbeceef53007c2094,210
raw,2209,raw/2209.rds,2,aa08e63d28608869a9e41e69607753f18948b222c0f5c71fb5abdc90be63b2ea,218
raw,2210,raw/2210.rds,14216,f9392422bf13809c63359d806d672f898e37fe2d8540bcafc80e54cec34a0c9a,12466
raw,2211,raw/2211.rds,77,62d9e78d9970cacdf08c271c8d30bb411f65ae6a27152a740596337710efef06,382
raw,2212,raw/2212.rds,2,628a1e18c89f506e1e9697b0e669e74e5baaa9ab41f238d69e30e20ec790e7c6,214
raw,2213,raw/2213.rds,2,a4e87884a2ae8893cf0c87088dc626bd2941ada27991b3b7db88129cd00ecd2c,216
raw,2214,raw/2214.rds,135,c530d6052dfd3c0938ddc95c175b071dc98be1ed35100971858f5648c3151fe8,514
raw,2215,raw/2215.rds,1,218f0aa57dcbaee0f47a058ced672e2cacf2b0cb4366ebf4d3511eaee1a52c9b,210
raw,2216,raw/2216.rds,1,1056aa6718eff14020a6ab4b332c022ff5ca8eac57507c76d2bf424b128df628,209
raw,2217,raw/2217.rds,45,00f1cf0a78771d04cae7514287a5f1f87afb1b1f23801a2d5adcefff57437cf9,304
raw,2218,raw/2218.rds,31,6229e2b23eb9ec04e6bc987f9b13d76f9d6cd4a02b67e1798b85f0ec45da1f40,308
raw,2219,raw/2219.rds,19,73654690e294c3b0500dbad13f50bee7849fe146ce212b265561957f58db23a3,279
raw,2220,raw/2220.rds,13,b9a82a579a24dad7368c4a5abcce173c736e3ef3029b2cfef44827aa66415551,255
raw,2221,raw/2221.rds,39,c911944f14eba1c230cc7d55d3c33a031e0c4cd719a43de7974705ead320498c,317
raw,2222,raw/2222.rds,31,a3a88fe1b1a25ad6fdf64f08421415c7ad79adabc7afc3d9118030b7327b41b7,295
raw,2223,raw/2223.rds,29,1470205c4ae0994673e52bf436ffdfd78bb2327edda4709c8b5a4d0510a02725,278
raw,2224,raw/2224.rds,1822,71fca46a0125e244bae126d9d2d59090d4eb1ee410fb6204a03ec6f27199133e,1731
raw,2225,raw/2225.rds,10,bfc734a919189c6b7290852d0e5ab1a225361094e634dac2f34b5e0bc92869ff,252
raw,2226,raw/2226.rds,43,4f6d35b3953862b843ac4bc946a2bbe8efa81777d088774c59eb671bda546027,332
raw,2227,raw/2227.rds,14031,7c400d1708e5fe83a0ef9569a307e322da6c1406145ab07d8b5ccd8667d5ab5c,9374
raw,2228,raw/2228.rds,3,4850e68458d7f12664251fa11330147583a22496c3d9c309ea49598f33b02166,224
raw,2229,raw/2229.rds,483,935008c075eff072c6f8f67ae721a2c0490690fecf9f44b32edbe6dd8f9c32f3,752
raw,2230,raw/2230.rds,24,47361cdfe91c4b732d4fa3249fd6a94690afd8eda6896441db01f1fe8cff5c60,277
raw,2231,raw/2231.rds,61,3c142a000bb5846bfa9d30b00770f8599c64ed28d307260fbc1086c750201e11,318
raw,2232,raw/2232.rds,2,2bae6b8828a23b80559b8acc2f21535abf895a7c5b70812f39bfd07aaba3419e,216
raw,2233,raw/2233.rds,35,9a8d2133b52e7ad988c60246729a04e553e1d2ad6688cbadca0239e961ae9823,302
raw,2234,raw/2234.rds,20,896573313428623a662b8d47cf4dd8978ceb67855bd8bf10be8fc3913f8d4a41,277
raw,2235,raw/2235.rds,21565,4328ee42b8514d4c701bde58788d16b657f908a7eb6e54fc893791542a87adbf,18267
raw,2236,raw/2236.rds,5,f4d1cdc534023a6cf259d25a4ff54df48be2a73f73ce78614fb1675e9c2c10d7,240
raw,2237,raw/2237.rds,3,c5a723ed6b07fd74fd946371509884303b089b4825f5b3614747019c94d4204d,225
raw,2238,raw/2238.rds,4,38bcfb13eabe8545ba1fadb5998d7cdb757186827d24b7fb5b41c80051621a57,232
raw,2239,raw/2239.rds,22,ab87fbdadbb52c838bb7f05d5ac2958289c215be8b745fa4cefeccee8ab7080a,272
raw,2240,raw/2240.rds,3,62569f7dd1c53e20464aa2536eb507105e86f5e245a56d8206bda5f3cd652357,218
raw,2241,raw/2241.rds,2704,5a30ff49d2172700d2ba3bd9c0b33449ab8709c3f5e50e520f5d159376ff9ef0,3488
raw,2242,raw/2242.rds,12,307613371e1f68e11dece4e88edd6c2f097649a736a5865bdcf2cdf11ea6d9c2,265
raw,2243,raw/2243.rds,4573,e7cfc82259fedd6f08685edf18b71ba2e17293b9b815442f268a7cb5716a1f25,3924
raw,2244,raw/2244.rds,0,adadc686412c8a32c45fc2489b7ee54f6faaaf976b3b04409ca638c0bcd353b3,193
raw,2245,raw/2245.rds,1,ce89ea3b51b403093b446bcaa4c09259584233b6b0bae78219a2efcac0ac513e,209
raw,2246,raw/2246.rds,27,6c6467fa4e42deeb410784a994b0b20f47edb501f2879720f15962cbc16ee14a,283
raw,2247,raw/2247.rds,3,b927e1cf4b6af9e1435d5c8dbe4dc6a80eaf191d186ce56f58492df68af930b8,217
raw,2248,raw/2248.rds,39,b01502d528d951d65154c7b616def683301f9ce0b059bee9104e378587c878da,299
raw,2249,raw/2249.rds,250,696188136de228d69187b02b10296209fb45a138c2be98b3ac10c37ec6632e10,545
raw,2250,raw/2250.rds,83,e5bf6019b270bab1d0983cb974ad48a92f4198ffc0eeba3d69fb84878cd20162,379
raw,2251,raw/2251.rds,16,3fefbf546fcb7fc84778ae0fe750345b80fa8eeb9a2559c43a113dc865fc3f27,266
raw,2252,raw/2252.rds,410,b31e740405789d170ce964bb4ee69801e0588693225a1634431c31afb513f95f,718
raw,2253,raw/2253.rds,886,6843c6077b48f111a6dd20ff186ac62000df127b001087470e0572534da83b1c,1413
raw,2254,raw/2254.rds,328,0163552aed04b91e22a117d91b75ab7e906c546e98b2f1bbc5ac1d6e3a898696,656
raw,2255,raw/2255.rds,70265,d1dea6122fd85f0ae8b15d1874dccd8d3c43c04683dcfedf531751984dfff2ba,43344
raw,2256,raw/2256.rds,1,4d4be3f2c6a85c2639d4da1eede66afa79c5c5d6235c6734380d934ea110c2f2,210
raw,2257,raw/2257.rds,154737,860b7d601381f3a764d8dfaaa254d9696f1890ed2905e23c33f0e13fe1a258d4,57471
raw,2258,raw/2258.rds,6,dde657a3ddc476d68d444b9a0f458cdeceb5c9b297e403cfd43b34f0575351a9,241
raw,2259,raw/2259.rds,2,afaf5f4222a0d23c1297724379bc304bbd04b701c138f6833311c3960357c911,218
raw,2260,raw/2260.rds,27642,b3a683452789fe33879b8ad62b2a8165f298ad066a5098a1b4c62bceb9a4795c,22492
raw,2261,raw/2261.rds,1,19f25b1446f974ac4d5f786f01786de471b0f60c75191487ab78873f03339daf,207
raw,2262,raw/2262.rds,2,28cb39e8455189748f87fc1ff90a8a32e3da62c8fdce12553b01e38726ddeff8,212
raw,2263,raw/2263.rds,23428,8b9f9fdc3b0c8cdfd7ad01f59753ae6327b76dc25caa1b6851157c28b757dfd3,12910
raw,2264,raw/2264.rds,51605,8ea72d865fa5aa1142b89ca33278108d84bb27d37463ab225e9be3465aa898f3,25755
raw,2265,raw/2265.rds,1463,a3110474f173aae348020a925cf66d42bd6031e72e36d0dac74148e7137009e2,2511
raw,2266,raw/2266.rds,810,4fbc5a95a0cf04325c7f82bdd264b5fb8655e26e9efd24c8a6d98cb12fa002b9,1359
raw,2267,raw/2267.rds,12,330f040496f9b7c881e5a4eadb4123fb5b554689fe0da5f129740c9008a0575b,257
raw,2268,raw/2268.rds,5820,54e180844705b49587aa6c155aaf5c4d2563f8fe38a8390f5c4e6a40fc23c31c,4124
raw,2269,raw/2269.rds,7,6d7d18d7906bb95a864049bed1a7dc5a3940f1c2616b647d28b89e5fe3afde52,231
raw,2270,raw/2270.rds,12641,ae5b1b534d30a8cbdaeee74427b5412d67de90e29d4cb2c5001dcfd660830e69,16047
raw,2271,raw/2271.rds,498,e4cbe85a4258a94db43b64a825229644afb9d3d990acbc813ad7027ee8af5a7d,1509
raw,2272,raw/2272.rds,85047,02b5904250bece174653d2b81ca4bb57dede474045d2675bdccb233b801c6556,56284
raw,2273,raw/2273.rds,36,4623c80e832729c4d89284abb29d2489f65a6edbe48b90a9240c5a024c980939,339
raw,2274,raw/2274.rds,1196,a350b2c99f0107ff26596c47e5b071c53a7ef4e7b03531842e74634fa76729a7,2748
raw,2275,raw/2275.rds,26,2d5ce487c48556e37dbb8dcfb598460dfa2fc61c899afbc342dc707405cbe2a2,328
raw,2276,raw/2276.rds,69140,237d44cbcb5e38bcdf4b0a6d7744db71374d95c68f5b97b451600cd58e4edb16,39955
raw,2277,raw/2277.rds,662,6b9d382b76bef74a9a376a3a39580f8082ee3ae753461dd74f3e7502d0fe5bcc,958
raw,2278,raw/2278.rds,15,c3dd571635524632604122a8ea91b93bb4d18db3554239ba1c6a56a094889f62,284
raw,2279,raw/2279.rds,123322,c88b7ac429ce6e214fe188c3d5fa2f4c757ac405c1f4cd3c1d53a99af919d3e2,56941
raw,2280,raw/2280.rds,33365,bfae11b3c821732372703d88e12ad3a2bd7654f8ce0601850f5fc4c3dd344c4a,25972
raw,2281,raw/2281.rds,45730,461d3414d3e20962cedc9ddbd3a97fe1d26ad3b42834d7250664cc0c73cb794c,36335
raw,2282,raw/2282.rds,105,a09aa4f17f3c092fc5981205398af054c82cc6a037976229f82c18c1bb8184e3,422
raw,2283,raw/2283.rds,6119,80822f3b766f0f589ca44c5a9db244c65148f1f2094214044e3b1d2552b71da9,7519
raw,2284,raw/2284.rds,2,869ec1be46efee01cc29986de249a5f201a96801300a8a6be604e15cdce4df9f,214
raw,2285,raw/2285.rds,4,f9da447429005b2a0c81438da014e23097939e9077e64cac548f5b288616d3a2,222
raw,2286,raw/2286.rds,3,34d140ef7d5b3b6bbce0d2be6cceb514b50b860cbc39efba196c29f887a5c7f5,220
raw,2287,raw/2287.rds,36,2bd49efa088fc0d0241a3b80860f4c9b815c825911326196a4b85d1b7c79fb89,327
raw,2288,raw/2288.rds,55,f7769025b6921df9b9b0d848a2e65a7806f29375b71444ea6442135ac0238267,342
raw,2289,raw/2289.rds,41808,96fd78138622e0be1d0a8753421cebe044bf6aa529ddf02e5dde354c25138685,42605
raw,2290,raw/2290.rds,6,98c0a75aa06830c74002c4ee4f7fd8efd2ef5e0317036bdaf1b27f817482b53f,236
raw,2291,raw/2291.rds,24,1fe9b308caabe5c096e9f2f9c77a26c8ce7294adbe49bdb7991bcbac6c15e1bb,274
raw,2292,raw/2292.rds,8672,11adfbc0a3246e037d86e839804141a3577cfd3aecd400de33d68f728521aa32,11282
raw,2293,raw/2293.rds,104,5fcabda89736946b571a22bdcf9d03b06c489eb7dff8643c8997aabebad17046,394
raw,2294,raw/2294.rds,11,55941bdb29e32ea861c83ddf47aa5ec76042abc1a1fef0e325041c2ba549d47e,242
raw,2295,raw/2295.rds,11,c5b38ea19460a9118f540ae8b131094563dffa68577b4f2bc56f208fcbcffe4d,256
raw,2296,raw/2296.rds,91,828084610ea60c60495c05616ce523e004eea46ed05701a223cf34e1da5e112e,417
raw,2297,raw/2297.rds,40836,4cf833f2c1c94a16ecd1a02e2cc8576db16e350fa8347498944b60824ff4d7c8,29143
raw,2298,raw/2298.rds,33140,23d2786355ea8ab24b01588e735fb5479c0139e6bfeb31043e954cd4d3f85927,24833
raw,2299,raw/2299.rds,22,016ce93ade21d1bce6eb3b150541e0c1cd736d83f9e100f678f2fa97018bc5ac,289
raw,2300,raw/2300.rds,44,5d60e3a2ae0a871017ab13185e25085b2e7b680e2670b7774670408467659720,335
raw,2301,raw/2301.rds,18009,ebb24d23dddf69ba58f96f3707e6959f63829dfde3e282edced5665090b7e02b,17773
raw,2302,raw/2302.rds,54,01e350f43cba12597a44e2a8aa1070d85ffb433bcb52d260b2554b8e2aa76060,347
raw,2303,raw/2303.rds,1,7358fd9eb02b11ec68b42eebeeb332c2058a29bc6282fe01343079d1ac0237e2,209
raw,2304,raw/2304.rds,2503,200f66f4055b79ca8e5855435670a11b0572ce39b129fe5bd48f829ced1de82a,1465
raw,2305,raw/2305.rds,7201,28c1275156e039711f1fa36018a18fedd5169d132cc93048fe34317e597579fa,3722
raw,2306,raw/2306.rds,265,870083f7d6bb1a0d6e1141b8af78c5288a36e407d35c12fcb3d0396144997d2e,625
raw,2307,raw/2307.rds,7,658c7a4ac169b8aa728684d944b7bf9b3a7dc66268f3b7b8f2c95975339a5646,236
raw,2308,raw/2308.rds,101,4d019a02a1158edc87fae872545685748f3c0bb42bd6242f7b11314bc8d3f111,358
raw,2309,raw/2309.rds,81,49c9e6d47fd8170ee2970405a2cb376754a6361dd0c39d6f0eb4022e444c0874,349
raw,2310,raw/2310.rds,5418,bcbcb1baea2467307336497a3eaf5f76b2ce12b69fe797a7b89c0998f06c4e59,3170
raw,2311,raw/2311.rds,1,b15a01a91ec010d56b9d5101a752aee23f5a0294f6d9aa46985b7874210f14ea,207
raw,2312,raw/2312.rds,5,ab2ec95c8e502855ffce8080e615047ded28e0a56276e79595dd7082b1d9ef31,225
raw,2313,raw/2313.rds,169,c76330e2cef6ba6ce7b3819612bed793f31495e5a86c9204e4e48ce17c5caf10,441
raw,2314,raw/2314.rds,5,11894a50401589cb0bb08174aa1c13d30c7b44c58d38f2eb4f40e1aa6433a887,225
raw,2315,raw/2315.rds,4,7b30a844165d21404e0e0a595b723b612155ef711344fb1eaf2ba55729caf2c1,231
raw,2316,raw/2316.rds,5,46432dad80e707a4884b631bd2c3a98c6acff5858ccea351579896d8c1d3d159,233
raw,2317,raw/2317.rds,92,eaa5aaf19604ea9cb56244381878a03ba27b344715aedbef6a78eecfae502fa3,375
raw,2318,raw/2318.rds,8,92fbc5874739072ebb3bf48b43fc4a448615f4a0908af5f968ac1906eb017219,239
raw,2319,raw/2319.rds,51,fbaae278f37b66f6cc6b4039e0d68b4f00c1e56b2f5654073eeb20af4478f157,329
raw,2320,raw/2320.rds,16,eab628b9e3c58f29d8d0c42c45d3fe32ead9668c4412505c64e6d7a0f29f599e,281
raw,2321,raw/2321.rds,24,4dce995a0d97aa76705533f4d44f288b011b7837e2753b8a1ab7df1b586f250c,278
raw,2322,raw/2322.rds,4,63a5fd389b5f6b06a2318ce51ce3d3bf1981f07ad816e0532fc76d5974a958b5,222
raw,2323,raw/2323.rds,116,9ce9aebc0a759f36ae5d9165229f3613d38a61b0002f1eabc829be524342bc3b,366
raw,2324,raw/2324.rds,23,f239956bd0053d2eed57cc167d36ceb8394cc745e3f7f6f13346f30fa7d0fede,274
raw,2325,raw/2325.rds,702,5ea650cb4f3ee0a867aea45b97f0f8320d86a2e44c1dcecb4197bb917fd7b7e6,967
raw,2326,raw/2326.rds,63,e25f122dc70ec11e6b84ae92ea12bf066812308008d3539875b77e42ca2fd3ac,339
raw,2327,raw/2327.rds,12,d9b031049145fa91ffc9c4f2acb75b8924a46ea7d7d081fef1c6ad3f79c106c1,259
raw,2328,raw/2328.rds,7,c3f74cce4e4e522e9045e16edf832ff285849abc8c9efa4b38919d4bd8a8ce99,235
raw,2329,raw/2329.rds,4,1df98704624434b3d29b9c50e2c4015022b08b6ced9c8a3de8c7f72b09b4f9bc,221
raw,2330,raw/2330.rds,45,01b0eaf3cd5e881d35acaeb2a2fdd41a590a3f5f1f26c047386375924d6a7ddf,307
raw,2331,raw/2331.rds,5,c3c831befdf98ffd71a8541c51930adfe234852fd9f49b984731760ab6b6a1a7,229
raw,2332,raw/2332.rds,0,adadc686412c8a32c45fc2489b7ee54f6faaaf976b3b04409ca638c0bcd353b3,193
raw,2333,raw/2333.rds,1,c851758e3d905acdaccf97821bc94efa73708551fbca75e01d0788110f46e25f,210
raw,2334,raw/2334.rds,4,7eb4eb81bf56b501490f4a014c76ee9236aedd18129c47deb402504cf2c944aa,221
raw,2335,raw/2335.rds,5,7d2d095336a7768d0fecc228e0c4baa9d5595ba68325fe9a815474a8f970ea6a,233
raw,2336,raw/2336.rds,9,b71822d022c2fccf8673ad729c7c0ec7a9577f6b8f2c39f2a7a3f065e5b0925d,248
raw,2337,raw/2337.rds,84,7480f98cb5dcc357781e9c74161336c9051fe14b15bb09285dfc28f7313ba7cf,356
raw,2338,raw/2338.rds,68,eff809af7cc9b03b15488ee520f0d6491750d25ae8521516bbd4590126caff7a,357
raw,2339,raw/2339.rds,2,628a1e18c89f506e1e9697b0e669e74e5baaa9ab41f238d69e30e20ec790e7c6,214
raw,2340,raw/2340.rds,164,2e0952841adeefbfa4cca798aa8ee82fdbed6e36cd9070e080729e41fc8e87d5,380
raw,2341,raw/2341.rds,43,554176e2a233a1a8f7e6c3e4b7beca25d2f7bd20f4b2c47271e25b6cfd728e4e,310
raw,2342,raw/2342.rds,176,53956dc1aa43a4fd79bed1d538c4b12ef24e19e512d8f9e064757aacef8e409d,553
raw,2343,raw/2343.rds,41,81ffaa8bc9995d36b7f9abb375ea564f6057356846153a8879dcf336546f218a,301
raw,2344,raw/2344.rds,4,9ebcab84a40bc36e2ac279ab381462e7d29aa9bea1574e21bf548a9ca5f65450,223
raw,2345,raw/2345.rds,30,f8cf9ba5ca729ce5abdc3c346c16a981a74aa52a11d903b9556931ea1f510534,291
raw,2346,raw/2346.rds,626,416b903f9abe02d7e478ae1b2c9d6d0e4c8b3ae831e124bbc51da50046ef44c4,972
raw,2347,raw/2347.rds,1,8cd26ae107430e0336e499f6b22288912a33c514ddca32181f08d6cc617f71f6,209
raw,2348,raw/2348.rds,43,15aa90e1f5866311a200526fbeed960df9a787a3c5c7429995913eb4c84292ae,293
raw,2349,raw/2349.rds,23,6c45297ff324e40b17f565c6b64d44410f8d78146d088c84353394b7256bc787,287
raw,2350,raw/2350.rds,1964,62740b670fed964b7cc66bfdb9df91422d6cf8a59b1e2d1597b5e27610839d72,1748
raw,2351,raw/2351.rds,1,ec9a8e17359fabde4df6c70c26edbd05c3c64e46abd4c1b05ef5f0a1136d4fc9,210
raw,2352,raw/2352.rds,570,6c9e6d106a8119fc7aa5ffb271618dcf5dcddca534f1cbf622ca30073c040217,1010
raw,2353,raw/2353.rds,252,3950b17b73f6a87b8efe9a7cebfd5a8d73b98e955af05c2e26dfc9d41ad9b9a7,510
raw,2354,raw/2354.rds,16,8dab514def3005403a20f83472d1da10fe1db5001a8291b4683a0c57fdf83b66,277
raw,2355,raw/2355.rds,72,f9183c404653fdaf37ad8488f45df931e6a23a66c448b3f1a3938da447e62988,355
raw,2356,raw/2356.rds,50,1bee4fdbdee63a5b3c593e4f8175b65b15e958b584cd54b4f6cbf1837e687dc6,350
raw,2357,raw/2357.rds,39,8be3993594050dd631c3a8f3738bbb6b694785dc81225d40bc608867954f0c15,294
raw,2358,raw/2358.rds,29,8dcb34500ca339614312b8aa02bab3c04dfaeb2295194825007a733f18a13b56,293
raw,2359,raw/2359.rds,172,cf3ee57a007ce24d672f304007df390298d7003d1a28a07097175ffb9037ba8c,452
raw,2360,raw/2360.rds,1,cec7cb2c41627a943bc9f8c2bf51615144c64cffd2676eee1aaa8dc00cd1f974,210
raw,2361,raw/2361.rds,9,ec71780797cae8421a9e31907c378644e73864c81a90627901a3063d915e4ead,236
raw,2362,raw/2362.rds,16367,3fec439f65f41dd9d61d2aa2ad762d90bf6467b0a65897268fa431a9ee68c037,16849
raw,2363,raw/2363.rds,17,bdaf9204fd97457d8fbcb468dfe598a4f7bc0502b8fdf071603cf5fc3098d6f2,270
raw,2364,raw/2364.rds,251,32f1020e8daec30ae09a139fd829f182ec0656c965876ecc596c229af45ccd73,597
raw,2365,raw/2365.rds,377,411f4f9eeac802ff056c65a50b22e88b4fb5023124d0be52cb299d22fd17ded3,620
raw,2366,raw/2366.rds,49,418c1418be6520597f9b5866714cd1e7f9f4f453fd3f924c1c69ed458397caba,306
raw,2367,raw/2367.rds,1,90118c70f236f780613716fa14394cea332672f64a3c4e9c4c873ee97917895a,205
raw,2368,raw/2368.rds,1,27329c89b6b034124a9b6518f885f035b1d3ab820647e66f5bffc7836aea1e92,210
raw,2369,raw/2369.rds,56,ba0ff9733c65141fa8cdd96046826bd944934c62ef5f4dd28f86b66d891da76f,339
raw,2370,raw/2370.rds,88,d2f741d99dc0f5ad5f62f7e0efba7787be06f3b776a61aea71e1ce223a780d0c,366
raw,2371,raw/2371.rds,34,31e6e7cf34e04c87a7d1e24621e494a6eb690a8c8e1b8e6e048624289064ec2a,308
raw,2372,raw/2372.rds,37,d46bb14605b7f969d2ab3424f1433b6b2e11849c7a9c6a568e12a2266700a33f,327
raw,2373,raw/2373.rds,1,4408f4e5964b290c10d40ec0da11c2db090ba95c7b14f540ddb9b9b4db3591e9,208
raw,2374,raw/2374.rds,64,8d00338deeeeb67789da3520cb09f7e41d037110a1f0e2cbff608c6b397d0aee,359
raw,2375,raw/2375.rds,44,46d620b85ed42bc597fc71f04515d981d49c9cfadec92e1ef24827820cf7a2b9,313
raw,2376,raw/2376.rds,1,c17b9d608f55a0dbcfb1d3cded5302ca66cd238c8c742ab1a9817f406ed00296,209
raw,2377,raw/2377.rds,255,6470fcf67c419bc9e77077d5add84cec62504fee86655b7b24e45fa86d7515c5,608
raw,2378,raw/2378.rds,84,52468d833467881e920ddf96c837231e4c2a2dee61eb005dd54308588c90ccc3,355
raw,2379,raw/2379.rds,381,e86dec568f876edc110154478d534aa76045c2dfd57fd39602b2e291fdd68ee4,769
raw,2380,raw/2380.rds,481,0bb6c16876f3b2b97e91effc5e32b5542357af57f4732182050136918b050743,710
raw,2381,raw/2381.rds,32,7602641f51794aea8053125e02877a5f3b0c02d9a0155eb3613f0ec42531d374,295
raw,2382,raw/2382.rds,49,3f2bdda2602528814d428049c9534562caae365cbcdafac89f0f9b1502fa7841,355
raw,2383,raw/2383.rds,38,03c874d2a7c026dc53ab1116d0e7b30a852876eea82e3e58ca3cd112aadbc662,297
raw,2384,raw/2384.rds,30,2d2aa135c22dd2238274ed6b0444fe9c64e4d1e13ad627823e2fc67dba0b3cba,291
raw,2385,raw/2385.rds,228,34d13f19b15dac2314a801b177b5efda1e12592fc6aa1a468acefe6c92860138,513
raw,2386,raw/2386.rds,597,473cd67d1147a6211a3a104ad55ffdecc3cc6d246c7ffb89b81d9b3bb6579e8e,796
raw,2387,raw/2387.rds,43,8ae3921797f7dfc9e5333d02c7f7b194f1498b6383569294ddd23557faae6121,304
raw,2388,raw/2388.rds,12,09230a2dc372a1fa59f619ec7d6497c82d6538ab60f0cd283aafa4271642ab89,251
raw,2389,raw/2389.rds,89,d163d8b607b99b5d64ebefc31da65d96cbd6dbd941d0217e58bc87e51bf97da2,366
raw,2390,raw/2390.rds,10,603e6b1f8fa9a814a691ff8cbae7e746fa20ecadc006316bb5b1e0c15e77f199,242
raw,2391,raw/2391.rds,26,ae14d427218e000d8f0d7c5a40d723b30053194a8023b7a8a5d7b2614cd3b30f,298
raw,2392,raw/2392.rds,35941,a60d8d031cfa0bb13f0f3d56ff45148e53c4b0ee4b178a00eea56b9e3b9ec87d,24615
raw,2393,raw/2393.rds,8,9b02a99689640b0a19f07c2355866853f0570ec334d2a8ce2e59b4c53ee727c9,251
raw,2394,raw/2394.rds,7,bbf8aedf238524771e90b4dc766099ef379c9ddb7842676c291a1ca8d11be007,238
raw,2395,raw/2395.rds,32,fa3132b6da41efabf5f46c63aafc4bf04438fdae2961f582566d3a0d5c677ec4,325
raw,2396,raw/2396.rds,1,f573802a39c10fa8fb60c19933d49e0b47ac2140e22f31086dd41cc90e59815c,210
raw,2397,raw/2397.rds,2,1620d071e101c69b6676e57e5417102635d8848a91ff000a7008568a3573c15d,221
raw,2398,raw/2398.rds,40,6a8f110cd3d6843dfabf3676118b5f9e9ab64ee8d6c00fb10438f7730ffc3da4,306
raw,2399,raw/2399.rds,7,d4e0bcac58a405ec69b9b4845f827eff0f23917c203ffc50ea98c76110fc8e06,242
raw,2400,raw/2400.rds,9,761f65ef74d992d6dfdd8c720f1a67d96b5587965f12226f565004037cc6fa7c,238
raw,2401,raw/2401.rds,7,391d58ee7ec1257db7934b2a28bb312cb7832a46d5f6461f336214931eab5d64,231
raw,2402,raw/2402.rds,351,8a6c24a685fc1d6a8af12f0706094090c2735c0e4c720959f89855b588a7c756,680
raw,2403,raw/2403.rds,24,53147b16daea444ac1604ce46db9c3e8877bebce064ccf1dc7f39971188b755b,286
raw,2404,raw/2404.rds,20,97a113d50f791eefb34d209723ebe09e56542d32dabd6295a62b8c2a5cccee84,262
raw,2405,raw/2405.rds,28,c454c475832e10e9ee584370ad4aa49dc3ae6c22359fe8cf4d4b5ce602461f3b,302
raw,2406,raw/2406.rds,266,8d63bb46079ac8ce31ad9a29531eda42402d0bc9bef1ad62afd5d98d410445a5,609
raw,2407,raw/2407.rds,1,fc7dd0bcf8ed2e8c69acf0b440cf146031a3e54155568fc20cbcfccefb3a04ea,208
raw,2408,raw/2408.rds,40840,3fc6045ec483aa28f9e6dfb95e35d47e37bbdaacfcb6365a00d25d2171a10472,29259
raw,2409,raw/2409.rds,3,e837a81031dd352ce880ee3f29a3eed34e57e5b42d823639f02f5c07268fba9c,221
raw,2410,raw/2410.rds,1,ab75f8c1a1b71633844f7168dd761b7a895810a7d10600b3f01c0b68bf04086a,210
raw,2411,raw/2411.rds,1,b8e2fadce1d821f3088ca317d6f1af3c83457e16837bc061263193d995ebd157,209
raw,2412,raw/2412.rds,11,c816b681e3a1f8d6766673657342745936dcca1b4877ea4a1420fa769755f43c,255
raw,2413,raw/2413.rds,6,90482e9f9c7cf1f89690c7483f9e3ce943fcc50df05578d4b268e90bcd748cf6,232
raw,2414,raw/2414.rds,7,1311c70620f10712caad0e9382451511dc9193891e321a292fbeb799e8d15774,235
raw,2415,raw/2415.rds,5,65822a45146fbb62b8fec744398c3587f735f5246d2b7ab28f790b9647febea9,233
raw,2416,raw/2416.rds,102,4cdcd830bb4c7e14b08fae8c34aefd3e71daf4403ff24a49d7d3c040aa1d9b4d,421
raw,2417,raw/2417.rds,22,7f6cad223d01a3cf4aafe2ea1be6282a0c547a655a5202a12f0ca32d324215a3,277
raw,2418,raw/2418.rds,111,9c2dd5ec092fd8bff861ba97f36e4799147b15a23f3a288422f4364d6c9b85b4,389
raw,2419,raw/2419.rds,241,193e55034535e6b7a2c11abfd79edc77648d2319bd24ff0b4724b04bc39cf85f,651
raw,2420,raw/2420.rds,1,1c8d093323d8aac37963c0854d2b867b786b86ef92060bba9c8601ca2ddcdcc5,207
raw,2421,raw/2421.rds,23357,7af07723a7a3d41d2974edbe3f7939215f54c11231e1b1e08af4bc8085b0eca1,21885
raw,2422,raw/2422.rds,8,9b49cecff805dcd696e4c8e6e921c33d3f43b209e0e06c71decab33aca454902,246
raw,2423,raw/2423.rds,14,30e9dbafd351f9d8b683c80c7e045b0568d3cec04d9117bae9580b6542b04e1b,262
raw,2424,raw/2424.rds,4,4e8d127e02b54afc76672fa7b41b5610c5df4b6cc049a783612bfb4acf861c1f,222
raw,2425,raw/2425.rds,2,628a1e18c89f506e1e9697b0e669e74e5baaa9ab41f238d69e30e20ec790e7c6,214
raw,2426,raw/2426.rds,49348,563f433555554360c600db62613ab3ce99a629d4c5c644ab75112dc75654d580,30010
raw,2427,raw/2427.rds,38,45721feecd94d756ad5dc4a806fedd9615bd67464268669c7e9471ee406257f4,301
raw,2428,raw/2428.rds,43,8723987c7e1996a40284fd15f1d029ba08819e5df783c0540d78aa6bddfa4cbd,301
raw,2429,raw/2429.rds,8,6c4858d97569146bfad40fea945634c278dcac2b5a02df7c2a05383268fe0dc0,242
raw,2430,raw/2430.rds,867,69460c706f5b8e02888d7da4e8b4cb253fc7c1a56e14c8fccd7e81a6404aebb3,1038
raw,2431,raw/2431.rds,1,ff131756478a18052a2638d438a0c1fb97c720f88a1407fa7caef6db42b8efbe,209
raw,2432,raw/2432.rds,5722,5c65d464c333c42295c36d4c730ace7c3c6f672ae77cde91f31f35a472afae62,4472
raw,2433,raw/2433.rds,54,3173afa6210e8263a311951f3b1cdd2d4cb301f576367f0f54f12f62e0019086,322
raw,2434,raw/2434.rds,83,d8a680021e681c2b936724614a057e3845c98617aa6eeb140c53a3381decee2b,350
raw,2435,raw/2435.rds,148,5c34079c1be359cdd7581ca1dc6fbac9fec68c4fa2fd46b62a416bb13ddbbc84,357
raw,2436,raw/2436.rds,72,59ab7613d95d0f67dfa8b9315f05c978539d9c687f63d57f6895785526aee143,358
raw,2437,raw/2437.rds,1,5a6024e07ccc15b588a094bb9d403734eb5d3a2a4c809c0c017fb3817faa3c37,208
raw,2438,raw/2438.rds,9627,a818efbca24d2af074373f8c956f5f0291eba35d949631082836eea22187e609,7319
raw,2439,raw/2439.rds,2,b76b7ecd05a68e4ed39d24ee360c2c521875f73ea86f409b285bf0d635e4bcb1,221
raw,2440,raw/2440.rds,307,669a55b9f7283c1ea75ce07f81b8908600d64fc560f8d10785152eda59b7c71a,802
raw,2441,raw/2441.rds,3,94d08739580915a7aff96ab229b5c21d87039082db22f6f70dbf75894c100d8f,227
raw,2442,raw/2442.rds,12951,03ca49a97991f7ee0ab21b00261fc150b82703e9886732f70a4a1801612767af,9511
raw,2443,raw/2443.rds,1,298c7b9895b1b893bcb4179468d37145919856f7b4a4203ee9b41727acf40ae5,211
raw,2444,raw/2444.rds,3,f6d548d3f06f3cb38e4a38a11d8f58c55af2173d8eceda895bcf99c865a113af,219
raw,2445,raw/2445.rds,816,1ea502e5f8bc31f758aeebbf2e91ebaea9988af48fb52fb9dee25449ad76898b,1186
raw,2446,raw/2446.rds,36,bf910a7b856912aa034cb1d9ab463e0e704ddc7b26794593344b1a500429b8bd,290
raw,2447,raw/2447.rds,1,6a7136002f61f736a851afd8c6bdd054c1040f8dd2402a846e6d5fcfeeca5dbf,209
raw,2448,raw/2448.rds,49,d652e92855075d59640c21c4eda61a04d1070d60bc71f0ff52f4d196ea2387b5,353
raw,2449,raw/2449.rds,74,39353ee71d9f127a1832e50417c31c2b11952774b7f9e8fd19796af0175575ab,339
raw,2450,raw/2450.rds,2,04b4bb0e1109c53dc42639847594faa6d47a792b303f4281ba598df4d221303e,216
raw,2451,raw/2451.rds,2,b527da37a4575d149725c360f699aa6dd9d5491af44ba1b335dd299eb7ae3326,218
raw,2452,raw/2452.rds,531,bdef661f2417c8c44ae50fd74fcbc79fdc94bdb8a88319cbab76bd81d08e54cd,785
raw,2453,raw/2453.rds,232,3c43104a701b2687ff1a8bcee50176e7ce69626aaba1c36dea591196f9f06427,611
raw,2454,raw/2454.rds,160,b0abe85f87db6f57c7e9891a38a26d92826adc77eff0b88d2a2f01bdeedaa006,523
raw,2455,raw/2455.rds,38,68c28fd6fd45f1ded51bb0154d1c18984004a34aa4ffe2b806fe0747c2a42bab,294
raw,2456,raw/2456.rds,2,628a1e18c89f506e1e9697b0e669e74e5baaa9ab41f238d69e30e20ec790e7c6,214
raw,2457,raw/2457.rds,6,1a029f22a066bedfd3900ab4fa7003bd2060242e8e523aeb66925e87a5243fde,233
raw,2458,raw/2458.rds,101,eb4866777fd61ddd124c8449c89a60fe22ba5a57010cf8c6b3f639abf84ea085,414
raw,2459,raw/2459.rds,114,4625c6522fff52c007eda6d6e8c9b3d7faec010d080bb60921a8956e3d156982,471
raw,2460,raw/2460.rds,67,79646c21efcd5a3f7f4aff1db553de458ea22fc8a0b67f238d2314ab17e79e24,352
raw,2461,raw/2461.rds,11,ac3f399dd8515c3a9b85f8f6294531f2495d248dcf00bdd4fe02f1d01b6a91cf,248
raw,2462,raw/2462.rds,158,676a131ab2c6ea2c44a540a3f604d83bb287a7cf8dd3911a4cad7efa74db2cc0,483
raw,2463,raw/2463.rds,9,28111cc36833823983521f7b8ef01198d3c27e4b1ced05b7da5f41f1c67fef34,247
raw,2464,raw/2464.rds,111,40c853e1dbdde3573594866de31e1d9a9c5a4cea3525ba3f0796548b8aeb4f49,414
raw,2465,raw/2465.rds,15,46328d7d9fba8e2fb72e591b8321e4dd6d27ede2bf746357f6e6207ef425fd42,276
raw,2466,raw/2466.rds,32,cb5180578b5c00c8aa0b02dcaf9673cf50e0519d65f9cbaec67e7f8e3b043ee6,310
raw,2467,raw/2467.rds,8,3fc3b9941b02699bc0ef084f60531bb25114ed9e7d601d040ba2eb404dad6875,251
raw,2468,raw/2468.rds,847,b18c96ea575e7bf1c5144a980b7a2b0642d9f589c2bfd82c3140f1e454b73794,1067
raw,2469,raw/2469.rds,114,781f76dba7e71fc35c0bf21cf62984988b3bedfd5672bff02ddf7e1695e62b1a,377
raw,2470,raw/2470.rds,7,f6bbf9be6ce5d63c5aea932b33961faa7eca91e745a0b219a92c4c66932f691e,233
raw,2471,raw/2471.rds,2,ff7ff6b9f94e914493319fee586226184f406b4acbfd60d9bd401899bdeebac1,213
raw,2472,raw/2472.rds,76,a33c69890de90a57108ac40d53a6672e4e4af8fe19d48e728b38c64926aefdf0,350
raw,2473,raw/2473.rds,2,628a1e18c89f506e1e9697b0e669e74e5baaa9ab41f238d69e30e20ec790e7c6,214
raw,2474,raw/2474.rds,23,9fa498b234de5313e34c3c24cde98a5c7af952063c6a767198b27bc5fc7bb2ea,270
raw,2475,raw/2475.rds,1016,6a427f88ef2a0d089f77852812a735c460a190c198cd4a502178659ab9ba51f0,1143
raw,2476,raw/2476.rds,15443,55722f40f1400c189e7aac21a31015e1db01f0b97d8de7e755aaf64a38068203,12899
raw,2477,raw/2477.rds,377,5e87d4b0a9ffc65fa4438cf6dbfcabe80ef49224a5927eb3319ddb5c9faf6d77,993
raw,2478,raw/2478.rds,263,bc4a19aa7b19c6790835313a9809bf823fce7b030f941f724e1fa3a2ae953764,876
raw,2479,raw/2479.rds,84,9740560967b75e4d86a1756bed1664ade03254822e5dda2e22681d8dd92f393b,358
raw,2480,raw/2480.rds,372,81a3351226538f15b843213b9767f42bf5b6eb978d237109572d42e071ea5800,593
raw,2481,raw/2481.rds,26,ec829c41e8b8595fa7673ee89bbc94cca63f59f5a8385404898f8e5219bf106a,264
raw,2482,raw/2482.rds,2,ff0b9ebbebd091018d98093856ed57d55e986044d67b9b0cd37b50d10a9acf20,215
raw,2483,raw/2483.rds,14,7483246afab6989b37a289416f02bea5dae9d85eec159f2fc9e5552f331000e8,249
raw,2484,raw/2484.rds,214,e56c7e5f7ee231b5ac079cbf59914cba6bf5c098c4d783774e560ae4718470ea,487
raw,2485,raw/2485.rds,40,d82fd5f4d5ba64d924a165552d6f00afdd79df9160de11b47c908266aeb2d22d,298
raw,2486,raw/2486.rds,126,c4199a06a417ed95a91f81fed29cc8416b2e5fda8f247a2ef8645412cfa6f9eb,459
raw,2487,raw/2487.rds,10,730a894a91cef9180f4955999b1ba3bdcfa60ae117c5209fd44ed185636fc6ff,245
raw,2488,raw/2488.rds,2,7a0d8693e1e8e27db70ba16b7baf1afab3042d7698e376b658599b9be555ad9f,216
raw,2489,raw/2489.rds,27,00bcd6240b2a4def2ed6bd818a6dee03c8e3d0c1051fb074b976a1c047f0357f,277
raw,2490,raw/2490.rds,66,f68189766cf39f3dcbc96695058e688aa3493aa702c0f51ce6b461f6c8fef8fd,339
raw,2491,raw/2491.rds,24,2099da1a0c76256061596fad3de213266ddc565b0cfbe58bca8cbee9371c24d8,273
raw,2492,raw/2492.rds,931,b0f28a0e4306af95e9fcd9e123f40f1f91c820d2959b4d5d4974d03ae163d665,1778
raw,2493,raw/2493.rds,38,cf9c4c163271393ee1c1cfeab7477115814a7cd77d14526ee128435af0fe7680,307
raw,2494,raw/2494.rds,7,1a94a53b5b5355a5f25d9a9f838bb8ca0e9b92bf941bd3f6f10cd4bc10927ec5,239
raw,2495,raw/2495.rds,33,d1e0d0e1cd39bb45abb419b49e2c34e98d0b951a1c95e16f437539cd91a2a9c1,286
raw,2496,raw/2496.rds,254,edda160b5fe73cd989b924fae119fc7e1a35cc16204768cc77a9829342ebeea5,516
raw,2497,raw/2497.rds,7,ea4e55fbc6ab850b4c80f0ebc1a06cac0091fcd80fb35c144f8e54cc019e72f3,233
raw,2498,raw/2498.rds,2,0a7d0033d3f3bdc3e7fae0ccdae559192e6ee99f18cc9b8c0825ccdd396334b1,213
raw,2499,raw/2499.rds,3,40a610f2873aedab296a7610946247f7629cfd6975c8cb17f2a8993a09cfcd59,224
raw,2500,raw/2500.rds,14,fff03346f566b07d9d534d0b0b538ef5161fd61669420643315c31df0a6c4d3b,275
raw,2501,raw/2501.rds,113,c45ad2cee397db86baee980908e3d56199559d1b69cb43294df3516fac3e3122,499
raw,2502,raw/2502.rds,170,d198c7aa9ed921707ad20a5ad6074b3c840e32df97105c789338d535b3e6f1eb,432
raw,2503,raw/2503.rds,10,43b8d6fd14a01f9558428b220dd9f222f4ff35517c0def57f1ad8f40ea5c5bb4,246
raw,2504,raw/2504.rds,1,56232d11c661fb0dbd264f1f3e26a995d51798662c792962c1dd47a7c0dfee1d,210
raw,2505,raw/2505.rds,306,f95ed1b7ee584c89a4bafa06ba859f0a981f7186f8720e3f9d943b335bcd2bc0,456
raw,2506,raw/2506.rds,16,5174f5e58cca715129952f50950b802dd0e6a6bc68bcdc1c6ef7a93302a3fe3b,277
raw,2507,raw/2507.rds,282,aace1fdbcec71872cb6999369ed33ba44a4182016a109ff818a14ec4ae69c3e2,1072
raw,2508,raw/2508.rds,24,0de8c6b38f833bbeb0ea31bbdf4e5a8d019d41208155996c5d907ce33243822c,288
raw,2509,raw/2509.rds,17,aeb33286cdafdbc539cd55b9e2817e1fa3f4173db1c1b0a1973fb9990794b0eb,268
raw,2510,raw/2510.rds,5147,216ba4dedc51e7cc28937359fa7cc8a1086453268fd2e01c6f2371ea531884a8,2624
raw,2511,raw/2511.rds,4,ad940db51939acff96cf4a1a7967196a92254dcc9b345130e508e8f52edb7f4a,222
raw,2512,raw/2512.rds,19797,5397445ccf995e9c8677ec0e730e5020862a82b90baaf81d5308ac9cc2b2f257,19567
raw,2513,raw/2513.rds,43,aa7477a1da6a4ca22d4a41d479faaf3166c6b5ba7e9f0181a36e31f48476739a,340
raw,2514,raw/2514.rds,3,8723d3722fbc9e7ed7aa455f37add169e723a143814d8e5af9f8cfd54591e5d8,223
raw,2515,raw/2515.rds,3,1342ad1ddc1a6b9d1c7a9d6471d82214c7a3799f79d41c0e3b93c6de4fe3b103,225
raw,2516,raw/2516.rds,0,adadc686412c8a32c45fc2489b7ee54f6faaaf976b3b04409ca638c0bcd353b3,193
raw,2517,raw/2517.rds,1,11a81d144c79601d5458fa80fb61e16e8208ebe28785b418b815c4fe3e11ab8b,208
raw,2518,raw/2518.rds,1,3e15dfa8bf1373266e3f3b26ad19cab97ca0f1ec06a0f2eae73d12075c1de9bc,210
raw,2519,raw/2519.rds,9,7d928275269104d1225b9fce7fe161ced9ca58ec744d4d0c2d740060d380a10d,234
raw,2520,raw/2520.rds,4,8053298d7ffee31ef8c8da9f769c6239a8eea60b76e345c9258d53934e28d3bb,236
raw,2521,raw/2521.rds,17,123641bddeb0a1b2512d7af33f36bd06fdfd134db0c3489eb44523e792f9edf5,270
raw,2522,raw/2522.rds,17,48e6921401767a812bdff2d901c30a8ba311a5d78485392553b150f5b6afeee5,269
raw,2523,raw/2523.rds,50,9cc9c20b21bf8b3c8d01072b6f7980c785e81785b35bdde21ecf4e9812216824,304
raw,2524,raw/2524.rds,0,adadc686412c8a32c45fc2489b7ee54f6faaaf976b3b04409ca638c0bcd353b3,193
raw,2525,raw/2525.rds,5,421502104209d4f81da3bac24f2109a5e1be1e97853042ba9741de47172a22b1,231
raw,2526,raw/2526.rds,1,b15a01a91ec010d56b9d5101a752aee23f5a0294f6d9aa46985b7874210f14ea,207
raw,2527,raw/2527.rds,1,1c8d093323d8aac37963c0854d2b867b786b86ef92060bba9c8601ca2ddcdcc5,207
raw,2528,raw/2528.rds,1,e7e8a5e903a80ef5a8f5474e68c6565d750c928c3cac060439edebd8189d15d1,206
raw,2529,raw/2529.rds,15,d7f9f9996462ba82ed4dd5ac1a0f67952991e80d862c6f8fb667b1352f18edcd,267
raw,2530,raw/2530.rds,32,a0c563c9f8c09e9ad1daa8c8d5d6a8a25034ddc216b9aa4d1dd4299fc9d9f6ca,289
raw,2531,raw/2531.rds,16,90f57530662a9fa6748d4993245dd1115d828ddf11bf3d4374af1630d81b397a,253
raw,2532,raw/2532.rds,7301,0a8ee524f882e6a20e2944ecf9809e3520d48138b7cf14a2276d93c145926034,5315
raw,2533,raw/2533.rds,71,c3347afbcfb06676827ddc93a4979ec2c1a7d469d0da3ab6919eaf51ac6d3539,387
raw,2534,raw/2534.rds,3543,bfcfa52a7e0a9772646e73ec4062b48ef4d44e3cd7325438d87a7ed99ec4acbe,5245
raw,2535,raw/2535.rds,32,acce468973edb6cd548ce9fa039b5dffbeab997f0b2a23a01dcca4ed95358c61,293
raw,2536,raw/2536.rds,15,bdd5535c3f9ac37c3476e6ec8524e73c6672c23f41fcdb3d3841650766a79d71,262
raw,2537,raw/2537.rds,1,9f1aca449360c24d753acce35f121eb78dcb26ddc4ebbebb3c4a42981992e051,209
raw,2538,raw/2538.rds,1,4b9e351ba9e799b86f2e4c6028d97ba7a25385c250f72adbc4a4f962dcebea1a,208
raw,2539,raw/2539.rds,8,42e3e4197ff46ac46a4deafdcac7a30b98bcec6210ab6b49eeac441da6a22be1,232
raw,2540,raw/2540.rds,32,8cd34d21a2e39ab7e3c32b616608e118bfb705085ba1a41325fa4835d0cf14ac,321
raw,2541,raw/2541.rds,169,54ccd552ecdac6c8eb642d0b8a7ba7e26d478da842ffb270494fd3cfc7bb544e,512
raw,2542,raw/2542.rds,154,38ffee4146f9edd7ec68cddcadd2a576d857c76921792449b92d02b994a0678c,521
raw,2543,raw/2543.rds,58792,aa9e001a642339d620cc4ba79e50a2de6ae9c17f7883b2b6610ba505036cc592,36598
raw,2544,raw/2544.rds,1,b15a01a91ec010d56b9d5101a752aee23f5a0294f6d9aa46985b7874210f14ea,207
raw,2545,raw/2545.rds,2710,7442195eabf113b946364cf6ce6c6ebf8197ef5ff938569b28b4071ec4c33ff6,2278
raw,2546,raw/2546.rds,14,8414550ddce6d9cb8ed7720cdd41a5df3fa14782449c2fb53884f4927be8aa22,264
raw,2547,raw/2547.rds,10,b1473ecf52c090424465eb5995507d460cef7ee8ca6992e714710b1e118f4acf,246
raw,2548,raw/2548.rds,107446,9d583ddeb38a5c3a0239a725c180a39dc68d1d089a9df9d0a0110eeacb6aa639,62584
raw,2549,raw/2549.rds,1,cec7cb2c41627a943bc9f8c2bf51615144c64cffd2676eee1aaa8dc00cd1f974,210
raw,2550,raw/2550.rds,2,9d564c39e773b2f3b07bbb167b5c1e4ed2c4830510e38a13ee85d48acf96cb6d,213
raw,2551,raw/2551.rds,156,baf2fe76a43fbb30c13e6e0651152915830c86127f1b93e1c3e20d8e99e7cf47,488
raw,2552,raw/2552.rds,42,ae5e716f2f3aed81dceef1e1aba2896ebad12e7fd61c6002c2de3af0d0dfc5bc,331
raw,2553,raw/2553.rds,19814,55ca37b680ce457e945ea774d9e91410715a21c5733b7a8a84e1230ea10723cf,19028
raw,2554,raw/2554.rds,70138,bb8e7efe7e7a921907dfdd07a6e89dc8421b5fbd022ebed32d78f2aaf433015a,57020
raw,2555,raw/2555.rds,1,896d51ffda59405d360b53c92627fbe4a2dcc50e1c18a3fc75e7a179b5ef4356,210
raw,2556,raw/2556.rds,1,01e0c5d369cf85bd1bd5ca7ccf66712b5ab9c2dde9fb39ec56e7b030e27c1540,208
raw,2557,raw/2557.rds,47682,6742e6c7ff9839d64afbbf7234b3d886a9535f9cf9a1acf2894aff768b3f769f,29345
raw,2558,raw/2558.rds,41,e04ed82450c14212cdaa8409ce5fd0ff4ef1d05bb14f184a9b82d3eb9145f852,374
raw,2559,raw/2559.rds,165,a229a55d28bbe48dcc03265a972f74da17b3610e637b6ed0cc36ea8c03c1000a,582
raw,2560,raw/2560.rds,36,b0cd0e813adb209e72e3ed40df30c35a5491e41f4019b53527f60b59a9bc3db0,301
raw,2561,raw/2561.rds,33,10cdb1121703f13fe00abfad62d38d20f69b01d739631335c49de3a0c46574bd,316
raw,2562,raw/2562.rds,1,cafd25e5587e9eca5cfef85ff706b1bac42df0c4c4c2d087d5c2fe9b6591e1ea,209
raw,2563,raw/2563.rds,39,1e649a2f4ba8e73c380a5b68d18bf3c490ef69ded6d07aca46de712e1b00a8ff,342
raw,2564,raw/2564.rds,6391,779a3971f7dca86712a78dd46df1a7c74476e4304974ec77856077e98d78ed6b,6114
raw,2565,raw/2565.rds,2740,010e3b1b16abbc2642a3389a8e7c31ba386e04bb1f3c8e7719a08a628479c1a4,2472
raw,2566,raw/2566.rds,305,160297333b9c0300ae8c5dac59ada94f08cd2d4fd56807df897570f07b1556f9,776
raw,2567,raw/2567.rds,2,a4719d8e258a4623249c2ec2f1b084f690e8f540c696460fca8ea4f6193ce9b3,214
raw,2568,raw/2568.rds,2,a4719d8e258a4623249c2ec2f1b084f690e8f540c696460fca8ea4f6193ce9b3,214
raw,2569,raw/2569.rds,2,a4719d8e258a4623249c2ec2f1b084f690e8f540c696460fca8ea4f6193ce9b3,214
raw,2570,raw/2570.rds,356,7b89b8325c95dd5f12c7f04d9ec86f2cbbffd3ce62e8a7818d2b1f48793ef0eb,705
raw,2571,raw/2571.rds,959,3c34469e512afaf501bba5c9478f33680246ffb8fc5c0661e54ad48d09dee58f,1097
raw,2572,raw/2572.rds,2,628a1e18c89f506e1e9697b0e669e74e5baaa9ab41f238d69e30e20ec790e7c6,214
raw,2573,raw/2573.rds,30,06cdbf1dc9f667e3c038a982ea7c3564cd7beb7cdd31eb25465c87938a99c7c0,298
raw,2574,raw/2574.rds,1,24fb09ddc35664f4773cefb033a70565f74041a44ef9a404bdb72910724c06b8,209
raw,2575,raw/2575.rds,516,bbf7c60a080d8a3e41b852721f99089d71b39bcd5ffb63f4fe9cdbac4faccbb1,678
raw,2576,raw/2576.rds,9,e880ee9499b56058349acfc2f0dd0579e37f47e3700dd665955205a2d9fcc713,242
raw,2577,raw/2577.rds,12,875b175ad4989ee9d7d70e0262ecb6da2b5b64b35f5560a8ca45ade1dc983309,253
raw,2578,raw/2578.rds,585,b04d3863785cc6a62da551052ca555fc02f74e2e725e2da19b7b57d97852e7a4,848
raw,2579,raw/2579.rds,38,4c7258490c52cd8353f2c3c134f32c4c3412281fb75b0a96c4a364b4d18af771,318
raw,2580,raw/2580.rds,4,846ce77eb7f02954c95104f25a89703233aed215b5e4f306247dc4bfd768d80a,227
raw,2581,raw/2581.rds,292,11fb86fd7bc94ef322a144de652f46280b04027777096d4698dba3edd9284d1d,728
raw,2582,raw/2582.rds,1,b1a44d2c8b986189224a6869a80eb60e79c6f34e71988508ee342e1b2f8d3784,208
raw,2583,raw/2583.rds,514,07a9ea41628d39ac7702e6c5d9e885fcc76c0e568f3bd7152aef1e5d658fdba6,787
raw,2584,raw/2584.rds,8,dfd701804652afd03752d5bf2b4094bd7ce7526e8bf50153abb11e615a196ba2,239
raw,2585,raw/2585.rds,26,01eb8dfbd2ad4f6bb2f9992a0b291a0c431dd790acf5bc57741f0948d0e12734,281
raw,2586,raw/2586.rds,224,c97bc98d973e6e29b508fb843d355d51119fa856172cd9f18f4326dbfb1e7f1c,565
raw,2587,raw/2587.rds,94,a671cdc71ca44511e02c98a300b8203220806c325ad3be0f8dbd6184471cd148,378
raw,2588,raw/2588.rds,252,b83c7b864a945462145a74b3fb5aac96a6eb6971bffc01b7bca98a728435fa9e,456
raw,2589,raw/2589.rds,3,2fa624a61a4c6be18599a0915e8720b32a62fb7b41ec16f2e3284a3b80a2d851,218
raw,2590,raw/2590.rds,16,8aca58e38c19b59c357f0fe8095bbd4dfb87cb8c8d869964e94c5905ad0d1d38,274
raw,2591,raw/2591.rds,1,d4010e9c2b449ba90767aa5b3ec43488e6e7c50a0d6fd27a9100b4bc0c069733,209
raw,2592,raw/2592.rds,72,de2cddd28dd8676783d8c41561924284e0f1c571a73edd222c5a8a9f6c8358d8,337
raw,2593,raw/2593.rds,23,f348fa49ec7468dcbbe22ccf1509ce3f31ddbf91ddd633a40c55c8a99f204d05,289
raw,2594,raw/2594.rds,61,b4a93e0500c8f7eb8c90d3c020dc22dd91e2fee309c1a2b5f47b9b31715517fc,369
raw,2595,raw/2595.rds,8,8fc13b24e5b14c83806bca63673302802b7a4f5b8766f2724c5cb692044cef3f,243
raw,2596,raw/2596.rds,2,bbecd3d6b716a6a82b50d9e44e75634d6a8c0776c9e2f3ab243c7d6e873c9e5d,214
raw,2597,raw/2597.rds,12,f9fb0437e6c0fe8446cdfcd7f1bf2f52c90053eed1540ea4d9b135c56f827b77,254
raw,2598,raw/2598.rds,3,fcb4f98d1daa934c19c53bc8f7b1ce43778c9ed04a97fd9455446b7b1c51fd7d,223
raw,2599,raw/2599.rds,7,54f75bbed0168188f86b2fda289faa198fd00bbef390ff1feccdde9e0370c1ba,244
raw,2600,raw/2600.rds,53,d3418ef87f3070b7bebba09a08f9d2be3b10d96cf8fff1d807d56e199461b331,305
raw,2601,raw/2601.rds,51,7d8d389a7a3a3455b30000b076292c72b6f4f3b88dd6e58023bbd69f54734f59,354
raw,2602,raw/2602.rds,27,5a4f9ff29379e8da23208f4677cafdd2cfb186c5f1f04413b32bca2364703c6e,288
raw,2603,raw/2603.rds,5,8a4cc9060a2638cdb2b6fd3103f896a8471a12514758b5cc0454493e0855e6db,225
raw,2604,raw/2604.rds,1,bd39482ab43ea81292c658621c01674b5e8e25e1f55c1a217ccd9a0bd7cf3c96,208
raw,2605,raw/2605.rds,4,332c13053ebf6603e4a6a3b359edce400285bd55cb991cb8963036221d8491e7,228
raw,2606,raw/2606.rds,30,f6a95ed65914dfe7e5f6b4d93941d9fd794006b3ab728278409c9b55e39559c8,309
raw,2607,raw/2607.rds,2,4126492c6f203463e2854eb9c378b1ef3feb158f2f3d96fc582f8c20c7934be8,221
raw,2608,raw/2608.rds,204,0149e67ac7487dac1dc578a1e1a9963689f6f8500c243596c96e7e84ea66e27d,622
raw,2609,raw/2609.rds,226,dec59cfd10b6750dc029dce448775585a650982487e6e7842e405af14a1a006a,567
raw,2610,raw/2610.rds,4,f995d43d3ca55ab9dbb68b0535d3f2fafc67274c6ef0c6ae70f1fd808b7ce69a,223
raw,2611,raw/2611.rds,1,bd39482ab43ea81292c658621c01674b5e8e25e1f55c1a217ccd9a0bd7cf3c96,208
raw,2612,raw/2612.rds,71,ab305fdb607f6496244c2fb8e0645cb2f9a94511504987be4726ea908d436e3c,346
raw,2613,raw/2613.rds,4773,ae0a7c4921340d79d90daae29cddddf054f3069cb004f4659f9cb5a444e081a1,4644
raw,2614,raw/2614.rds,12,24b6c948dce819e1c991ef7e549bb79967c810dee1fb841b7a927e43acd78251,252
raw,2615,raw/2615.rds,0,adadc686412c8a32c45fc2489b7ee54f6faaaf976b3b04409ca638c0bcd353b3,193
raw,2616,raw/2616.rds,24,eed1ade7933fc540689f89225bfa09e14ad8c28165fc694c77aab75e7a9dbf7e,278
raw,2617,raw/2617.rds,11,c44946506b646c4017ae5f18239c450a8f428433db6b45647795e73090e09bec,251
raw,2618,raw/2618.rds,2,5be603d6812e03ab5ec90595219300d12529569302caab353c42560b89ab355b,214
raw,2619,raw/2619.rds,16,60bf8d8650dd109a0b6c9c15991addf9e7941acee58280ddc3ecac8154eb6d7c,259
raw,2620,raw/2620.rds,113,01c0a6475bb17001f6771276b2c7d65bc21469ff8fb2d09485f2a9bc019e0201,412
raw,2621,raw/2621.rds,24,ca7d9ccb63d676bcb6ac97efe755d0230804f329352217a24a7389e59c9cb30d,291
raw,2622,raw/2622.rds,1,ff131756478a18052a2638d438a0c1fb97c720f88a1407fa7caef6db42b8efbe,209
raw,2623,raw/2623.rds,889,be7770dadfecaf4c7e2cb6544893e95b81a3294c9e75f0f3d6ecd4a4a25717ef,1598
raw,2624,raw/2624.rds,24,9e16cbfa477cfbbbaa8d5f03e43388d85e8e5d31724c84ee5763b8ece4a9d6e8,281
raw,2625,raw/2625.rds,1,1bf2bb9ed06fa2e0b40c9455aa0c806f61ea4915c9749b0fd7a725a1346e12b9,210
raw,2626,raw/2626.rds,92,cef1e822b64f46f480accc174659d810f7b14617972bf89a6d253d0a70bd4da8,376
raw,2627,raw/2627.rds,15043,0f5c0c1b6e9740643f9fe9c09eedfdca94874658fbecd61baedc6fe66c5ffdf7,14841
raw,2628,raw/2628.rds,23056,a3d7739edeb69d5ab68586826d3b21d5aab189c50a82a8227b7596c2fbe671be,17703
raw,2629,raw/2629.rds,65,7707bbd2ea777736065aa9fadebfe86d5feef2b740de25feee071118cd597ab1,367
raw,2630,raw/2630.rds,96,a5f6aee8ca6b18a76c8f882f76f183e4294c5e18459f841df974ba298ae6e7e1,350
raw,2631,raw/2631.rds,10734,f042486438c07983a8a5bb11a79d9fc64900a46ee1d7add35e3f42030bdc5642,10161
raw,2632,raw/2632.rds,13,59e96e273faec306fb7f15cf9111a4f11d5593464ae8d6fb6915fbd37990e241,246
raw,2633,raw/2633.rds,117,759ff1119a133891b2f6fa01c3e8c942cf7b4fc664ad8cbdddd5cb211fa5274d,362
raw,2634,raw/2634.rds,109,ea414c6fae397caab68dc2bdea9c2bede1b45ebc9e2fdff4cf50f53fda4e5a47,368
raw,2635,raw/2635.rds,145,e0afcd8ac7d497d06e4f16134ffcb6866c4a480d4415df6dcc7ecaa4eb6f035a,393
raw,2636,raw/2636.rds,80,348b8b9df6ab5403bcf4a61c907fa76118979c409219ce07a62003890c238476,336
raw,2637,raw/2637.rds,26,3b224e130299428f7c04edf6d52576ff29d765f68afad6437db8c8939ed93f6a,272
raw,2638,raw/2638.rds,53,72acdd6b0abf2a56c7dead7ef6ab22d985c24bb378dc3855ea663758d13389f7,277
raw,2639,raw/2639.rds,9,79138cc4e5d805068e1394bf0379adc68e06f9c8cf67603e35574236152222a3,235
raw,2640,raw/2640.rds,104,4b62abc343bc5471084dee8359c095105341296a0b0ccab9436b23f29912ae9a,348
raw,2641,raw/2641.rds,75,676e2a8a97350f848bf63378193f5911d6c540639639763cf7b10d57e2cbe767,291
raw,2642,raw/2642.rds,37,00e82a6b0b7b48812a00874a5ff28a4ea08114174e1aadf1e0e4fc8735d7bbbf,301
raw,2643,raw/2643.rds,128,13d8e25e9210d0c16075e1623819d9a97aa98bd8b6193f6a8d796fe5e703db92,356
raw,2644,raw/2644.rds,105,f2675137c6c0bd5f2122b2c82a506d2c70650065c0b4094b6c1d1b1dd8854130,369
raw,2645,raw/2645.rds,142,3535f98cb5c0dc74f8df0fc743b6295876b1e3eae1248cf90be6ff57abbd552c,376
raw,2646,raw/2646.rds,2,0411ab9642b40cba1db6cc99e905ffd66ec329174bae983a134536870af74a92,210
raw,2647,raw/2647.rds,0,adadc686412c8a32c45fc2489b7ee54f6faaaf976b3b04409ca638c0bcd353b3,193
raw,2648,raw/2648.rds,11,2b6745489f5ac71076ac08f7c1d52f69f92939c772fd1cf2cc16de60dd8d4f03,242
raw,2649,raw/2649.rds,2,0411ab9642b40cba1db6cc99e905ffd66ec329174bae983a134536870af74a92,210
raw,2650,raw/2650.rds,77470,0260fdfc6b8d84dd3be2c9c8cafca58d0dab25b08f97fe31250d20f5d6989cb3,54503
raw,2651,raw/2651.rds,57,a3bfbc7368925f0ed65e771f18b4f289d5991dc077dd486e8d0296b02d3d03dc,383
raw,2652,raw/2652.rds,167,94cd415ba8d8b2c4d777f575f7e4fde8b262dd6f0e4396a691a629266aa57eda,561
raw,2653,raw/2653.rds,2077,53b6819e378879183672679c71326261c505b5c3f32330c1df8a4144220088b3,2729
raw,2654,raw/2654.rds,171,a506d51bee70a92be3da853fc97ed81f2c5b33090bca68421970a6281c3e5ec3,534
raw,2655,raw/2655.rds,42485,4747d6c61dfa07099bddfc9574f0202576a7f4bc768373ba1a42563d9893dcdf,30493
raw,2656,raw/2656.rds,4415,1b89d92d492de480f10eab80a606f0ebbd04111fb0a6edfe9bb285680cd51ba1,3306
raw,2657,raw/2657.rds,1,ccc242ed11dfe50476223483f33901ef57965180ffcaa8b136e8cef8eef62060,207
raw,2658,raw/2658.rds,68,5dc056f1da13b12f55f8cce8185933e7e9dd446d2d079900df8177e938996513,359
raw,2659,raw/2659.rds,42,8742751a49b7710a65e9abc7531cefe396239a2c1ce4e9750543770616788ad3,295
raw,2660,raw/2660.rds,4,bf1a1f47e7884fd0077b90738ebfbd92fd774d9bb9b111db424f6e9e644c30b2,231
raw,2661,raw/2661.rds,6,124624bb4152f160dba250fea9ff2ebbd04ebce8c0c73961371a5d6728a55dac,237
raw,2662,raw/2662.rds,7,3dfa859728a69253d57676024892681dac170502fd0aeee0a74460006e1cfb90,244
raw,2663,raw/2663.rds,403,871b482a8c99b5043429ee5ea549824a5f3e24ba424efde4042377a354932288,635
raw,2664,raw/2664.rds,2,a551517f3be9066c7c664ee9cde8071856675c56e0c71e0a5b50630fafdd02d4,214
raw,2665,raw/2665.rds,13,c679c2ae1583f7b8d380870b7b9942df25c3ae39ad0a3b3839ec67565da94cd9,262
raw,2666,raw/2666.rds,60,157ca3980f20f8024c13a8b5f82821202392a53f75274c2e703163f71824ae99,346
raw,2667,raw/2667.rds,265,701aaeaaf58a33556c55edebc1b8969c865e1a22a20625dadb20763b691de3c4,510
raw,2668,raw/2668.rds,86,e1c506fb8c3a38927b3a576be8df8e80bb4c09c0588a2254d1c6572b3ca8492b,361
raw,2669,raw/2669.rds,1,a30f8dec446fe7b0621737cfd731deaf67447ff36287ca12f30835d772e621cc,210
raw,2670,raw/2670.rds,62,2dbc93ca9cb19dc8729eca99daa6dc81ad5ad43c7a673e92964b7b045191865d,328
raw,2671,raw/2671.rds,14,b242d6f0a6bd48e0da37f2da4c9edd94197211e457c16f764c15bdba588ce88b,265
raw,2672,raw/2672.rds,4,3eea256f8050931aa17c25ddc2b84dc1ac1ea8eb57b7b34be197fc87a6777984,229
raw,2673,raw/2673.rds,74,71f6299e2e7feeb8d4e4931d29c8594c588d042a7d7314a44dd5593d5fd1df09,356
raw,2674,raw/2674.rds,43,51f496fea2078ee4925be5c33249645628f625d6a8d432e6970ccb6266947f4e,315
raw,2675,raw/2675.rds,19,1b3ea4c38855d515a960596e1ad302530680ec94b7a874aa860c017c97ba6189,262
raw,2676,raw/2676.rds,0,adadc686412c8a32c45fc2489b7ee54f6faaaf976b3b04409ca638c0bcd353b3,193
raw,2677,raw/2677.rds,102,e082a799038c7f08ce222a4b987365617268935f2ff8d4f6347067a9fc739a99,444
raw,2678,raw/2678.rds,8466,9c4b220c830c6f075d5e0672d58163229fc51215bc6d704adf488f8308a2acb2,6465
raw,2679,raw/2679.rds,1,414af8d73781c1ee2b8f414534fee9d687ba1867a974d6543c14d733e87838bf,210
raw,2680,raw/2680.rds,6650,44aa43b0e76d5b42310ed6ca42dd8509be40eb88acd85649a0bb1709f10dbdb7,4482
raw,2681,raw/2681.rds,2,fd4a632bf3aece946a313dec3bbbaf1f67ed77e453e3729692c3406307ca7b89,219
raw,2682,raw/2682.rds,51,d4b36b3b95cf8f67eb32ea391a8fed4814dde12abf82002ad790b2da24160428,322
raw,2683,raw/2683.rds,3,a2acbfc2fa560adeccf263025c30358941843a8d83afe9f859038b9fb2261e6a,216
raw,2684,raw/2684.rds,1913,0f1abac9a257273034df3fc439af05fa428738f5ef88147d8568bb5eedf02cd3,2189
raw,2685,raw/2685.rds,115,8c68205c134764b51257c131589a75860413f02eed44bdb7d5a61ca77193a4c4,429
raw,2686,raw/2686.rds,20984,3556473b36c180558b3733c685d5b4e19a58cab6d6c985722ef8aeed835f822e,25602
raw,2687,raw/2687.rds,1,527242ee9709b2551a7b78fc329c31c379c61965033cde403aad5f3dbd57c3d3,210
raw,2688,raw/2688.rds,1,53c7428bf6a3b2e156d5757afc7c8d1e4ed5dced6538c882d29ddeadd63da0b4,210
raw,2689,raw/2689.rds,4,e09f4cdb5f73bc16777cba9d678406e93586c38f5c8e316e69351bf3a116c8dd,233
raw,2690,raw/2690.rds,0,adadc686412c8a32c45fc2489b7ee54f6faaaf976b3b04409ca638c0bcd353b3,193
raw,2691,raw/2691.rds,6,be54a9a8ff9a053b079a610e5640579496bf28d2cc71640aefff1cca0948076c,237
raw,2692,raw/2692.rds,0,adadc686412c8a32c45fc2489b7ee54f6faaaf976b3b04409ca638c0bcd353b3,193
raw,2693,raw/2693.rds,11,557effc8d5acd9c9dac698f1532df6061f76fa5dfa42e2f33d7a226249b5b7dc,247
raw,2694,raw/2694.rds,1,751140fb0418aa7d0e7b71a45a3bd1595e078e6e8d12626b5746b94ca765b337,210
raw,2695,raw/2695.rds,8,d3d14a8c1a572159f13579ce782d6ce4ceeb561a32432ec8426db3c8f3b2a12c,240
raw,2696,raw/2696.rds,348,a3fb35170d34fd5af3184606c1c7007f7d6e47ef3e844cd6bec9841a025146c2,670
raw,2697,raw/2697.rds,3549,bbaa4b500155cb4d88d292a16c196f33237a189a829145f56c24f720046c1ce6,3361
raw,2698,raw/2698.rds,807,9a9e65dded2c9c833a2200ef546f186c2e687c0fe498678814376b1d12bbee93,1525
raw,2699,raw/2699.rds,1,d7875b79e52b2b094e56a63027856393bab9308fe565549066f50c30b19f71ff,210
raw,2700,raw/2700.rds,80,0c441ca9d794aafbf6bd29791c02e69877474bca34bbe01383401abfd78e18de,365
raw,2701,raw/2701.rds,53,3c8eb2361f26f1ad6cc7d0f2907e60284ad3061c6de317cc1773e836def1354d,355
raw,2702,raw/2702.rds,9,676b2aa921f20f552c7da290ac63c5a809de813a6aaa54b2970b27c7fdeedd53,238
raw,2703,raw/2703.rds,20,f75c245a902c006f217a2ec4a7cf6c27c96a0dafbecd4ea787371059d9bea091,269
raw,2704,raw/2704.rds,133,6cff39f63b6afb7f6477fff599077358f4afd099cc221bcb318b05b4855880e4,467
raw,2705,raw/2705.rds,119407,d5c6ebc2ab8ba79c0b40759b8c49b3a4fb7920f5e7fd1072e70a08668345ee0b,49341
raw,2706,raw/2706.rds,59,733bd6dfef5aa4606c38074f7b594dbd6792f8fcb5809107b47ca96597a16ccb,368
raw,2707,raw/2707.rds,3,da05de425772492a49467f82ba31b44833a481130997ca3ee0f489c54e130818,217
raw,2708,raw/2708.rds,0,adadc686412c8a32c45fc2489b7ee54f6faaaf976b3b04409ca638c0bcd353b3,193
raw,2709,raw/2709.rds,208,9c310d2d26961b6edb4b0080a75f09961a84c3364e271cfaeae1b29aaf67e72a,506
raw,2710,raw/2710.rds,103,7e112dc03ac4b96f31feda9c2f8b1bcdc5601b192d8bea697a7b0fbe28e6c11f,398
raw,2711,raw/2711.rds,21,451780d763a28247da304437ac06eeef397fd7421f22e51f1ef12f456bf5e67c,269
raw,2712,raw/2712.rds,713,12bbc14ea13a0a513c04f740f41ede3279c525edd442e710302012c72fe07012,1048
raw,2713,raw/2713.rds,67,84db45928f7d36836ba85973b31007f901a06c0ee1946cb62c4ef258fb4258e7,383
raw,2714,raw/2714.rds,59,c20fd3f024668ce659f299003eccbe6ecb101cb83c744591b3be37e616aea1dc,372
raw,2715,raw/2715.rds,13,68a78060adf1ccaaab7e6a562a04c97e7dcba89df06d279c5db7a9f71b6c2f94,244
raw,2716,raw/2716.rds,9,152738c2f64135a4a65c9b3395cfdd6a7fd98d9158739f218211af6b92073c68,247
raw,2717,raw/2717.rds,42,be7fc45d677ad55229128bcac42c2d24a2ec2011c9f8581593032d8929422ece,306
raw,2718,raw/2718.rds,261,3de65dc554d4273721ae1c779ddf98db2b43d3759f1813eef96a59cf58d149a3,581
raw,2719,raw/2719.rds,32891,71f8cc1a8f4a632f596ac4a7d31012933605485b3ca114a2b9b9cd40ef7938f7,21541
raw,2720,raw/2720.rds,96821,5e7a283341efd0bf1f7d2cc27e2a34ebaedb933fecdd001a20ff96168445f4c6,60482
raw,2721,raw/2721.rds,10806,cfb2a4760310f119221241210e1aed206d0cef991b23d03cc425d43e3cf06b2b,7848
raw,2722,raw/2722.rds,2,628a1e18c89f506e1e9697b0e669e74e5baaa9ab41f238d69e30e20ec790e7c6,214
raw,2723,raw/2723.rds,99,753f054ffc71478d863a070d25bdbbf75801d173ad4ef4274b73ce09632e455d,421
raw,2724,raw/2724.rds,2,194a947459483d9c03fb34d09938351c7b12980693b6f191591ee17390cacf65,214
raw,2725,raw/2725.rds,419,614440e52cf295f59de6a6b80cc689d22637f997a112a3a789e94d2ccb2f783b,616
raw,2726,raw/2726.rds,2,628a1e18c89f506e1e9697b0e669e74e5baaa9ab41f238d69e30e20ec790e7c6,214
raw,2727,raw/2727.rds,3,d16f9a85fb98ac00ee8851c81e32d6666d3ef5db2b1434c424812d6d3ab2f1f6,221
raw,2728,raw/2728.rds,2569,93548c97a4d7cb93615a653d6e9de1ab9a189490b48f9069b71e937013529dc7,2638
raw,2729,raw/2729.rds,342,df33a45e2a9a22018cc4d420d8d7d6f0dc31c5ba11df7c98a7f547ff8a3acb0a,536
raw,2730,raw/2730.rds,136,dae4af5db06290fd7402b607a111def7f7aed59a0d0a3b7812e5f007b2ceecc3,425
raw,2731,raw/2731.rds,43,8f05789b3cab24765c0d1c679c62abfcbeccf91417eba3fdba53c12b664636ca,330
raw,2732,raw/2732.rds,12,bca6c970e5e43a2f98d3120c6e5d22f7b914260b472ff49327bbf02de39f1b31,269
raw,2733,raw/2733.rds,374,78c3e05a3dc6a609b8795ecaba2eead88c6bafdac758e4117a814ecf30a13032,758
raw,2734,raw/2734.rds,477,6e50770c303603554601f3f4ba63f8e68618ec68ba123ee6bc8ad4c7208a40ee,821
raw,2735,raw/2735.rds,489,9d253483f65a25cbc170ab0e00427986aa6652060c5bc4b4418bd1de27f505a1,747
raw,2736,raw/2736.rds,9,c5d019908a4823d4b718571f5ba34b4b3dab4d62f5f3d551cdd8d66aabcf23b2,231
raw,2737,raw/2737.rds,79073,eb292c6486e787949ff486ff6f0921362ce41cf473100c39db569fcc92182484,44229
raw,2738,raw/2738.rds,5,1beb9821a8cef8b088b22d2f5c85673ead6253173025e524d5c7700a5fca990f,232
raw,2739,raw/2739.rds,10,5ee93c73e886980188a300a947faba50d909bff5d0e042d59d298c8243ca47c5,244
raw,2740,raw/2740.rds,30,7a8f91d70f2e5fa53c899b0f98b4b49eefe50bce5e138e2b4e73872ef85291b2,291
raw,2741,raw/2741.rds,150,8395f18f8ed8e0b06549538aa74a9ca9df254e577e8b91a3faf9a67a2c818a7f,483
raw,2742,raw/2742.rds,235,4e2502b94eb615580d7abaeeccb26c877503368a1a6670d204d165bb7bcc1519,473
raw,2743,raw/2743.rds,360,3890be92aa6809b629650e596a0d2017e611ddb72e070f1ea3fddf12a71443a0,702
raw,2744,raw/2744.rds,23,c2e4af3dccc0e514d06d42a6d17594170af2344c3d67e7ca38bdcb666c1701a6,275
raw,2745,raw/2745.rds,1,2d2188f096e4759d27cf4783ee77c1d7dc6148c66361ad370ad2155a7a4942e9,210
raw,2746,raw/2746.rds,291,51e833942fab27fd806aecd9907f90eedac7ea34c57a6aa0e6e15664e90565a2,626
raw,2747,raw/2747.rds,0,adadc686412c8a32c45fc2489b7ee54f6faaaf976b3b04409ca638c0bcd353b3,193
raw,2748,raw/2748.rds,1,e4c0f32214eb495f022f88cadf24074bc7b235b9d754dd5d7900371875c25968,208
raw,2749,raw/2749.rds,45,d226244bc62008f86a43d865177cd69971835e2be195b0d266c04dccc24ce791,314
raw,2750,raw/2750.rds,1,01db9615504fb86552594d979968ff2ee84a78eda226869e47a1a05696758f1e,209
raw,2751,raw/2751.rds,286,fbef7a916301d2671fe016d7e1ee009658373b0eab641791b4207b87eda2a5e5,558
raw,2752,raw/2752.rds,9,34d7c34d393200daaf4650e3ce744d5c6e06656bc26dfa1cc3a3ac54598e054e,244
raw,2753,raw/2753.rds,23,0a0324c77677ee983d163d10b756254ad4585748c73c4d0aa2ef13e2415592e4,274
raw,2754,raw/2754.rds,61894,519c68ddbcec314676850216c3a26bd20f7cadcd4efd9e904aa9d0a3c2251a76,46391
raw,2755,raw/2755.rds,38,aa705260c317e8f7e79d52a013b2cf7c515f339dcebc90da7db245edfc942135,307
raw,2756,raw/2756.rds,2,d76abbb7426d6b1c7e2c1b716e58b6f3e7a2525cac8534b76a45dcfc837afd44,216
raw,2757,raw/2757.rds,630,5ad7939ba49253c6a00e2110f122fc86c1312079e8964bbf0d255a8ad337794a,869
raw,2758,raw/2758.rds,19,56c3e73cbdf0c0efca456d2425b6fec09663b4cd358cc62277494999f0c3ace8,268
raw,2759,raw/2759.rds,326,a29249c2673a654a71c30082ad6662402b5fe036add5467d9ec609a5e7c53cf8,553
raw,2760,raw/2760.rds,13,f395ee8eccb71f2e5f01420a504476901af8d6cffb773b36e9a74c30a1e77851,262
raw,2761,raw/2761.rds,761,034da7307826b3ebf0edf06363201fec222041af07ece75a23b745526fa8addc,945
raw,2762,raw/2762.rds,2,661407891a150c8652324c3b9cc5813108f966d13cd43b1487455fd294e664da,213
raw,2763,raw/2763.rds,1,5bc58b02357d0b3f9e28ea4f8f0080237926319f2818904d9db49edf97616e87,210
raw,2764,raw/2764.rds,215,34ad6ce0a21cf6b0eed93e23790e462f1de40ad9238dbfb84e9421cb1a38337e,519
raw,2765,raw/2765.rds,8752,feccc60880e0dd87bc02ecca972c62d3496084a153a7b87ed3feb21a69616e38,8490
raw,2766,raw/2766.rds,11343,08baad2a5f8c9d3418b5f3d44a24a0badbd20fb3e1ce1c4d3ae6bb6849650695,10218
raw,2767,raw/2767.rds,432,7a95084799839e64c15781e55eb255ae142fcbd89040e72c13a590e46efe92c4,1172
raw,2768,raw/2768.rds,39,9219ac9f33315efc795aa27969823bb7df2827d11d4c459cfcef8e639ae37aeb,299
raw,2769,raw/2769.rds,6,1f0712f1f78ac9c6d0e3e063257dea63cc717ea386d8cc7aa55306e5913e82fc,238
raw,2770,raw/2770.rds,56,a6663188a459d2eafe909baa921d682dcceac3d2bb9b7599848b5bedf328a993,352
raw,2771,raw/2771.rds,29,6793774adf0fa629f438dc19e09cd9d338ff72cd3f3f76031132ca946b92482c,272
raw,2772,raw/2772.rds,7,f9b0f710fee79d3b5c2864703fcf6a21f93a184ba2a0f81ec4b202b33861d00a,236
raw,2773,raw/2773.rds,49,cb6aff4916532f2664edfb46bc0c2be1172b61a43feaf09aca4326904c523460,333
raw,2774,raw/2774.rds,129,635aa3e791f8a2e031ce4a1494fafc112dbce08b78d2b10f5c5383b040d3c13f,513
raw,2775,raw/2775.rds,2,174e6a6eaadc1cbc002f8d2aff5e63a9b23b44647cd39b5e6f7e272768309f93,214
raw,2776,raw/2776.rds,65116,296fd5c2ad5ff764fcc5fdd430ee88b0b6df13a1f9e0a56a13f10ee80095f471,44458
raw,2777,raw/2777.rds,14,fe3142351d2c6c961e508501bf83e4ec884aabfe356ac067f229d75c87485f1b,254
raw,2778,raw/2778.rds,1,3ce121f0347825623c3ea550783b0e4c923a72e6313de589c692d9a028997b3b,210
raw,2779,raw/2779.rds,0,adadc686412c8a32c45fc2489b7ee54f6faaaf976b3b04409ca638c0bcd353b3,193
raw,2780,raw/2780.rds,1,bd39482ab43ea81292c658621c01674b5e8e25e1f55c1a217ccd9a0bd7cf3c96,208
raw,2781,raw/2781.rds,2,6362deeb731d0c235a401d8ff315d8ef7d299afd66f8fb31b6b360af53047eb2,217
raw,2782,raw/2782.rds,25,a3b12c413a55093b1f5ff0a4f3f2370060acc8f95cdcaff32154f8a7dbd312c2,305
raw,2783,raw/2783.rds,160997,f75b4d147b9634d0d3f3a97fca1547683b258c2a134431bec075ff11fe119b90,88805
raw,2784,raw/2784.rds,3713,7751ace3f540913d8af1a0c27cd5a8f75f37f9f7a37a63939b9f9c9083be6d9e,4762
raw,2785,raw/2785.rds,410,1f6390992845441ee74f00649d2da482b6aa530fd5e531e1293acfbe6fcb097a,1207
raw,2786,raw/2786.rds,18,7e261ffdb91409cca9804f1bc61a5966d660bb36010ebf6df24e27e872fa1076,283
raw,2787,raw/2787.rds,9,0f49c4fcc2c5ae31aa70a65d995920c5d881b6edbf97d706da750603dd650a3b,251
raw,2788,raw/2788.rds,46,5a26258bf7270ba3822e9da36607ac769b170c24caa07b960dc447cc1704c74f,325
raw,2789,raw/2789.rds,8,6593f00bb63d41027b1e7e56dfa519936163a65f0e30031b3bfc567a54b20b4f,255
raw,2790,raw/2790.rds,2,1848ca4ab1f88ecc044e0c0dbfbe7af57decdec16a6796184e9325cf3be17937,215
raw,2791,raw/2791.rds,162,c8c8ddb3a6261e256b11413261caa65a32799681edd8716910679d8ab82a4f1a,460
raw,2792,raw/2792.rds,539,ba0008e5631c6e64e9357a4069a4983ce149162647e00953aef5644bb41a76b3,706
raw,2793,raw/2793.rds,94,0e9b7ee67d2d305f67fd63b81e8186923b5b7427f73aa52f8fcdff7aa9ec46f5,422
raw,2794,raw/2794.rds,12042,0877936a91485657396fc440addd937d2ed330532965961b040d7692771054cf,8501
raw,2795,raw/2795.rds,1,b47f1a5c2406cc6f1cf65e04b06e30d684ab6b4f96af7950d60f0807a34ea1ba,209
raw,2796,raw/2796.rds,7,bd38ca6a2e31405aeffd5fae33d759a317c4aa8acc840ce37fbef0dd00f0b3c8,249
raw,2797,raw/2797.rds,115,591ad457cf4f6c39384c74e88a4c57a6d32e2494b98ba84954759fb1dfb8a20f,362
raw,2798,raw/2798.rds,161,4333f3762d721c7ac2adee0161968c97f4c09eb2ba37b86e77930df3acfd09aa,387
raw,2799,raw/2799.rds,192393,f6e796fb27dacc756315648576604c3b46bb02ee49fdb0a548acd0f454ddbb3b,92435
raw,2800,raw/2800.rds,21,a5ce0ca458166c4f87f72e47ad46fe500f09b93cced8816c8117839f534d67d2,281
raw,2801,raw/2801.rds,22,f76c39b203773045046a3dc43431706a886ce3ba3d01c95e2cec903739c33eeb,267
raw,2802,raw/2802.rds,15,46da8668fae54b601efa2add19478f8b5a7fd4bd7a0b1f2c86d2589834cb3bb7,270
raw,2803,raw/2803.rds,5,28e3ea9c1211df48c32baf72a214b7ecd69b14a4c8bbb2bf044caf3324f80804,225
raw,2804,raw/2804.rds,3162,5d4c355719d7d9705f1223e68c20c31c629952f5c82a15b1f11a850087ddbb51,2650
raw,2805,raw/2805.rds,39,27ec9dd7de57b5450326072d4bad96b8d220edfab1c4ac53bff3ea46e3a94002,332
raw,2806,raw/2806.rds,10,597bc455d9a569d02d0e442beae7c49c03f77cc95534b25882132de26850dc6a,248
raw,2807,raw/2807.rds,30578,f55b0aab3d65e5ec193d707ff238e76c1af85adc57a132c3ff0f053582f3a123,27783
raw,2808,raw/2808.rds,4,6510f2cd6a468551239121fd163632eeac4b05e71c7300553328e9e6dbf66664,237
raw,2809,raw/2809.rds,94,390aad6315ebf77c2e188b8f57f0a2ce8e26f57182415cc21064e035548f8c96,367
raw,2810,raw/2810.rds,1791,7e1333c42236b918f117eb4ed6415c094eade895c1fb627b95525eead8d95cb9,1859
raw,2811,raw/2811.rds,128,a438ffc418a141b4ec88ead271ec033a694d95db20f9c4891a814e42c640e733,463
raw,2812,raw/2812.rds,58,755325dcb5b0572efda152a1e0f0ee78b117957d8c044d83fddf00eaf5aa850b,334
raw,2813,raw/2813.rds,4,658a41a820772467dc769aaf342f63e69832821f75d4a16eb934ec1edc36835a,226
raw,2814,raw/2814.rds,54,8a77c4c91dad463c52b6f118e49b58f822605340b335ee10a612f0853f59f2cd,320
raw,2815,raw/2815.rds,76318,c9efc42fff9b928d204ead61df8848a1ca689ac092e5951f13cba3c2807f1177,40465
raw,2816,raw/2816.rds,7,fff727bec4fd2d1f2abc783b4de464a3ce8312a86c5c2ad9ed0dc1c456d0b9e3,246
raw,2817,raw/2817.rds,51121,93cb9327de4f14f1f3764c1090d71be02225801895dc4b3b2fff58a0f09ff05e,32287
raw,2818,raw/2818.rds,71541,5924621d3a3b14db2d8a90688bf5c4a6e5daaa779b6bde75c3b6d3433cf1533c,44353
raw,2819,raw/2819.rds,8,8fcdddeca495fc6b725fb4f558b12eee2a580b12964704ac8e1e3ba85323002d,244
raw,2820,raw/2820.rds,1,fc7dd0bcf8ed2e8c69acf0b440cf146031a3e54155568fc20cbcfccefb3a04ea,208
raw,2821,raw/2821.rds,13,6a8ed59abe2489e4db8719cd20326d2785129de995fc0cd996e32e05460b91f2,264
raw,2822,raw/2822.rds,1623,53ba40f5cf391ad1f0141bf4ec501db83a51d9e1919ba01091d4f5d77dc5c060,1796
raw,2823,raw/2823.rds,4,7d8e938e4a95d3e71925792012594670be0b4e14852e1f4f2812b06469b16bec,233
raw,2824,raw/2824.rds,1,b8da7fe3782d4b64e79dec409f7c6998cfe4a59738c9593c661150ef56fbfac0,210
raw,2825,raw/2825.rds,19,86ff44227498a325ae68b236c84dd076c32c136b9de0e0e10e49dee2fcdb4b05,279
raw,2826,raw/2826.rds,3,c91a99206e9d581f1e1eb0de259e159aa3d13c4e32452d1d33e517172a0829b0,221
raw,2827,raw/2827.rds,10,d67f5145fdc5352786d0f2f3ceca4d397670b2adcc6f95ea7b869ab05d7382f0,248
raw,2828,raw/2828.rds,12,2b9c6d3ff78c2348da9d1fd2fb6e0564d8dc7c70138f01848ea927284d802249,264
raw,2829,raw/2829.rds,8,76d3d90bc5827564ac2ea0f9662f23e8054e36dcc09d719eafef0304f2f124ad,243
raw,2830,raw/2830.rds,4,aa915a3a0d3f2ddabdd2bdc0fffa56c99365f316844245353d401a1daae7f268,234
raw,2831,raw/2831.rds,54,6658d32861f73a765b46a1ecfe28fb3ff8a10e046e805e95bf94134596622f9b,335
raw,2832,raw/2832.rds,21,ae6907fe0a6027d81b0d00bab78370b6d639fb5d74b69221524396a3f4548b3e,286
raw,2833,raw/2833.rds,1460,75e9cfe8fd162cf0f9ae084da73f2e27b10357cfeeb79367d093a940d473040b,1681
raw,2834,raw/2834.rds,6,bb66406f23ddd5f59e49974e38afeb90322441ab373bc803642f76ac145f6ce2,230
raw,2835,raw/2835.rds,59704,171e1fde38fc66b15f69b4f3e8dcb586632f97c800ebdf4f310d9057a3c0bfc9,45336
raw,2836,raw/2836.rds,85303,6bd0190003ead40434c9da15500965bb4bb399191217305696c8f9165a046697,24160
raw,2837,raw/2837.rds,17,e269b424779745d39b12903e29090c96bade6a42cf9138b2c05865df4356e17a,271
raw,2838,raw/2838.rds,296,ef9192b4e67977e54ce45540530c2f0cce75971e711965236cc9bdabf42485da,771
raw,2839,raw/2839.rds,1082,288c2928ac66d30c8feadde5c9cfd4d4effcaf9431994f78f4b47a1f79288e43,1383
raw,2840,raw/2840.rds,21772,287cc5cc02466ca319968388a15d0632113207ef84abe3a3692a7238fd5f14a2,17292
raw,2841,raw/2841.rds,1,d148d28ba5415e0d9c4622992ba299cc14bd203c332f923fcab088e407ba66fb,210
raw,2842,raw/2842.rds,2,7080da287efe8bf90e007c0f1582f0731953986921b15d62f55cf5fa48b41c55,218
raw,2843,raw/2843.rds,38074,e8784de16bb84b4752d3c053fb3957842b1bdd4f3b7ceb21ed91715ce3637408,27322
raw,2844,raw/2844.rds,34,9543368fb3cd20b0718695bd182cec18fb7d3e6ca91476e982be02b102224ca3,286
raw,2845,raw/2845.rds,254,a6c24b50e9fa84b206884b5a6082815c069032e3bd27a0be529b2c2213116b7d,624
raw,2846,raw/2846.rds,719,f0c06f880ab8ff273807f4e9e495d9060e418c97b7dac1e0a2383b95c8f6f37c,1151
raw,2847,raw/2847.rds,34,95eb7dca09e345bbcd0e67dd6e23ecc0af6ccd2e2a7729703e16e1bfd045e2c2,309
raw,2848,raw/2848.rds,3940,d66dec3fd93e249e8c210cffa2e5171390de755118f2990c1b776db40cd60949,3508
raw,2849,raw/2849.rds,49,649c19354acb7983c20feba1104bf0877b7ce05d4ae4f462364f37f2e05c7248,377
raw,2850,raw/2850.rds,6030,0c5195c1a9675c899b51801267c641e309c84b8cb1cc7f64691f143ce76c0f76,6663
raw,2851,raw/2851.rds,4,f3ad6aefdec5c45f8e979c2632c38cf5fc144c1c27371358ee31ffcc91036036,237
raw,2852,raw/2852.rds,188,7c6eefb5c91c7b360c13f41e214d2c988b4f2d7a86f3f984c0d818e0e9decc28,459
raw,2853,raw/2853.rds,1,86d11426f60bf26d39546ee037a477aee5319a600c44e05204eb8c4e3d90f697,210
raw,2854,raw/2854.rds,53,482ae88a43932e9a15c25385b88c3d1051c8334c5e80d3f9167586fb2aa8138d,339
raw,2855,raw/2855.rds,1,dd740f858e5ea7f6044a14178db039e8df3857a57aaf4fda643ece3f109c1664,207
raw,2856,raw/2856.rds,11,cf30a3af2ad6e4b58c68031295384e85646d1ae35e05a7328decf0a901d54770,243
raw,2857,raw/2857.rds,41971,3f36482cc81618d02c042aa2de1cc1f945d05d6403a5c669d1f3f40b4072db11,29450
raw,2858,raw/2858.rds,14,cf78d21cb6ad490795b5f169a59045f995d4cc471cf33cd7fde9ebf5e5da084e,256
raw,2859,raw/2859.rds,35,f6560576ea0ce3769ae6b6fde0fa1256f2971084cf86e3497478fe3d362da71d,304
raw,2860,raw/2860.rds,4,b1245ec00fc0b58970b7b2eabfd700896cf003bffff0c4e38b0a0d55de8f92f9,220
raw,2861,raw/2861.rds,8,c311f5474b0dcdd447e3482638015adc42e2c7548a4a4482e6af4c49a3c754bd,233
raw,2862,raw/2862.rds,1,aee70ff180e78475667404e1dcbeeca20049e34e5844cd7073aa5793f4453815,210
raw,2863,raw/2863.rds,1,aee70ff180e78475667404e1dcbeeca20049e34e5844cd7073aa5793f4453815,210
raw,2864,raw/2864.rds,227,24ba54c1f927915b2c5867c9e5e9a40a5b9cf4a995605282b392d7935432cebb,599
raw,2865,raw/2865.rds,2,1353346a167bff790522eac767b654b5a68ffa70e8c3bd3742b689f7ab46d7c0,213
raw,2866,raw/2866.rds,1,957de9d243a722187e0d3d24f0e60a58801cf98638b1a698ce3d9977b07c9129,210
raw,2867,raw/2867.rds,18,b7866768071e399e1a4e72878e2f6b42347848246dd4a61d317ae9c9769dcc9e,268
raw,2868,raw/2868.rds,8186,09893418fdce303da266ba220e326599944cdcf6e42d8f60703fa64ae9386261,4428
raw,2869,raw/2869.rds,9,76b36ed3aa9089d6314c1ea65a0434049e275c768201c5e8c1a60e30197466d9,238
raw,2870,raw/2870.rds,73821,8f693cb360ee3b6efdbfefd3c5f9eef7aa3dc7d3200f0388cc6d96021261cb2d,43038
raw,2871,raw/2871.rds,19,55ee975f6013bcb872afbb02eb7f7e4950eacd95eeae8c8526ec17835c95af22,262
raw,2872,raw/2872.rds,31184,edb65cb5f7b1cc699c9cd77d25cba25a0d90c00b39193a650676cd2de2ec04ca,33181
raw,2873,raw/2873.rds,60,f6c983e32db4d349eb1de95acafdf3805d2f2bcd8852c6d1e1cd53ebc657c0a8,362
raw,2874,raw/2874.rds,201,644ae7a07d18fb980c02bdf26604e5db4c2c06c5fccd74d807fa81b0db15a1ac,522
raw,2875,raw/2875.rds,41606,0cd807dacf41c4199437c9726977d4485e9ed77b9ecf3ee199a2a6ef964aae4d,27545
raw,2876,raw/2876.rds,9,e8ed5b4e5993d11ae28e4f0af00bf2b80c7120fd7f92900b06203c6c0009e3d3,243
raw,2877,raw/2877.rds,5,78090e84b947f922cef00025fe27de828f9fb363aea7f24572d963dc83970dff,235
raw,2878,raw/2878.rds,79,d190b722fa222f59f1bd4fcd53b4a861dbd8cf6639a59dd3205684a4ef4fad5e,388
raw,2879,raw/2879.rds,2,8ec9823728effceab31deae6a443e75fa633d263226e2f8204bf598f5b4043cb,217
raw,2880,raw/2880.rds,1593,2771ebf19ebc8bd9af8bdb5c88da804c091e262885851c717558449fa5d9f148,1829
raw,2881,raw/2881.rds,375,987b48e836afbe07226170adcc80a56b5b97cc5d678ec2f324f74ba089e31910,766
raw,2882,raw/2882.rds,436,ff4ed25ad492572c47dd2960119d8064792da88e0821f633d3adbfbafdb02a0e,893
raw,2883,raw/2883.rds,10,8347b73168f7b92f631a222649b3dc90a20efcfa2c5e19504cb43b0c24200993,247
raw,2884,raw/2884.rds,26,4d2957a1582fb286ba57b118929b8571da58b657affea847e17cba209e21c88c,318
raw,2885,raw/2885.rds,8,a83ae25b48dd1d6464b5ea7a4045d2ea248759dd01ad5b0959edf91801490e82,246
raw,2886,raw/2886.rds,74,b422d70717964b01ee10f825a84fd802714af03ba0449e82a52f5cd59789c12f,328
raw,2887,raw/2887.rds,9341,43e4b571ea1e66812dee95d384819f8bb11b32583ba7ee7e6f6143b1f40e3975,5026
raw,2888,raw/2888.rds,238,c6da6ed0f4b8cb2bc37513c7add43f06fd23b64698a9a7982b9f51c2af68f101,605
raw,2889,raw/2889.rds,292,e3901d04ccaddd7c71db6efe49b6ab0cd322ad93e6f55a9eefd43ce31ccb301c,666
raw,2890,raw/2890.rds,104,4c0d602a6fc6979f87f24cbb55d5ccbc34111ac2830d6f3af2ecf10670ac8132,400
raw,2891,raw/2891.rds,353,0169d1df0d292c5dd59259de5ffb7f3ec26179490fca9bed9e1a8bed18dea976,624
raw,2892,raw/2892.rds,40,7d5f1cd4498b60db4d3206b409614d4273c36e18c80e5743173a6be60a459669,305
raw,2893,raw/2893.rds,203,e93cb77c71dd394d418a6e68d79584203d9dbeaa85ac38363406cf94fbbb6b1b,610
raw,2894,raw/2894.rds,115,5436e64795dad454e83d5d6116e9133316b9643144b480c3cbf24e886d3156ae,595
raw,2895,raw/2895.rds,38089,42b464cb3f4aa6268b1bff7ea0aa19982c34bce25b4d65d7c00c8c522ff1b514,31586
raw,2896,raw/2896.rds,134,e871cee504c50478a38685f18d00a6c8c30f25405ef40464117842023422320a,399
raw,2897,raw/2897.rds,2,8533d84e8bc41ca7b1fa72f8fab8ee288499dc3adfc932a124911f994ed854cd,220
raw,2898,raw/2898.rds,84,04b6847265d287ed4e9bef4eb57cc444eaebf44372c83639a05f8248a811f3a2,328
raw,2899,raw/2899.rds,21,ee5c02be5518b2fa2ece104b73553dbb9df62ec2ab1b68fd3e61323cf5225448,262
raw,2900,raw/2900.rds,40,91f4d59be12ae0eec23d8640a5e9d360a64ca21f35fba8366061b1ce260fcbd0,305
raw,2901,raw/2901.rds,6920,466a42cb8ce7daa42bd049b9ba439051d1ef1872396a970c0aeaf04e7a10826a,7859
raw,2902,raw/2902.rds,364,e72c4b269777f9e878aa46baa53412e898dec8a7cd051acf1b81dc1abb14b6e2,566
raw,2903,raw/2903.rds,274,6517b02fa157e9cac5888c257ec32eca0fbbfb3b07c4677b5e3326fd540c3905,616
raw,2904,raw/2904.rds,29,59922984971fa56a39015ba2e90cf5d86fb8c02c4ed9e1ea113c9534bf0fc924,304
raw,2905,raw/2905.rds,200,d5c8c162b43c8f42292be9ba7ea297d13348ebb360e25707671c526ec2ca8930,545
raw,2906,raw/2906.rds,10,69166976207e2dbd62b4741fcb711ecfbf7dfb686544f63dffa1f1d88b4e90fe,252
raw,2907,raw/2907.rds,39,131ce4493d4029bd17a3cca7b0943d1bee517845ad1a44ccb287ce9d4b0b9721,297
raw,2908,raw/2908.rds,83,82989561f9f2a150c53f4cacf816e0060377127e2bea3cf21122809ce5bbdf0b,372
raw,2909,raw/2909.rds,1,11a81d144c79601d5458fa80fb61e16e8208ebe28785b418b815c4fe3e11ab8b,208
raw,2910,raw/2910.rds,150,ae66f7042e12a9b4ef05f4a2203a1edf3a5c91576c8220184a12e850f138f175,428
raw,2911,raw/2911.rds,329,e133c2f00053f3dcda3a747f05ff69fe7caf7a66d63e32438b430bd0614e23d8,612
raw,2912,raw/2912.rds,1,cec7cb2c41627a943bc9f8c2bf51615144c64cffd2676eee1aaa8dc00cd1f974,210
raw,2913,raw/2913.rds,362,8350722965b3fa1884c689e1a1c932f80273d2cb9a8d3005e3521cda957a7536,737
raw,2914,raw/2914.rds,1,421792d12deddcebb6ad4fb23edca2005272dcdf98a49a2877051fef37c3e9ef,209
raw,2915,raw/2915.rds,5,fa0fd6a94b3d83cf2ba445e4e6f0e178fcd161643d68fad7d05a49c10884d1c2,226
raw,2916,raw/2916.rds,1,3842ff91987b12f9435d93b2f2963ec5eb7c8e000cb32a779d5bf0c4c4dc36b1,209
raw,2917,raw/2917.rds,55,b1a31ee4412aae17f82993e0648a366f5e4fb42d6f7ef1f7fadea50d704d7072,331
raw,2918,raw/2918.rds,2,66d3f7bae87541ddabc86544efd39d5079f4112f58152031ac3ae52d39c038c9,218
raw,2919,raw/2919.rds,91,2702b842d69476805577f8c387b7662e59809dc32f90814e44a069e2771a0c9e,357
raw,2920,raw/2920.rds,40,0338156af3dbb7daa050ce819c4a8c0036ca1a4fe8be83ef67fc1576cd589d1f,333
raw,2921,raw/2921.rds,52,54057c69a060def82d32bf6aee1a87b99f18c5c40298cb9d5610e8e7f4c03c16,317
raw,2922,raw/2922.rds,30,51bd3c58b4fc0d5a78c8317eb7fa7b613d068a4af2dec3c6a08d329902d1e343,290
raw,2923,raw/2923.rds,101,ef1b32a58037ccba7f368d293cfe137a4a7e4da39f3fa881f66e13dde0c3b7d1,367
raw,2924,raw/2924.rds,105,23c0491bcf42e615ed27c4598460c7acfd83b788a935478140efacf5757cd60a,384
raw,2925,raw/2925.rds,54,c9c9f61c08f699903f118ff19f34a4f43dbf2d8703c6cb0f385652678057501e,333
raw,2926,raw/2926.rds,226,902d9f53f1fa6bcfcdcfadabe7fb751100bef04342d2679f4ced13cccf323adb,585
raw,2927,raw/2927.rds,7,25ae2400fd2ffb01e3359ce9d06561e258cdfab19c6d2740ed9bb1085141ca04,235
raw,2928,raw/2928.rds,12,3e58d8bbe1ab08280a24f6366fb607c624cd303a721f53a1b77182e7cf56267b,255
raw,2929,raw/2929.rds,149,57e00169e6642300ef8da92a818a97b87865929886d03fd5e02c4f93bfa21fd4,448
raw,2930,raw/2930.rds,26,3aeb297259e6a46d87d87721a19bf45bcc32e0cf2ed82f9183db5bf426d7be96,287
raw,2931,raw/2931.rds,276,a9651db7c05f53b032d189f9aec1f43e5e6918eb6c7a8de717a263204fa31c33,513
raw,2932,raw/2932.rds,62,0979fd65f4164933ab99481e309eab8aabef9dc2bd0fae34c399812e66ebaff8,342
raw,2933,raw/2933.rds,695,b80135a5690c23a87fbaf844fce9ab7f63e50519b6e74968f1cebd2211ed5d5d,1087
raw,2934,raw/2934.rds,1,90e5600c7a4be4649cafccaa31bf9d322a96ed3217745a3f7c38644020e36f1c,209
raw,2935,raw/2935.rds,59,4e5b7aac95cfeb0de3474769a9492b8ca88bc02adb1ce5ad04128f783de6d289,318
raw,2936,raw/2936.rds,50,bc8c238ae4da88e79b3888d85dcf4fcf6c43ec67b102ec45f77493756eefda07,327
raw,2937,raw/2937.rds,1,fb08c79d428c09270bfdaa034959e594953b774b3c13358464766d376da22e91,209
raw,2938,raw/2938.rds,10,84b87e160cec0cab385e12f24197daa435fc9fa6d4f8c92ba35a9b097b0cfd78,244
raw,2939,raw/2939.rds,36,1771252e4de000adbfc14826e28ea32fbe278e5e7b769db3df0ef96e989dc4ce,313
raw,2940,raw/2940.rds,116,6690e4f0d46e179a02cbc969e2d4edd420739ed625fb4f16b6a2517c02ea34a8,424
raw,2941,raw/2941.rds,2,89e38af5d24c7ccc5d52028c1d31a645b544944cf25c68088f671cb27f5a18a3,220
raw,2942,raw/2942.rds,19,f77e61b459e99de26b9611500d25b144439f2926b950a64d0ebd0772c57d31ae,263
raw,2943,raw/2943.rds,705,e8c93efe391fedeabde34e21cc3edcb79a29b2fecc7bdaf5828662c5349637fa,1029
raw,2944,raw/2944.rds,6,bb2b833643caa5bc162a45ccf1a35bf15adfe2216ef2b3221f5c79af52fedbd6,229
raw,2945,raw/2945.rds,2,a23b8ce6fe9c5c8e64dcf0fcc422f9be59bc6db8f227b0caa7710acdda9434ee,215
raw,2946,raw/2946.rds,1,957de9d243a722187e0d3d24f0e60a58801cf98638b1a698ce3d9977b07c9129,210
raw,2947,raw/2947.rds,9,c5d019908a4823d4b718571f5ba34b4b3dab4d62f5f3d551cdd8d66aabcf23b2,231
raw,2948,raw/2948.rds,3,a394796f31b9712d9f1900742731f081a85ea23cb0556c20912883d10ea3574b,218
raw,2949,raw/2949.rds,47,ded3ba23cc874a3a93573b1a80bd6561cb72de2f905e1ebfd476ee03bb830096,312
raw,2950,raw/2950.rds,69,960ae15bb2b45a33480b298426090064b6277b361313b6fd5a304f0ef5075521,352
raw,2951,raw/2951.rds,725,5bc393eb501204d196fe6d3a3b33f94b5ed7d470370c944f9ba8dd9c46c19d9f,959
raw,2952,raw/2952.rds,55,8a17cd54c76b51b3bf53dd0d35af812250e0dcddaaf5b115229157043be46a96,331
raw,2953,raw/2953.rds,37,65dc2e59a62b0c14a15ae4adb43e4bdafabd5c2c604cff6ee4b2036438a4776d,300
raw,2954,raw/2954.rds,1,bd39482ab43ea81292c658621c01674b5e8e25e1f55c1a217ccd9a0bd7cf3c96,208
raw,2955,raw/2955.rds,2,628a1e18c89f506e1e9697b0e669e74e5baaa9ab41f238d69e30e20ec790e7c6,214
raw,2956,raw/2956.rds,8451,5e4cd9931628c3b8a526a049be35c889bf1f126d7b574236d04a185cd114a8fc,6204
raw,2957,raw/2957.rds,62,fc5ef03a0ef7cdc3bc14feedf7db49d0b14b37388e439b0389be06b4bbc472f6,347
raw,2958,raw/2958.rds,2,d97eb5766af08f21045649f3deb23a983c02b9d7cc23ec8c3c88b044b0b4d241,213
raw,2959,raw/2959.rds,8,bc1d3a6b777ba5f98a0e3ae4ef7812b09568d385b556698df8fa3c703ad4e765,237
raw,2960,raw/2960.rds,27,5cd853f68918d756e9f636834d70b5f99b437a5925659d4c9d474be198e4ffac,288
raw,2961,raw/2961.rds,39,989fcbd67931660498492b5a7de11d4da7635d4d6db329650b13567528ea2833,294
raw,2962,raw/2962.rds,52,37730a872e6d978e29ee06803356e2d1186e6fe3340f7a86e774509033dbb8d9,321
raw,2963,raw/2963.rds,77,c0d2bf6070b7988714b3e6d6012bd07b3e7f9c3d440425dbdd134609a0ca82f9,369
raw,2964,raw/2964.rds,8,5883a1740e9c29574e6cf8b5c5b9e8c9078c181748a3313c0d72149c96194e38,239
raw,2965,raw/2965.rds,8,bf42921d5dac15dfd42da793dc45f680a86ae7b54bb54f016a28ed1c48076cdc,245
raw,2966,raw/2966.rds,0,adadc686412c8a32c45fc2489b7ee54f6faaaf976b3b04409ca638c0bcd353b3,193
raw,2967,raw/2967.rds,5,f13a2b7dd21869b72025fa8b587b66f2d0e75a892717f034c51bf4ce2c766a24,230
raw,2968,raw/2968.rds,88,d6c5321cf914a5321665be68360801b29c7708f315993392b683b0c944934b45,381
raw,2969,raw/2969.rds,2,da5c643c8face597f82ff2009ef2a76cf0795855a7a8d1d3211d4495285980bc,218
raw,2970,raw/2970.rds,226,405c1a23f4402c4687bf66952d2f037e2728bf77120252e8c745eb60a4fa30b5,509
raw,2971,raw/2971.rds,3,919ffa5ea54d59cd4b03ecf589bcc57e23f1c9ea1a05425f27c93cb6fbad4a8d,220
raw,2972,raw/2972.rds,1,518118dbaa5d5d1f587c6a77d29f0db53e71c7dc1114bdfd0c69e45feff509ce,207
raw,2973,raw/2973.rds,0,adadc686412c8a32c45fc2489b7ee54f6faaaf976b3b04409ca638c0bcd353b3,193
raw,2974,raw/2974.rds,68,82d5b46ab90cd8c1394410c6c399205fde3602ebba125cbd3720587c13c4aaf8,383
raw,2975,raw/2975.rds,51,39406c5c774c3049e0b0a6cb9075405dbaf7f32f26a9dd10d7c8b79ff8960fe9,331
raw,2976,raw/2976.rds,17,59383ea68db6777f4f0521ea2dc2cd9fa9999b0bcb97d8cb4c702abfe357a45d,273
raw,2977,raw/2977.rds,4,240d0a0cbcfe86026ac30f41f60a0ef1d5d6401459443480880fd0377764dd67,219
raw,2978,raw/2978.rds,16,17dd42f307aa6b6f82d4e363eb3f87c19524ed6e70cb003fd93826da0c05600c,279
raw,2979,raw/2979.rds,5,f1dbc23fb3a48c47572db10b4d66e8ae8c1fc59bbdbb28416840d64870b4904e,230
raw,2980,raw/2980.rds,12,59d2526dd301ae3a93246c8ba456cb4a0105e5191b287a3468f8b44e29fa36c2,256
raw,2981,raw/2981.rds,2,628a1e18c89f506e1e9697b0e669e74e5baaa9ab41f238d69e30e20ec790e7c6,214
raw,2982,raw/2982.rds,10,a72fd0de2cd42f1ce8aa86d836155c5ac40c4f4b8d4249746d5dac46cab3cb98,256
raw,2983,raw/2983.rds,1,fc7dd0bcf8ed2e8c69acf0b440cf146031a3e54155568fc20cbcfccefb3a04ea,208
raw,2984,raw/2984.rds,21,cfbb0e15138c2b8389247d421f10d491a6642cb0cd76050e6c18e46646ab9a86,281
raw,2985,raw/2985.rds,968,4728136bb06fce2be58605cacd734d439fdce2f6921db5110128968a572fa67a,1062
raw,2986,raw/2986.rds,400,726d89c24657e338aec3008eabb5d3bcb9ffe8c63063437b95b4110180ee3273,715
raw,2987,raw/2987.rds,1,957de9d243a722187e0d3d24f0e60a58801cf98638b1a698ce3d9977b07c9129,210
raw,2988,raw/2988.rds,10,b752555591aea5834a084987b9dcdb19882db99d159a96db7faa0e1755bd6276,238
raw,2989,raw/2989.rds,3,f8a99a3e55696967813f9299dcc2dd83bb429c889d9a6efa4f43c795375ebff4,217
raw,2990,raw/2990.rds,3,a82291bc87be3d64e808f58389eab8eb027e56d3e69ff88307720e7065252c26,221
raw,2991,raw/2991.rds,8,3c52d7674feea49d3e7835d02cd0a70d1443766b432980e5349606d1e256f98a,251
raw,2992,raw/2992.rds,3,6db8c151f2de953b12b00575a8869719c35970fe433dbdc23aa22d9c1282a475,220
raw,2993,raw/2993.rds,11,60c2842cc66afc094de4bc48d5895505803c169708504856562e9519aa2c9e02,247
raw,2994,raw/2994.rds,6,3c44f0e59cb63754e26bc502713b82f878209fedf7367aab50eb7a0f13708f9f,243
raw,2995,raw/2995.rds,27,53de009e21071a26224fa836567069321c4fdbb3d0a3f9625805f47a2f817849,286
raw,2996,raw/2996.rds,54,3b3bf6e6625cb7340de84a2c9b728f4332ced352c643e2c67ed65e4ce77a6697,313
raw,2997,raw/2997.rds,26,068cf0766a3c9be026f5fc70c5ebcc4c424d91a574732812af5fe26c7a795f2d,292
raw,2998,raw/2998.rds,10,f9ffd0b427ff28bf3261c3c9c0afb399d1e2c3188604d56b7c710a50b5089c50,238
raw,2999,raw/2999.rds,14,95c75c0c0f3ead2bbe5665b49ea603d37ff61364e5851dd9d31d54895ef03b5d,260
raw,3000,raw/3000.rds,2,03bacf9b7ae0995abb403c4d2f7e4c84252900836605aa3f81616caf99d72f02,218
raw,3001,raw/3001.rds,11,5b78b8582652cdd17843cf1cd9970551ce0f318df7e03239c9db7b6232596617,250
raw,3002,raw/3002.rds,1,1c8d093323d8aac37963c0854d2b867b786b86ef92060bba9c8601ca2ddcdcc5,207
raw,3003,raw/3003.rds,3,40a255f63691008601a2e381e2bff85bed4e7c8887ecf985a0c03aaef419197a,219
raw,3004,raw/3004.rds,32,9482d6c5dfd0905944fffb7c8031ecdd2f9f7a3cb5cc775852b753e7645dcf8c,313
raw,3005,raw/3005.rds,586,821bbd3d3e7c200d90c0bc9d9092df1616ba3813b91d2b42ca7019c97b7addc1,889
raw,3006,raw/3006.rds,63,294e90222892a202b06c7ba7526459ab23966aad7cab3e9e72ef0a9f01887a96,336
raw,3007,raw/3007.rds,41,248ef5959aeaecaaa1a3a49cb403d2bc420d26189c946f6822a356b80333cd8f,298
raw,3008,raw/3008.rds,115,05753b95d240343169bd4a4b12141799a2652e8ce8cc9fdd1f8e7896f04e4c94,387
raw,3009,raw/3009.rds,168,f2af1706cd815ec9f9b9c917090e0c9ea61e9dfcac474a54288fbc15f6f5c636,470
raw,3010,raw/3010.rds,65,d42976c050921a94efa18c6740ae49ccdce6e8e1327ca256fe9d493b84d92198,373
raw,3011,raw/3011.rds,243,a4c87b178b67d74e0eea5854bec89a9a77bb34eba14cf5a2823e1ff448923ec6,588
raw,3012,raw/3012.rds,5,a91ee53d66fd448ce392f76fbf0234fa6f1238b1bdf6a51415226cd2bd918753,234
raw,3013,raw/3013.rds,145,97881aaa5d639618c12308f5d9d2cb830ce60667e38b006b5130bcb2948d4a3a,429
raw,3014,raw/3014.rds,1,68206978c408924f6cf2d3ba01d14a6e60e459a8de33b31772abdfe70ea46086,210
raw,3015,raw/3015.rds,174,0cd47a38f689ecd8df1f145f1a89c3a7af6d79d0b0f8e60328c27ffa44a90589,473
raw,3016,raw/3016.rds,80,d5d2514df34976c1729725ee13c437f9d1c707fdb3a12581f4174819eaa309b6,408
raw,3017,raw/3017.rds,1,fcb2a6412bf55cd56dfde8088896cb6adae3ec4f9da8541c197500e560b081dd,210
raw,3018,raw/3018.rds,6,8bcf69ade3f48b798d50d30e2361e23dbbc6d4f596d58b8f4a0fc4414af91bf8,227
raw,3019,raw/3019.rds,9,f6aa39356e48cbb8b0e761f3f193e019b5d62d3b54eeb3ce5b7f31834128e944,262
raw,3020,raw/3020.rds,25064,9146be1f73debdb2fb0985370b12b2edd6f6c5ade12a20da840b89b960a1a3b6,25459
raw,3021,raw/3021.rds,116,43f1c1712280f79d9c5a6c6603abe389bda38d1a72dac0295cec61fa246ba65f,419
raw,3022,raw/3022.rds,144,4cc8a1fadd89bce4075a2614329a7cdef57bb60d0363facff25180508a0c2ab1,515
raw,3023,raw/3023.rds,2,c51cf21af8ded1ae7731035e183604ef8d12f5d40346349a6dfb34533cc5094c,214
raw,3024,raw/3024.rds,9,547a94e94095ec600bf26e9db62a900e5035d3478508baba150fe06b1b99d034,233
raw,3025,raw/3025.rds,10,d8699062445a939ec0c579916f7f07c42440df7ac57e3671b14cd5f2ebed6262,254
raw,3026,raw/3026.rds,2,628a1e18c89f506e1e9697b0e669e74e5baaa9ab41f238d69e30e20ec790e7c6,214
raw,3027,raw/3027.rds,20,c1ea7dbcbf8c4a434e269c4eccb1f10d572b6235e27ff36831534f4f3c5d17c5,285
raw,3028,raw/3028.rds,5,aa09d931951ca2f96dfcf3397e237108ef619953e3bf6cca7e99ddc971ed54b8,224
raw,3029,raw/3029.rds,1,8ffe80a99e6c25dfb420c768bf01801e411fd79d731d9a72620408ebcabb73c7,209
raw,3030,raw/3030.rds,5,0c921c547a690cdc9ca288dfa17623ec763035a3e9f24f7de74e3015a49c3408,229
raw,3031,raw/3031.rds,117,c41c73c09e91da0e36c1f6723b0c68cc5b425666c4134387c4eebf3c56d1ba11,422
raw,3032,raw/3032.rds,16,8295d12bb9d3d523d02b9a7606534c53fc6c1f90e7d801650d7f1c5638565c50,265
raw,3033,raw/3033.rds,1,1c8d093323d8aac37963c0854d2b867b786b86ef92060bba9c8601ca2ddcdcc5,207
raw,3034,raw/3034.rds,12,7acf8589c51b28ca261d56ff92d3040b9eedd482da87870d229d7c3526c8fcef,269
raw,3035,raw/3035.rds,5,125fd900876d590764aac26a17721e528660eed55fb3cd36f4087b8107d11b3f,226
raw,3036,raw/3036.rds,547,ed578076e5ab7e3be2c92d1d7a34318ad9634b26ded6930820cc4c844b8878e5,809
raw,3037,raw/3037.rds,7,7ffc8b53270b7fddb2840e97e8fc3c3ffe8695f06722f5c607d03f8a2c236f56,231
raw,3038,raw/3038.rds,52,af54b4729e0217e023213a89df1a17bee445fd2fe9d69afb4cdd4c4e726706f5,320
raw,3039,raw/3039.rds,38,fdc33c16a4d85d220efb5e20f5b141e96a167cd98c57c19ce6a6e7e13a846685,391
raw,3040,raw/3040.rds,3,3d88fe8517b414a027b24aced123688a3a68378a431eee22cc4fb3d0f7b84f22,216
raw,3041,raw/3041.rds,670,07d0806c554fb8d1ab769132785afbf38231068d8cf3c61a83f204375b42afeb,990
raw,3042,raw/3042.rds,5,5a756a7d086806698c1a1902e64c3cda34c818f18ad77e737ca6969711c7826f,234
raw,3043,raw/3043.rds,38,984c3ab57d121132bab4e8ae275f3dcea20c60d33649db23f25a6327429e044f,294
raw,3044,raw/3044.rds,1,c9a3b9f167ee0cdfec1a5a75089a7904e49ab8141532c7328275f4cbc6c50e1f,210
raw,3045,raw/3045.rds,19,c3f69afbdcdfac50f8ce2c425d8ee62e35af04ca6e7caa6b26c88d3e0734560d,271
raw,3046,raw/3046.rds,8,fe9aa834329785a9b2b0c0cac281fb605837f0d4fa09ce699e4f85baa7474588,233
raw,3047,raw/3047.rds,99,c803a528e2672c6495c433b9316d1e7597a22749ed6a9d9272aaaf5ddf9f280a,386
raw,3048,raw/3048.rds,0,adadc686412c8a32c45fc2489b7ee54f6faaaf976b3b04409ca638c0bcd353b3,193
raw,3049,raw/3049.rds,9189,f8bed6301bee77041301ba745ef5b32d969070ce876bdaa7b3d5a3f01eca7405,8665
raw,3050,raw/3050.rds,4020,e64dcae4320d74b791c379f8c9d0aad37b75ddeee906b7c7f417c0ee690fcf2a,3951
raw,3051,raw/3051.rds,5,78157cba3c5f78efaec54d55bf4bdd783378da705ef7dabaf2abbe264722ec4b,227
raw,3052,raw/3052.rds,891,ad827586058c44d88e9783554231747530c613ca2b281b326395c95ffa82ab6d,1219
raw,3053,raw/3053.rds,10,34f86f3108b809da910104dd00aca0536d4f17b0041869f2a22ad21170b86a94,243
raw,3054,raw/3054.rds,1,ff131756478a18052a2638d438a0c1fb97c720f88a1407fa7caef6db42b8efbe,209
raw,3055,raw/3055.rds,2,257a08457a33c35bb8a34ff7492b3d86152af8aec914c9b36e7d2ebc5ba49049,214
raw,3056,raw/3056.rds,64,77dbabfe784375904214fb51c2cb6964d40b350701c5d30ca23926c50f631d7c,336
raw,3057,raw/3057.rds,16,c52c81c65ea0ab3fa2b660e44da89e615ff379e6e5760b08feef1368f9745bae,260
raw,3058,raw/3058.rds,13331,1bc43dc1623ab1ca04334cf010ddb43945a9f6a3c67c0a2e79a7133c08c3c841,6272
raw,3059,raw/3059.rds,20938,35507c70eea622f00a0f630992f88b270ade5fd09a5fab549e18968ca7b0d593,18908
raw,3060,raw/3060.rds,21,5226e5c1b2eefb2374a29f269cf5ed133e2f517e9986c3c49170ddf6da86fd97,307
raw,3061,raw/3061.rds,4,6e298c584561eb28199459d354894df823bce6ae1718e2861618176276ffc8dd,236
raw,3062,raw/3062.rds,2,1719e4160f497417b225c983106507a31b52e1ae92e38e5897513859eae08ced,218
raw,3063,raw/3063.rds,1,0a1b5528296c405e1d2aba04218673f66c87a84f0ab2eeec53b1916213e47c46,210
raw,3064,raw/3064.rds,2519,755bba616eb842a98864645b9e43d6458f2d6b4f9fa106ef9d135056436fb761,2305
raw,3065,raw/3065.rds,66,7071bec4db72262457f5b77cba56a46a876411a69f8cc179246442168408dd93,378
raw,3066,raw/3066.rds,4,611ffe277925552bbc0ec43f900061075a151f8d710d36f2cecc7a8656f02fa4,227
raw,3067,raw/3067.rds,2,de1f0c2fba80247b472151542268e90b4c1564305071a5cb54dc8dfa51f3c2a7,215
raw,3068,raw/3068.rds,5,538ebaa81e17e4bfd2c42fe3951e59ec2c0cbb8d979402f7f1269c202f060e50,236
raw,3069,raw/3069.rds,6,cc34ea6dc49e5e23f3c902e107e82b04deba26bd3211abfae2fa86da64acd951,229
raw,3070,raw/3070.rds,2,7ff6a9d002a98495280e8fc9bb5950ed8bd582062c562d01146bb53e1dd7591a,215
raw,3071,raw/3071.rds,1,96b9f2c19dcce32930a6a587c06989447279096cde60d140d607046a47ae48f7,210
raw,3072,raw/3072.rds,3,6d6dffd1d0ab782cca6755a6fcc8b2809737417d9dd9281578e77d38dda9c636,219
raw,3073,raw/3073.rds,2,4631711fe5a2e0361b9ad368057474ae00ba119287a53c495266e7e506bc2cab,214
raw,3074,raw/3074.rds,7,1e85a3eae3ceb38bce7b691837d8ec66b8b60ed09a0830e6af1fdd8d031ce1ca,238
raw,3075,raw/3075.rds,18,a7d064d43bc2f9f55b6db13f55fec8e019901f6a9c6233e6a042114083db3d71,269
raw,3076,raw/3076.rds,5,69fa6dea930f50df3cc116ff0101c746fe6d447dc112c9a0d1857e0034a9e29a,232
raw,3077,raw/3077.rds,11,da8e07512cacbd2bed5f415d22694c86e2058964f40c0c8233b8dd8db7cbc3b0,251
raw,3078,raw/3078.rds,15,112f53d508c5e70261cc66f041c93ad449fe1c08aa6dcd7bd262855c79938986,253
raw,3079,raw/3079.rds,159,0b090ffe47e8eafd18535108f74911b2d7edc12c0cff67dbbf68dfc1817ea06d,404
raw,3080,raw/3080.rds,42,625c67a095e823bb5b536040bb137d81a8cd87231555d07548fea799693f45d0,302
raw,3081,raw/3081.rds,6,961843fc224362f627be73cdb45aa33c25d9c63b88d90617d2924363db96c6cb,228
raw,3082,raw/3082.rds,202,2cee521c0eaf714274b1ed540089bf7da370b7a82b968456409967a4a68c284b,586
raw,3083,raw/3083.rds,88509,22f69621a8b1568c8ba7c49d641642ee829669d3ac59ac1d7eaf06ac0a797904,52818
raw,3084,raw/3084.rds,370,ef9da21f864b0cbf51cb1e0e02ef51e4befcf10b04f0884ca2ded4a202c18b72,620
raw,3085,raw/3085.rds,2158,63f8c7fc7501c06f0a1efc5a9de2f053df8cf0f58fd30dc3aa6572885ee31fdf,2320
raw,3086,raw/3086.rds,225,8d5678357335f9802dfec873edbf009ae5f3d93e6788476b024ae7ef41c937f9,589
raw,3087,raw/3087.rds,284,7c1edb25ae81696d76c34da28141a44515e81fb8c33573ac29c19393954f23d6,756
raw,3088,raw/3088.rds,2,628a1e18c89f506e1e9697b0e669e74e5baaa9ab41f238d69e30e20ec790e7c6,214
raw,3089,raw/3089.rds,24857,74451c6c822ee5c1427e18f132a7219eee50ff540300a873f97623759307964e,19161
raw,3090,raw/3090.rds,40,c78f4bad1045ee7e85fa77b5ede3c1a9539e92b1b9d454c42a9159d9df151341,316
raw,3091,raw/3091.rds,26,9761452533a4b271104624c852b9badabcbc466316fc8904395367fba4cb41cb,295
raw,3092,raw/3092.rds,338,e5d6df2b2221125cd7da3a4e3014722b34cfa40464f2260bb264662d1fd011fb,603
raw,3093,raw/3093.rds,2,628a1e18c89f506e1e9697b0e669e74e5baaa9ab41f238d69e30e20ec790e7c6,214
raw,3094,raw/3094.rds,1,cec7cb2c41627a943bc9f8c2bf51615144c64cffd2676eee1aaa8dc00cd1f974,210
raw,3095,raw/3095.rds,116,0a8abb4380c158f58e7ba5a63f729de4ecdc5fda685019b5624ab66202aa3f15,433
raw,3096,raw/3096.rds,95,e3d3bb4aad3337a7325b1bb75d022e809d60c9e38abd71c07755eb3c657d371e,421
raw,3097,raw/3097.rds,45,169451e393253015946e9041eca460f543c8b2f74686bed3e53e6555663168c6,315
raw,3098,raw/3098.rds,36,6b1955a96cfaa7ab5c26763548596e466e2329822cdc0d86c1c6dae624edebdd,312
raw,3099,raw/3099.rds,1,183cc7d9a4c4652da796505cca9f16dc70ff2fe10c56724c795216c5f6b693c9,209
raw,3100,raw/3100.rds,358,b19382b90f554fe0921f5ac29a9fc21b0a4fecd9735e6145852de2869ccddc11,698
raw,3101,raw/3101.rds,6193,4823a45e27ec19bced14a2c9ee5465aa39593a7a2ef8d6e316a92d18f650220e,4785
raw,3102,raw/3102.rds,2,628a1e18c89f506e1e9697b0e669e74e5baaa9ab41f238d69e30e20ec790e7c6,214
raw,3103,raw/3103.rds,1,10cca7c13cd2fe2f03b26e51153afda41733de39df7fd1c8b9161a79e05405d4,210
raw,3104,raw/3104.rds,258,27e9b227c032e69af9c15f97bbcf86570ffb928a5e8b8237b32c3719ae336e71,613
raw,3105,raw/3105.rds,4,bb8246c2816f68988886e3335f0f7f4f0ee8cc2988cda3f54ce6c27f0446affc,224
raw,3106,raw/3106.rds,1025,45bbab8307b114f8b46e467f4198473fab684891e158788df7be5962bec48929,1154
raw,3107,raw/3107.rds,1,a00e61556a0b4ceb80e09be4aadc5520efed6d3a90e171cf981ded3caa62f359,211
raw,3108,raw/3108.rds,250,64f64ba0f7b66b126fb4a2a1dbf51a51aaf3164010619d6b7fb9d215af3b6802,571
raw,3109,raw/3109.rds,3,2557f6902885eb02303b74bb4557babd2d9af745cbc0b016ab02f7ea8b7d6c65,217
raw,3110,raw/3110.rds,2,f3edb1eca826cce1b7ef100654e2624de144d1ae1047007b9e7028cfbce919df,214
raw,3111,raw/3111.rds,15,f3a2549b89f1f3b6e5d61f399e237b15d81825e343403fc6f9af21c6d6adf149,273
raw,3112,raw/3112.rds,122,13f4c471d6038bc860d36fe29dd729d498daaabc43853432fc6d5e4baf7eb9bd,415
raw,3113,raw/3113.rds,306,3aeea88b3cd5c699ee10913d430f0eb05fb809c2c522d4b5e77dfeeb16ec8b74,542
raw,3114,raw/3114.rds,137,5a569ad190984e5c3a3e68c6bcb5a5309a0c6dcccbb270495693f1ba5b4b817c,438
raw,3115,raw/3115.rds,3,36e135a70e32c30652202e33dd46e511598c5b163236577da389b4d718eeeb6f,215
raw,3116,raw/3116.rds,208,22d9828fec0f086be09bdefe1c7aa866ef561978cc295171b99d6536071c443c,550
raw,3117,raw/3117.rds,109,a9fec57c9e5645ddf10725f4093c1296f4bde14ea3241f5d0990bd556902d651,444
raw,3118,raw/3118.rds,182,16823e45f02d1296d7d1b2bc7a03e5d9ac7c6e9d1bd26ff36e34c9264f6e024c,527
raw,3119,raw/3119.rds,36235,aa56d2848c2c42908720af4324b714d581d004f37068a4fa30108eabd1607877,24539
raw,3120,raw/3120.rds,3,4f7d45cfe5acd643db3300e38b91c3f818ec522acc1d37bafc2c0bc4619f0f80,220
raw,3121,raw/3121.rds,70,71a2558d5e30dc7f2fda0c543903d52e8a3e6bbdeac87d87d02da9c3b963bc26,332
raw,3122,raw/3122.rds,211,acea8f3ce9282ae4fb2cb27211813e50da4863e19b39f3106e42d208bf3afd0b,462
raw,3123,raw/3123.rds,16,770d9d53d859cbf49119f90dd27339f01417fe5b8a922c25c52cae9bd25dabef,259
raw,3124,raw/3124.rds,5,eaab3b99945ffdbba238353a89694b150d1311fcb74eceb896f5aca1a3fe542b,230
raw,3125,raw/3125.rds,81,c6ddf4c82df76067e3d9d0683a61acbba6c08172c24cab5dfd5a1e3aa85ec471,386
raw,3126,raw/3126.rds,88,087655df3f15b8fa57933edcab623d1bc567c1883a004cd917b43952ade43e47,390
raw,3127,raw/3127.rds,1,5508c37b48e5889d9b34fa963a29641cac634e4eb5bc0bc071baa479cbea94bb,210
raw,3128,raw/3128.rds,1,97c95171667f7a0806bb25bfaacb26c3f5c7c0fb5627afee598a20455a7c06bc,209
raw,3129,raw/3129.rds,350,f737888b9dfd0028e217c7cfb8be44eb2c422e2cf7f50956a712c4692a4c7a18,544
raw,3130,raw/3130.rds,18,a491735f9866e9fe8f5dc590dc078b7e2a471582cb1d11e07903038d816362a1,271
raw,3131,raw/3131.rds,193,4cec64c40d7ec5a05e3eb517c4125ba328cef035ad48cd2a44b8c5540cd28f17,469
raw,3132,raw/3132.rds,2,7a64f76d56f02d582ff257ffaf2f32d5c99156e9b47bf079f518c0936b97a46c,213
raw,3133,raw/3133.rds,74,71da147195f1c0710f44854eb64098e37568f59cdc52009629bce7a9262f7fa8,357
raw,3134,raw/3134.rds,11877,d3cdd15da18dc39c068e6c7c86e349f06021bda8894fac8fd46c9fb9f4bc4f48,8192
raw,3135,raw/3135.rds,11,51daf54e6023adf421e7ce6da472dc2ad9d85d280f1408117f40b8ebe335826d,250
raw,3136,raw/3136.rds,2,d97eb5766af08f21045649f3deb23a983c02b9d7cc23ec8c3c88b044b0b4d241,213
raw,3137,raw/3137.rds,3746,30abc6b2cdeac7cfa29d11bc6b1bae5e931f653b972d96d8095d7cab63229afb,3854
raw,3138,raw/3138.rds,8,ce995f15c5bf8c72243e22259c13896897ed2c30c2fbe0b28d03defe5d5eb090,239
raw,3139,raw/3139.rds,90,a49d6c4a2eead312d0a87ae68d5630a1e8b1e75c7d3c1265def081474b649df1,400
raw,3140,raw/3140.rds,1,678e2e1484d20833f7dc97784575b76add8c252755c7b46ad0cebabe1d525a16,207
raw,3141,raw/3141.rds,92,97e0311808b4a5d727ef71cea49ac23ac17b14983d4069eb2c3ee84d5c76a0f8,346
raw,3142,raw/3142.rds,522,1d50718df1d218aab741a9a69560f48c396d93e3b863fcda7a96aa5740ada35b,886
raw,3143,raw/3143.rds,4,a4d5adb373f110e94d10b24b42fe5d1487356708f9ff390f188a5d5471f72bd1,226
raw,3144,raw/3144.rds,262,f91421d3c6266c24401992ea104182cb895f645efd5b6b6291a256e0a900d4fe,564
raw,3145,raw/3145.rds,23,ad8680f7d811162e3b339f288713ce12fe026c4a0392980922677a11bc6d5890,273
raw,3146,raw/3146.rds,203,769311a2f88f43d08f83ba4302cbf0c31cfc348e9198ce8075dfe00fa046834b,519
raw,3147,raw/3147.rds,4390,749d80d68b1bc343455f46a892d86ed0835771e70dd94212ab40a8d4c70da870,3446
raw,3148,raw/3148.rds,2,dee45ad4c81ce99ba325f53332556fc2eab32314e1f1d1e12d76116d26af53bb,213
raw,3149,raw/3149.rds,20,39201b6377f8820377b3c84eb017551c0f94a026db33db1d9e7e5dc36f1fa25f,271
raw,3150,raw/3150.rds,16736,cb7ffddee3ee5a2e2ee31b1f45b81e0f8e044bc37c0d0a5b98883087b3af88d0,13958
raw,3151,raw/3151.rds,1,8d11cbd9b6444871e620fe2c57622f1cc2b56fda2a51d99e22633bbc211bcc7e,209
raw,3152,raw/3152.rds,8,869375bf5f491cbc82c1a20b47c4e38522cd5f73a0783abe8165e4d72f27753f,232
raw,3153,raw/3153.rds,23,72bc1114830a8a7e6f9877c8a8e09cb2f417be833fe94bb945d62731abcd861c,277
raw,3154,raw/3154.rds,3,04f39fb53efddd43ad824c422962caaf3bbceae8787e3a4e50dd498e0dcc5f4f,217
raw,3155,raw/3155.rds,7974,216dc2d5fb8c01a4034c6a2dfff0dffade3be4f0d3b3a6548af9703a07b0f23f,5720
raw,3156,raw/3156.rds,1862,e4e165faaeff45d1d97dee4e423e16e89addffe341486dede38bf3aac523a748,2511
raw,3157,raw/3157.rds,126,57f917a49dccd5ee3e7986bbf4a0cdf0ade2af2ee433cb54a86b21b06fd8e44d,407
raw,3158,raw/3158.rds,2,d2471be83d6cffd77692445cafdf49bc824b587fb7609d22dee23e2c99e80cd4,214
raw,3159,raw/3159.rds,142,ddf5fb403c8d151e656a3342e33b5bd65bf9297fa2dfdc63fd6e4aaf917755da,514
raw,3160,raw/3160.rds,2,628a1e18c89f506e1e9697b0e669e74e5baaa9ab41f238d69e30e20ec790e7c6,214
raw,3161,raw/3161.rds,70182,84dae2577c6b004df2a46c766c8953b14a4f96067c3e6dbff4af557894725d8d,46729
raw,3162,raw/3162.rds,2,0e664b04a833320716760d6aa9dbc7c7b00485c20012053589881c421ac149c6,218
raw,3163,raw/3163.rds,12,a84bca9f749a829c993557016255920afa20d477cd06625795322789104d7ff7,258
raw,3164,raw/3164.rds,59,abc299bb55fe2fa8c07cc1f03bc86c07ff30e3d04964c74a9dcfa87a0cc51599,355
raw,3165,raw/3165.rds,14,b6ef53215796f7e7fc3b0971817b79955f71fea20e3011223f474482f932c6b4,271
raw,3166,raw/3166.rds,7237,2c8daa91bcb8bf98d61f05c01b9876b4dbeca30fd7872a9ae0f6dc09779b7e14,7436
raw,3167,raw/3167.rds,1,979171cb6fa99f56d23ace137134aba5621b24593759c9a4a92039cd1af726a6,209
raw,3168,raw/3168.rds,55,4eb032d7a531cac4545dbb95cc0fea83694267fc1224ea2dad0f4225bcbd124d,361
raw,3169,raw/3169.rds,26,47c89db36559f3682c5e087a4757d23093fb7d78a8e6c0bcc634db3cb2315387,294
raw,3170,raw/3170.rds,8,eaec271eead099d83879c02daa6dd34e3e8097453fdfa4e1cb3ee674d465a2e7,232
raw,3171,raw/3171.rds,37,5b518665f971b37542ced137c43a538c7f4850a94b61e2183cdc588bafe74a1c,302
raw,3172,raw/3172.rds,65,2e84aff91ae271583c4fa1f9912ab0f6f816a97f2e2db803109b0d70b9783938,347
raw,3173,raw/3173.rds,1,cec7cb2c41627a943bc9f8c2bf51615144c64cffd2676eee1aaa8dc00cd1f974,210
raw,3174,raw/3174.rds,247,4262a2f6ef83b3c7e4d5f5874a0ebb5142f46bf695bc215a5f1add0654efb7f8,519
raw,3175,raw/3175.rds,88,c38434e449e29e62fd8d7da0dd76a7b465c79523f1b665307ee0b5ba019b7201,375
raw,3176,raw/3176.rds,21,12cf1e4898dfbd7961250efc74557d4644c5fc61eec66e22a5bc6755e3222fde,294
raw,3177,raw/3177.rds,813,c7cf076a1ad03fad45afa8966186269b3169fb2ba0973c032e03b7cde4c09b00,1296
raw,3178,raw/3178.rds,24,df72cab63eca4bbed06f72a98ece6545b680785ddac38d14df9648c8dc1cbafa,281
raw,3179,raw/3179.rds,5396,1147d62646fd18d5ee9668a9164a4ef451bc5d9775bdcee9b0ab43ef86f53930,3830
raw,3180,raw/3180.rds,1,dc5fd2d969a53eadf9a5122e68a35b5b720d57e6bb1fa9219101a764c4be4960,210
raw,3181,raw/3181.rds,1565,f2975d101f6e54b1a6d36d049b3d06555de1ff1359090ac1b184baf4ea75e2f4,2006
raw,3182,raw/3182.rds,10,9f2c6cb61056e988ecb9ea3938a2c9407b66cf7d0b0793af5477291dcd360a99,252
raw,3183,raw/3183.rds,7,f1c358ece004f0b908707a8ec1c7191ddbc2b3956e7589bb34dbc45444b4e879,246
raw,3184,raw/3184.rds,472,2f426a105e00ecc2fa39bf14cb11336e1e6409f6860c88099c045b4c16f69d38,667
raw,3185,raw/3185.rds,2,53c58a90a85b9cac9043b947ad975b72b4a21cc09de7f9fd6e5566f8fe5d2022,211
raw,3186,raw/3186.rds,112,c3ffacb8a3c0a8b723889511f19ced80684ca9683fbbb37ebdb9d6bc2b961897,472
raw,3187,raw/3187.rds,16469,1c9900f94fadd252abe1eb22fa15a495f7bb35ee1a539c431959ece1023d55f2,21080
raw,3188,raw/3188.rds,11,dab8b5bc064a1777508e68b9df3f6f6a3639a731c9586b4f4d13a36f65dc4b03,256
raw,3189,raw/3189.rds,23,3a78a1b53ac7878b9f5c3079e8173f0aca942aa793ab4a1fe18762c96edd30ab,275
raw,3190,raw/3190.rds,32,6969827bb1230017302496591f850576673933eaf3c21e1ca3cf5606b7225a58,316
raw,3191,raw/3191.rds,25,93717ec5faeb65f66aa45f3b94c32872f2fd1529fedbfe4a50e64fba4548efec,281
raw,3192,raw/3192.rds,16,bc89ac5aa46d30667b1945216e78071f3f295c8c8bfed6a351e7de96b6e21bb3,260
raw,3193,raw/3193.rds,1483,2454b7d0a0dc8d4e6799d495a3873efaa991532bf01f3b555369f99003bfdf98,1983
raw,3194,raw/3194.rds,176,b4d666afe840c8419ad60afc042ba1c5e2322015aac9be084e8a4205b043ef7c,546
raw,3195,raw/3195.rds,49,48c5e6bc6187ba247dd47df2d3547b745badf3781f05f9bb1c5b1244ad54d763,311
raw,3196,raw/3196.rds,0,adadc686412c8a32c45fc2489b7ee54f6faaaf976b3b04409ca638c0bcd353b3,193
raw,3197,raw/3197.rds,42,d3aa8cccd8e71024f35ee6f65690e3b198b9a7417ac583613b3ada1910c85f21,331
raw,3198,raw/3198.rds,307,377fb5e4f459d3b645dcb556602adbe84fd9a62a13e6798aba79f344a07d0b1b,779
raw,3199,raw/3199.rds,354,74242d9e76c2aee0953f742661bee62c4f0e86abface6fbc0103b707309b7fbc,645
raw,3200,raw/3200.rds,19,a4ac82312b64e30b89945c8eb5f5b23266505323fa1864ef239a09be24d75b71,247
raw,3201,raw/3201.rds,27,e7e49faaa4a21f8e9cd038855775971946b8dacb0257bf0bcd40242bc8da57e4,284
raw,3202,raw/3202.rds,2,43d225e2c55c470e46b030c60da4e667741bd59155068bac5a4582b14c724385,215
raw,3203,raw/3203.rds,2,06bdf1b2c78b1dd4a17e9b749c18b221c4e33071fd488f13f9c90110c7402ad0,218
raw,3204,raw/3204.rds,1,23d7587dbf4354058117f29332f9d76f0026d7689c1b8dd75518507bac515f31,210
raw,3205,raw/3205.rds,38,5ea116c9bff339b78a3de41b8b2af3962f259803818586a4b2af4859299e0ae0,323
raw,3206,raw/3206.rds,4,f30666ffee353eae8853d8ddc62b30b7da7c96df68d827046958889534667199,231
raw,3207,raw/3207.rds,163,f7b87d619c4e29b2a4e28f6aca37374e480b6ed80c086df8dffb9f2453124a2c,458
raw,3208,raw/3208.rds,19,8117b3b60f3179f5088f81900be870dafa7aa2d04b103065bca41c7b7f528ba4,261
raw,3209,raw/3209.rds,77,a47a7826c0bdb18567b9c9fd8b27e5645860138a9472f171d1f81d756c95bdc3,351
raw,3210,raw/3210.rds,3,267e35beac9c56306c7fc273a25467342e0d4766265d73b5546410c834a5293b,223
raw,3211,raw/3211.rds,3,c249d5e8f975dce4318efb3448ed8e2d6848abeba4b2652206f26e515bfa07bd,221
raw,3212,raw/3212.rds,300,47df66d14619faefed76f3c5ad9d6edd7051250a8da12c274e2f51c9263919e2,638
raw,3213,raw/3213.rds,233,0472ae07bdae0dc257dbb32bbfbf1c0218da0f0457b2af2062466f4ff8ea38b4,433
raw,3214,raw/3214.rds,27,787241691ebf3fdeca0ca6e142c15a899a916a037a74c93690214b45a98ee386,301
raw,3215,raw/3215.rds,1,1c8d093323d8aac37963c0854d2b867b786b86ef92060bba9c8601ca2ddcdcc5,207
raw,3216,raw/3216.rds,0,adadc686412c8a32c45fc2489b7ee54f6faaaf976b3b04409ca638c0bcd353b3,193
raw,3217,raw/3217.rds,120,45053e508658f523f84d50fe828b4ad63f95333ce9ae03aa0b7a4b8662623351,353
raw,3218,raw/3218.rds,7,93f02ed7d14e116b7da030bc0563836cf4d1a5666ac33f34f35380d7b7eb123d,232
raw,3219,raw/3219.rds,61,c32f99e43c9de74eae89b3a06ce7400655d16d29bfd1e3583704c4e9a4c5f145,338
raw,3220,raw/3220.rds,84,6b6333c1b03684d4af6ba1114c0b5477ea7ce283648f5ac1f7d91445c475f131,358
raw,3221,raw/3221.rds,1,408b7d63c60f3093a0f1cc70900c440fd87aaf88941c6d56c97f12a6f8a90f3b,208
raw,3222,raw/3222.rds,174,7be7cb971bff21a589f9597ada904d1e568f2e25f353012494630d5ece6e02d0,470
raw,3223,raw/3223.rds,92,d02e71f1d37078db5c823342dcf0e4912027eca369d3f32393b7c5fe6e4d30bf,396
raw,3224,raw/3224.rds,271,86737af65ee918c3315532dd2da6a523889d68ad76b24f4a37b73719bfe250a2,596
raw,3225,raw/3225.rds,6,113abb3f91645329aa8f8c8b6348266f268067b7d1065ce110fafeaa13f877d0,241
raw,3226,raw/3226.rds,3,6b62bc12dd10f5db4cd1f6cffd4269b101048e7205cec7eb849422cec12d6715,219
raw,3227,raw/3227.rds,294,7cd979c0ad0b2f9403576787886047c67b6bb039b1e373a1cf52c299bcc89772,619
raw,3228,raw/3228.rds,37,106ee4312e4246e961d6fad525d90cac4fd671979077654ec10dee86059f4796,312
raw,3229,raw/3229.rds,97,e138ae2347101453d4de346e560275305e8bba728d522427494cc5cb35066396,448
raw,3230,raw/3230.rds,39,0c227fa3029e2cf157eedd134f0dea9ceb8a85f4119b3662fc7515831fd4735f,313
raw,3231,raw/3231.rds,48,1c54af86c779fabf906ff5d3366a29b5d835b438625af1b96d4b09b984a23ecd,326
raw,3232,raw/3232.rds,300,61ec51f5e8aee14044a6f6f7fb3b2b5de4cdca477f27ade9fba2529dd3affd4f,678
raw,3233,raw/3233.rds,4,cdc013503416d625579a72a2ede9ac939752c705cf73c25439c254fe04deb2e3,226
raw,3234,raw/3234.rds,722,933c6fe978f8205be894bcc31ce9f4d69be12e73051b66890f0f920d6814470e,990
raw,3235,raw/3235.rds,249,e757e137908596c014a30db6b65177411ab618fb43ceab2e91bedb113e244073,530
raw,3236,raw/3236.rds,13,5d3c605b7d1934b79eedf64ee97a08a053759b8a3ad55cb6b75c03def6503fe1,256
raw,3237,raw/3237.rds,2,628a1e18c89f506e1e9697b0e669e74e5baaa9ab41f238d69e30e20ec790e7c6,214
raw,3238,raw/3238.rds,132,d8e6e7b8dbae50cae8a40ee8ac296824605043c0b5f7111566a1c332f9e208ab,440
raw,3239,raw/3239.rds,31,5d9b00b7357e88ede22e77e9805d6f4dda3554f6e0465b42dde9ad84c292e3f4,311
raw,3240,raw/3240.rds,78,8eb8733522e249b865fecca513d0fe5d2b609e3f5e634940b8975873007fc1f4,342
raw,3241,raw/3241.rds,317,6ed88c40e726a7d346ce1d05d307037269cc2b7da891f6f1abba22780d924f93,594
raw,3242,raw/3242.rds,10,0017765348c88106f52bf1ace0fe9d08fd080b64ddc59e0f22a8c72d50c3061a,241
raw,3243,raw/3243.rds,135,142fc139846a054a6b252beb86b4fd2df23f0de3176a7418f26bee33b90bada4,441
raw,3244,raw/3244.rds,105,f75cbc99aae7f7aedd6e6f29e5a4ac682865466ede7bef6133aa8d3e4f95f43a,404
raw,3245,raw/3245.rds,72,cba90dcc860b314cfe37a94417efb98eb74e40d31af04631bc97a1f3506bfdcc,446
raw,3246,raw/3246.rds,165,b416bd8ba95cfe7a05dc624fe9bf1da4a3f070457bea4f5fc1217946c2eaeb6d,423
raw,3247,raw/3247.rds,118,8665c6c4d74cefdd78e3fd66b11165c7ce7c6cdb461d62fae092dd2b8cf55ebc,428
raw,3248,raw/3248.rds,7,9361a006fff74edb0df3f5d3b234acd43c32e5e0cf6339608c94120fd74a40ce,243
raw,3249,raw/3249.rds,298,2d84ffafa1a32e6ababae132572414d229193cace871dabdcef3bf34180e5cae,624
raw,3250,raw/3250.rds,78,905ed31f02d55e40a6bcb93c5a6c1ee1d4a28310511e29eabe736cb3253a657b,371
raw,3251,raw/3251.rds,427,3b39ff9a167ab35d10af3f27642df3ddade6d32e7f05023990989df2043669c8,587
raw,3252,raw/3252.rds,7,2eb919c76f800b50becb34e742e8480c396f2f723e37846d65abacb434d5844d,242
raw,3253,raw/3253.rds,10,88a1d026f19b573da26129e4d9cd1e7196a9aab54877f621f7b92f8183717d7b,249
raw,3254,raw/3254.rds,34,149a28361c0bc08140cdd4aac69da2b426eb29c27d238a0d39bb5f57ebc306de,305
raw,3255,raw/3255.rds,1,1c8d093323d8aac37963c0854d2b867b786b86ef92060bba9c8601ca2ddcdcc5,207
raw,3256,raw/3256.rds,4,307204c4bdbbf2c8bfdb1446ce1396bafd9a3968a5c783ad928a95cf2c0be7eb,222
raw,3257,raw/3257.rds,6,ffe2b7542927ea031e33c7851478ef1ee7101f5e6e10d2c2dc26ae2882d7ca82,229
raw,3258,raw/3258.rds,17,6e0a9d1ca456f2d3fabadf6687138a471097d83b3641b00eeebd3ff9ed0d7b1e,261
raw,3259,raw/3259.rds,7,43ee921705587ae8918c1b0cc82cd51c4f613c869c9961c7cdcf7af7bdd866f2,249
raw,3260,raw/3260.rds,46,f92170e0fab0e640f214737c52e5a03c49f288490fdd5b17bc24381874d61ac6,340
raw,3261,raw/3261.rds,5,9efd457ddbf4c1bb7d58638369172aded4dfe77e2d04e86d37cd6c8ed261ec88,225
raw,3262,raw/3262.rds,5,9efd457ddbf4c1bb7d58638369172aded4dfe77e2d04e86d37cd6c8ed261ec88,225
raw,3263,raw/3263.rds,7,3a216694f287db9b6c9eae49d035584d43f9a6bc0d7c425869359198aa2588b3,250
raw,3264,raw/3264.rds,22,97aa7a0e2fe44f91cc70df1a5e6aff77c48d372150f14b3edd642b73b9f8c18e,270
raw,3265,raw/3265.rds,14,3573eefe0450dd0577ceaf8f310784952fbe1247ef266ea5e46207645a440c52,276
raw,3266,raw/3266.rds,697,068c349be1c15bd735738ceeb2304021d6015b61a86b3af8eb6cd6caf83bb653,1232
raw,3267,raw/3267.rds,167,a17ebcf964ab37d2d8a599edd11ff5310c1a97ba084b875d5581562aae772b4a,489
raw,3268,raw/3268.rds,83,662f3e4fede48335910e786c927dfdde05dd18ceff90e56b42046701ce4c1bef,365
raw,3269,raw/3269.rds,565,f0925506db9b5aeeba69e4e504f224271f71f968d1c8507d0311cb167e66f6d2,852
raw,3270,raw/3270.rds,1938,1a1b5b8ee4449bc2d4d8cf3fd3b0531c8ec5c96ba200c164782236960626e0bf,1897
raw,3271,raw/3271.rds,665,25a00df134c54522a86176cb1a640760cd627dc7cc90f2da828efd37f97b1ca9,1208
raw,3272,raw/3272.rds,29075,7fef5fb3992eb75faeaa8077e4d5ba40401aa410f759add19b220e6b9ff44339,22840
raw,3273,raw/3273.rds,24240,eb9a9f58ee6259d0729c199082ad87e0c65366bbb8fdd2fc1d0ddf93365e764a,20886
raw,3274,raw/3274.rds,1,6081a0e7d25d224b79f00fcfddd56183848f744193a8f8d7e83b9c78a81300d4,208
raw,3275,raw/3275.rds,58,6818b3533f473e079d0e23e54b084291a6dcb46a262a9043fa56699499aea389,329
raw,3276,raw/3276.rds,56,238718edbf6b4974275ebf8714fa57eccb384bd9966aba3f887eda22025c5158,318
raw,3277,raw/3277.rds,19320,206ee5847722ade1762d5f6b6ff814465462e2246bfb918e6d0db8e99da44060,12538
raw,3278,raw/3278.rds,6961,903c8483def41f386aa1f5dd826ab998abedc3bfa55134e5c6a8cdd72dadca46,9271
raw,3279,raw/3279.rds,3782,a037b19b1971fd491a1f8aa66289893148bfad543ce614e562751ae288296e71,2862
raw,3280,raw/3280.rds,158,490e0bcba4447e78d9f15c0a9c9f43d60298812d22dfaffc07c63143200a6bc7,400
raw,3281,raw/3281.rds,4,bcfa13cfcc2f9c1009f3de57c20bab4c8943c2db37c0829b3fe8b1fd715759ee,221
raw,3282,raw/3282.rds,62,e69e50a307311deb39bf2a4caf0c0d250423bd2887dcd4649e3140fce43be2e7,337
raw,3283,raw/3283.rds,1603,801520406b35727351a10ba80519a7af79ec2b716cb332b5ecc0c1c1662f699b,1603
raw,3284,raw/3284.rds,3,d5ab894d5c839c68d295f84c87f83d7619b7fd571377d5448b5b5719532b9e9e,218
raw,3285,raw/3285.rds,80,6fdf5d81b36d019d912bc6029d6cd1eb617b794ffb071202eb0cf4eb6c1dc7b1,403
raw,3286,raw/3286.rds,22,bcc980dfd984ca14397da2f6e46686e0363d22bb42075ee9cd67c73fd8ffda88,294
raw,3287,raw/3287.rds,2887,69c1538f838cbc63e6c8003a689d8538eb0e073a82952249d1a54d57f2bb3e0e,4863
raw,3288,raw/3288.rds,1,1fb66608a0a3849e3cd30eeb2ded51c11bc505f8c23eeb208e1b09b7ec8b41a2,210
raw,3289,raw/3289.rds,6,4ace83b6b7830aab6d8251c94402e0dc995e100b2778052f55e310881a656487,229
raw,3290,raw/3290.rds,2,628a1e18c89f506e1e9697b0e669e74e5baaa9ab41f238d69e30e20ec790e7c6,214
raw,3291,raw/3291.rds,12,b49fb1d4ea55cbdb4cf3771c0ab820095777bb4f86726e560ebbbcfbfbd3220c,246
raw,3292,raw/3292.rds,176304,a6837d7d522a1c0d5a8eee29445fd784d460c9d802e5446d29f6ba60b36d6f7f,77673
raw,3293,raw/3293.rds,17,ad850d7fc0ff3cb8abdb0915e18a3fea23040214fdc8b522b7d868d722274d46,275
raw,3294,raw/3294.rds,84,aa0f6fc7ad69bc6f5e9f40cceb32a73751fb1fb51be7306dedb3a6739dd6a1f3,382
raw,3295,raw/3295.rds,121,fd0b9c5644f5c98d85ddc6077a6efe27f3078192435c97de3d779dbb9064a2e6,503
raw,3296,raw/3296.rds,102,bef5e76cd5f1009b566ea84d16ca501c9e3d5360dcbde5a86d49787351b50045,499
raw,3297,raw/3297.rds,1,2063153bed294dd9f7d25967fb2fd5644585d6fb80e9cc39e9edf5edc648b799,210
raw,3298,raw/3298.rds,7,625aa4f72b6e5405d97139d98cfdd83b004bcc215bb34a6a623ae5a009ce0299,245
raw,3299,raw/3299.rds,248,e981438ee1403dc2bba8b2477026cd2ab3c487761e57dddec7c7a1bbca0fb950,425
raw,3300,raw/3300.rds,8,e152c6e8823df71d727efadd2df599d24d2df47494a3f6081886a8d6eba6dcb1,232
raw,3301,raw/3301.rds,26,27ffef9b24b4d743ab455b5e1d1d99f1df1f94c6a3a0f85c54743802d453bf9c,299
raw,3302,raw/3302.rds,30,40f4a54a6b5d8a73eeb29c6d1aab28187fb83ed598d740de8f1ca9f77920fc8a,287
raw,3303,raw/3303.rds,1400,fa55ae66cea85cd08bbaf78b974465e5602ff445c480be55ce97f517de0366db,2143
raw,3304,raw/3304.rds,409,dfd3b51b158b9433d9f7e7def89b3abde32d0f1bfde591275564dbafaebb8983,944
raw,3305,raw/3305.rds,2,16b3f20f2c24b457020fe5e9ceacde31590d073927c230591efcaf1565d0ff2e,218
raw,3306,raw/3306.rds,86,bdfa686a834f4711377d6ecb43e1112817ec3d06ccbe699f45988c0fbd1348b1,413
raw,3307,raw/3307.rds,12,53e56900708b751f122013985a5daf5569a7b24535804510c4932e2ff9d75bd7,252
raw,3308,raw/3308.rds,2,14775ecab4885a0c4c804ca4e414e695543ae56bbab5e4c88f5f79676d34b3cd,218
raw,3309,raw/3309.rds,65,d14b43ca30c7dd13785871ab1eac6929986ec6366d339f72aab2bd43296281e1,320
raw,3310,raw/3310.rds,7,eee0ff27770cff7c411e053857001883b1677986cf5f5d63d36417e4f07f25f3,235
raw,3311,raw/3311.rds,38,059d029e96e82e8a09f37327e393095955dea1910bebd58569a44041e94bb500,302
raw,3312,raw/3312.rds,92,1513aeb94f71e1bc7a7c40a70f48186c696895460adab289a1cb2834197e9dc3,332
raw,3313,raw/3313.rds,23,d2eca0655c8126e54250621dc34440eb0ce4643b6225c2d074d08f6a6d4fa1cb,279
raw,3314,raw/3314.rds,141,e89c4e952333e5d6007e1428a21b02e2b4e7f4a0bc2a21021f10bb07b93ddd13,471
raw,3315,raw/3315.rds,12,e85293fccbb5c6f8665988b2bc13cdcd37be0dfefcd99d949e1f543a99cbc6f1,262
raw,3316,raw/3316.rds,21949,f07fb092809c750ae3fd66d87d4d3478e9ecaa81b49d01d760b69bdeb1c31ef5,20683
raw,3317,raw/3317.rds,12,60718c73f58e6fc110a2b3b669c6ba9dd612c741806bfe184de36232a062fb11,260
raw,3318,raw/3318.rds,8,001aa250ee8e5c6df53a63bd76795b06a1fa81b8aa17204f7477a638167dca01,245
raw,3319,raw/3319.rds,1,aee70ff180e78475667404e1dcbeeca20049e34e5844cd7073aa5793f4453815,210
raw,3320,raw/3320.rds,3,b9cae96627161e2564adcd0e2c842e22bbdbee4a61adefd84a1f04ab5846e4ff,224
raw,3321,raw/3321.rds,6,62b9924106ef23c914f89de21b25862a7a9e8dfb5e0a85112cef7425636893d3,226
raw,3322,raw/3322.rds,549,3e09a9c3911fc8602f248dc45626b5eaade6b4d3d1cf84975c4d88ef28f12f32,816
raw,3323,raw/3323.rds,2,e17be5777dc2e5459f251d19c952fb8e924b99123c62e8a27c2e81099b79ff1f,216
raw,3324,raw/3324.rds,161,d1c76caadc585150ca18e8d35f2afb504b7515d4b3acbc38b7067a102bd1af63,362
raw,3325,raw/3325.rds,28,c8dfeb59dd37536c8c0bde4c253261e73b73cb3d223580106f0c8a3109937c6f,311
raw,3326,raw/3326.rds,11,a8c5b796d5558fa08fc175243b133bb17dd17a3859b7d109c978c8d226c2225e,242
raw,3327,raw/3327.rds,11,3b489f24e1a1093df1b5672a3482f659a074411915c90aa504122f750a0d80f8,245
raw,3328,raw/3328.rds,759,b44b025be2e7b1fbcc4306040b8af0c1ca1d8781d2c860eb7ad50349c2bb07a7,1098
raw,3329,raw/3329.rds,11,0f3011db73727ecab56fd6beba441efc038a3f13b7483e61191f24d2f0a54820,245
raw,3330,raw/3330.rds,1,06668e7af049ca7bf517e5bf0dacca64da6447ab2320d655302917ca6397e1dd,208
raw,3331,raw/3331.rds,60,87dbe2199e96c092983d4aa214496718b033b5afe3c8c9bcec634a5b55b5000b,359
raw,3332,raw/3332.rds,9,bb21667020414ab62699bbad85e46a2b4bfe685ac72ba3fbda6f384737b3a0f0,232
raw,3333,raw/3333.rds,809,7e97f12eb1c553fa9cf0269df4a54b47f7c7789ba0821c54a3b8b2f26331246f,1061
raw,3334,raw/3334.rds,5,774134e28435fa03d5ffb87da076284bf2f9b3ae60857f344824187c792982c2,235
raw,3335,raw/3335.rds,3,b8eac4140c45a17faabe3cc661119b0822839de03f209c64a956d5d682075abc,218
raw,3336,raw/3336.rds,108,25d7fa752e9e3456021e28e247d3f078d7f67a57751475597cc4b97cbab0b4b8,354
raw,3337,raw/3337.rds,18,46dcf847b8e734dc3f511d4fe57376d0f13372cfb7c4a1163e3839f212116494,266
raw,3338,raw/3338.rds,36,b9d56d52fe4d389cc8b17302936e28435bacf708a47886142a92158c5b41d45d,318
raw,3339,raw/3339.rds,298,11a17cc8bee16a507326da794d45cd0a7ec3bf71c9e70967bc81b13f332cd846,633
raw,3340,raw/3340.rds,30,0973966d7e706a91ba908a52ab82d005f56be0cec0e2d63c5c4a4dd847200e85,309
raw,3341,raw/3341.rds,60,4562416f4ef8157626065c5a558a92e6023d9e6398b60b8e67fc7400a6415ae6,339
raw,3342,raw/3342.rds,65,47941bfcac4e087f11690318b4fd05c90285d019042e16d49379836d54559705,334
raw,3343,raw/3343.rds,5,97110d1f8f62dce9868a0cc5789ebf630c0451c787458ed6bc53034445c8b090,231
raw,3344,raw/3344.rds,178,bb6c6aefe4d9163ecf8b5d1a5005f746dcdbddce871b70fa77b8f03d7a256241,509
raw,3345,raw/3345.rds,211,9e58d171342286127cbc59ad56943826841ba05d77a29a30b7bbb93824b1ca2d,541
raw,3346,raw/3346.rds,36,dd55c5e47379183b417376779de128d0762aeb1a53bf3a467038fedc4a506a59,313
raw,3347,raw/3347.rds,6,f7931a34ea269030e49789fa7be341f2ae05dfa36b0b96e0ee9dbd2510d5520f,246
raw,3348,raw/3348.rds,189,47496d05928297fd8439d9f8d903ad77d1b6722d3908fad56c351dbc524873ae,430
raw,3349,raw/3349.rds,14,2d73b69505e2e5bf2d580295f7195701cfa2155956abad1b5e9daa88d7b42ce1,260
raw,3350,raw/3350.rds,7,e2496e8e752b89f6e7d48f7fa1fc73fa8f543eef184f4173264258b726c6c06f,242
raw,3351,raw/3351.rds,373,6b2ca64ff1bcc138d5e78a2dc6fe8202dfb2e2dd42f629e4315a5943a7c22ba9,737
raw,3352,raw/3352.rds,217,d438a6b3f02df991bdfa9c8f91be7bbd7ef165d81cb70d55b63444e5bb24e750,553
raw,3353,raw/3353.rds,10,5fe1fdc451ff439556acd4ea05524569f133f07f688bd8c36a10729236e53617,244
raw,3354,raw/3354.rds,88,f9f42d6d010d88db8d090b42e1378c49461bc67f3b29739afa1cda1770e35a29,344
raw,3355,raw/3355.rds,93,f041f4184c521efa70ce3c36cdd4c5b6512938890f9457803d757964aa85dd12,376
raw,3356,raw/3356.rds,8,5a6f0d335471426f48ffaa0ab81aeb204d398901f6dd4375d4ecd846f5e3ca5f,237
raw,3357,raw/3357.rds,109,d1c72e2b5bf714f8e1b8117ffb12255b8d3e68a9800582a61655f1d17e322329,376
raw,3358,raw/3358.rds,1,6049a2673fbc2fd2bb6214920e8c1c4386f3e946312261018d63c00fa7ac6d03,210
raw,3359,raw/3359.rds,57,436e353e10dfdc9bbfbb92cb9ea7122414da7da14f20c511771f176e1de74523,359
raw,3360,raw/3360.rds,13,a1bc1da2db669f8c9ef25a270d0413963d678ae96368c4cf89859ea0dff93bd5,250
raw,3361,raw/3361.rds,18,77c1abc5b2e94e64d77df89223584b861c92dff669d81dbc78284dc591aa8d46,258
raw,3362,raw/3362.rds,44,ff7f74b3f5414c9f79b5cacf7877e1b55e31d70be0a8b347731cd5db0ebb2f63,332
raw,3363,raw/3363.rds,8,43efbe518b8f6994b37aba158982015486cbbe9b1fcc1f368631bccc22319478,237
raw,3364,raw/3364.rds,35,4772cb79813d3df223c2fe7438f505e40de26caacb9070f5aefc945f643c6907,284
raw,3365,raw/3365.rds,1,cec7cb2c41627a943bc9f8c2bf51615144c64cffd2676eee1aaa8dc00cd1f974,210
raw,3366,raw/3366.rds,310,45526cd2b053b7d1617d73489f3d4fcfd2a0dde197fa89ba4a5108f0748a7700,641
raw,3367,raw/3367.rds,223,9e8c31bdb833de1c20c407e8b08dd0e5876b5f9f9cad792f85c2bee4493a5c72,622
raw,3368,raw/3368.rds,447,af789a90926645be6e59d3fe4cc8f4e544ef2664e425ddf72f42d3eb9a77d14a,704
raw,3369,raw/3369.rds,84,143c81b2f2732958b54d4e7d130da41d8f9c52cb875a5c6923ffdaa73ecce96d,356
raw,3370,raw/3370.rds,43,07136bd565ed879606cc8f0c53bee780c5dc80f70473c1eb40eea0c2a5de8ce0,313
raw,3371,raw/3371.rds,59,41bef32cf97adbecb66c983bd02275221991abe6d787ff98a987d891bd6de07f,345
raw,3372,raw/3372.rds,200,45b0d162a6f519233dc8c903c25d3b6a66694097e906886fe04ae55a8921f7f0,543
raw,3373,raw/3373.rds,63,95888f128d4af1abe2e089f6ffa22c0c7c377847b36ab50666e13fa394af947a,340
raw,3374,raw/3374.rds,45,0a7bf860a0bb70ce6edad4de6a0fda34877f63fd88a469663ff8393991c2faae,337
raw,3375,raw/3375.rds,1,bd39482ab43ea81292c658621c01674b5e8e25e1f55c1a217ccd9a0bd7cf3c96,208
raw,3376,raw/3376.rds,5,f9e36ab82242500ea2025b55ab4725e2ca08dee5cd371e433b3af1863cb46194,233
raw,3377,raw/3377.rds,7,2771301e708f54cc3c139aec0295c4f1d076980c7950b2cbfa850df7ecc163a5,246
raw,3378,raw/3378.rds,53,74c8cf07ea1f3cfa8557b921392918ecafee6d7bbd18ff200074f66d9bcbfc31,363
raw,3379,raw/3379.rds,26,92c2854e6a7fde05535693b78a1fb76ec8e6f7a9f9c8beae91f734dd97812d2d,295
raw,3380,raw/3380.rds,12,999811a1f4e7ae90b505e20b5e1e99fad48609427f303b12c1466dfb1385df54,252
raw,3381,raw/3381.rds,6,3e23acffdbd34ff28d14ab0ad764f774cfb9a5e1da3cef37ba43b9aadc920325,228
raw,3382,raw/3382.rds,3,4d36eb31000fc55c08b88dd0970ca77808c1c0342fc6844a11bb67f16c9edd3d,221
raw,3383,raw/3383.rds,260,60fcea3b2594c85e44c2c383f115c764587ac40415c8da6041fc16e5d0d88bff,422
raw,3384,raw/3384.rds,8,6d994950748f7f1619dd8226bb1b575d6e8eb0944068c710985cc77d8ac89cd5,244
raw,3385,raw/3385.rds,1,895ed0ad4d1682b8e633a9b321beea2838cbab6756424f01110fe3e3d915373f,209
raw,3386,raw/3386.rds,220,3857f1a5be62b294f7dc4cfe648c2db4f6f33730807aaf4afb06a3b1ffa61f37,487
raw,3387,raw/3387.rds,1305,a8d94501955dd59c2e9373e11e082ea429cbb63250222d37d6a4746a23bf2fde,1172
raw,3388,raw/3388.rds,53,6dbb33407cb6b5a99381b98c209ba396eed27fbc065848b5159864320892619c,327
raw,3389,raw/3389.rds,20,ba9806612fad77b9785c9223b84b1e62edd986a51c3a9f36188d8489f6591590,275
raw,3390,raw/3390.rds,661,788491b0fdb7af673f4aea3984ae0535a2939c2b63bba81079937f16a8b425d8,1215
raw,3391,raw/3391.rds,5,16de01cb9473d3bdb2d768889859ad1a7bd2427278c166c5e9ad24c255e2b7eb,225
raw,3392,raw/3392.rds,2,fc4fb11fcf9f63ccf4297d53a4907686219e63957a553f0c0d626a2c0d194aa2,214
raw,3393,raw/3393.rds,28,5df1fd93676d6d225436c01f40b6e28cedaad07a28508957a8c2bdb80e56ef62,292
raw,3394,raw/3394.rds,22,de38c2f4f18368be05519e22100ba76c5dcf5873ea10d9d129c81cd34d69ac56,279
raw,3395,raw/3395.rds,3,f525b1030dca7efd0c215fd3554bd2ea310235572a244852075e9233eba3d87e,221
raw,3396,raw/3396.rds,32451,3c2c5a638b75b22f00b37ded74f599207abc6f689e103ff1e561e326bf552634,30120
raw,3397,raw/3397.rds,73,d75d9a0d9653caae26c3d144428ba4006c1ab0ca9cdbdb1fae257ee2e3dc6c20,357
raw,3398,raw/3398.rds,52,1c61fabc5a61979579b5260dea3c10463c172d5720290b5e5b31278412b61158,357
raw,3399,raw/3399.rds,35280,b177137f2ac528769b5cc819fde6289a5fe33cefbe0bcde39509218e0073872f,21784
raw,3400,raw/3400.rds,0,adadc686412c8a32c45fc2489b7ee54f6faaaf976b3b04409ca638c0bcd353b3,193
raw,3401,raw/3401.rds,8,0b54bf37a81bf969a1dd23be98bb32fdf23bb65eee108f67136cede90bebfeb2,240
raw,3402,raw/3402.rds,12,4de05a4d80e0e3e4ea0b0fd4315170bb6d2fe4a49c8cc6bbb89a37c3fd725759,253
raw,3403,raw/3403.rds,75,e77521c67972d65162db361319ad922054cf1dbeeb668621a04cb3062759679c,388
raw,3404,raw/3404.rds,263,33c9f4ec91a5092d29de4a1bce17121dba980b883bfb36dd43d728496f8d95fb,556
raw,3405,raw/3405.rds,104,04c1e25b95ffcc183fb89d26bacc643e48ac3ee2fea231e8289b9f26c4858804,423
raw,3406,raw/3406.rds,4126,ed92f3d800da8ab29c621832572abfa7d0fd0e161208c18daf50af43cda0ddee,4789
raw,3407,raw/3407.rds,1805,7a178747af6d4b31e38b557d3e94426ce4c3b1c39db4c4f352d54c205898a0e5,3105
raw,3408,raw/3408.rds,3,8d461f438ce5189f3a0a4ea378cf3fa2570a458f10e2c18213c148412288fa16,225
raw,3409,raw/3409.rds,2,628a1e18c89f506e1e9697b0e669e74e5baaa9ab41f238d69e30e20ec790e7c6,214
raw,3410,raw/3410.rds,1697,7b12495a1ba547b1f9beba08fde2bf1f6d075b0130ee35b2d9abd8e331479f9d,1693
raw,3411,raw/3411.rds,2,75d48ef41cde44994e7fb8949409ea1f75e68a9c0ad88741b006808cd3c237b3,214
raw,3412,raw/3412.rds,2,628a1e18c89f506e1e9697b0e669e74e5baaa9ab41f238d69e30e20ec790e7c6,214
raw,3413,raw/3413.rds,3,9d728f0d1ba4f138a9c546cebd2cfdf56bc970363e34914a8c2b909db1a62e5d,223
raw,3414,raw/3414.rds,249,3babe96e283d3e1a23ccb4614c0121b78531bc92a3c496dfe8bd748956311ac1,545
raw,3415,raw/3415.rds,258,952402de85ab1eac1a0d06d46e7361ed15aae1aa5a25d3b3db7fdfd5f8a42a42,507
raw,3416,raw/3416.rds,28204,ce0176eef86dd82a007296c767588e85ee434030dba0059f684f267ab6a76703,16221
raw,3417,raw/3417.rds,12,ccb99f54c1c59ffc3ced066f82180e1f273c88901ba9f595a562824a29232e3a,256
raw,3418,raw/3418.rds,195,64db7b9f021ba291ebc1e531ea8492dad33ab04f5427132847190ac709884ce8,419
raw,3419,raw/3419.rds,1,a00d579f3bd0569a210e4b172f4672a8aa5366b09e4b22f4ce5b4e63d1bfadcf,208
raw,3420,raw/3420.rds,15,0e0cacfd3a26da62b53394fb4e82ee8e0534f2b1a71bfb8ee66e47fc7753ea0e,257
raw,3421,raw/3421.rds,1501,73bc6040c966c31b97105bd36cbfde28f8ab8de3ffb5b629765c1699ae5420cb,2089
raw,3422,raw/3422.rds,6,8e74b0d4c4c090408a450a292e796f3e119e9e13f9dcad96794883060f3969ab,237
raw,3423,raw/3423.rds,103,9567cafa8f3aa7a0396e69b6f54a138bb07c26b94da4cc73593c609e2ee42806,416
raw,3424,raw/3424.rds,32,96680f538b04e57fa6090eb1069b28b8e384255a18dd8652045bb535d4df3659,289
raw,3425,raw/3425.rds,1,3842ff91987b12f9435d93b2f2963ec5eb7c8e000cb32a779d5bf0c4c4dc36b1,209
raw,3426,raw/3426.rds,51,f1a0fc9e489a209679a2bc506e4a17ccd54f63d3f1c99b93a486dab6944998f4,348
raw,3427,raw/3427.rds,283,43dc26367d17eed437d55f9b043e2d62659e74eac5a3a46f73acd7750502737f,658
raw,3428,raw/3428.rds,1,1c8d093323d8aac37963c0854d2b867b786b86ef92060bba9c8601ca2ddcdcc5,207
raw,3429,raw/3429.rds,429,2fcf7fd04b50d658ddb31979a31b7595308b68a5a778c7912edfe248c0b59d85,750
raw,3430,raw/3430.rds,55,503dab46381c0f88ac87cfee016705cd64807366d18046e8676f206532dba8c6,325
raw,3431,raw/3431.rds,2,d6187f78488c9644c73b4b929ebe7d2faa300f27a0242618e60e67d7cdeff7f3,219
raw,3432,raw/3432.rds,5,71162a1ebcc2f8ba9eab93092cc8517ad0705f2e4f8de034d433f0822a5c628c,225
raw,3433,raw/3433.rds,68,5d742e2433a5802ce4d5fe260f229067460fc3a9de829c86de0f0087235e2f34,340
raw,3434,raw/3434.rds,141,de3a35d18bc9ac5e8c01df193bca5e29efe0072e3186201041e2bb1aa74ada62,454
raw,3435,raw/3435.rds,90,bcc23ef74764d1c0de59261babfc507858a7f1b22788a3dd15e77ba890cda3ca,334
raw,3436,raw/3436.rds,1,1c8d093323d8aac37963c0854d2b867b786b86ef92060bba9c8601ca2ddcdcc5,207
raw,3437,raw/3437.rds,45,3b2f1d721c6f50e133e182c7593a62e6e7808f40f3e8e8449c8a7a9f18080228,304
raw,3438,raw/3438.rds,654,bb7302e65ff4ec990fc3fbb59934a618d9834ef44f9a966d9130a43c297aa4f6,889
raw,3439,raw/3439.rds,121,85edc59a6097c15f84f012331503d5f216dc5f12cc17ee73a012658f43929dd3,418
raw,3440,raw/3440.rds,96,aa658ccb8ad742dc773d65e2de96b3602714b5be8cf51a433e823e8302f0b36d,403
raw,3441,raw/3441.rds,545,7c43a087325071182ce6776d461a93c6d27ed238ee369c4459c2adf059cbde0a,855
raw,3442,raw/3442.rds,1,2b7d957c1a85e2a5fb524eac5863e8bbaf088737d0c0680f08e5192b01b3c4a0,209
raw,3443,raw/3443.rds,421,fa8c6605c61c459795af934c4355124e5d7b90af005cf22425429edd94021ae5,693
raw,3444,raw/3444.rds,1,b15a01a91ec010d56b9d5101a752aee23f5a0294f6d9aa46985b7874210f14ea,207
raw,3445,raw/3445.rds,109,269661cb7b84ee9c5190d0cb6e16bd5414effc3d4042905f74bffe71820c4663,404
raw,3446,raw/3446.rds,237,bdc48545d9a46e8bb853c23f3be9979e3237c4570dda6cd166f8582306f96a35,614
raw,3447,raw/3447.rds,19,0356cb42f015a3361cc7981a2576fbafd8c46fcfc0398a8d4417f1d93d2bb891,258
raw,3448,raw/3448.rds,2,56702901399f70d35920be0be42abc21631f8f5974e72aa96ee4bf5b150c18f0,218
raw,3449,raw/3449.rds,10,6cc2f9614b8284f1ff6861eab0e185717b072d931bd02efcf5bba3be4cba2af9,253
raw,3450,raw/3450.rds,539,874f52d34e78a286043f0c31cf727ea4ccd4091150d9794bd4aaa78d2ba1e5be,919
raw,3451,raw/3451.rds,2,e3f831a9ba8179e9aaa74e80ffecf44a6cfddb24db287828154853a7c388665a,214
raw,3452,raw/3452.rds,9,0cb962ec456abf2cfde4c7a57e40ac2bffb7fc0805ed7cd69617fa3b04b96767,233
raw,3453,raw/3453.rds,251,0b0c4343546389741ab662ddf40a6dbecd22509fcf57572239b8be05a5fdca4a,516
raw,3454,raw/3454.rds,18,6f72f6eec6594fc90c3c44b250a415355983155e44da987b8ee1120f0cfedb0f,275
raw,3455,raw/3455.rds,2,ccaec222f6c88e08196e9bd4e20f6fa2c39fe8c48fa6fac4af72fcdecd930515,216
raw,3456,raw/3456.rds,51,ea0401ed092b35edec6e4597f25bc9eb6cbb27bb47d62b3c0a9a396425f5244e,356
raw,3457,raw/3457.rds,47,1f256a1ea03ee3b63361c6c3c2d5d53a20064225d976dfe6b8417538293e87bc,322
raw,3458,raw/3458.rds,3,af315396288aa7a5f19bef41da6756901fd86520b6c323077f9959b59acdef70,219
raw,3459,raw/3459.rds,126,c877cb7659823298d05423b7e6960cc42f93049b41fb11e56b5f81c83303fd96,358
raw,3460,raw/3460.rds,3,ac00a4cbb07a8fc7f2466d9aee516a59397084185ece20834102ca1c2632c42c,226
raw,3461,raw/3461.rds,8,e36692d7a95aed70b17736cdf0c126ef39bf4a3aba71793906fba0b1915a5437,243
raw,3462,raw/3462.rds,1,1c8d093323d8aac37963c0854d2b867b786b86ef92060bba9c8601ca2ddcdcc5,207
raw,3463,raw/3463.rds,237,fb98486ecbe10947467383a7932732a00d098ab22682ce656351ba96777bb07e,558
raw,3464,raw/3464.rds,6,54e16d083b880f5205ab52ec122dc6c0405bff096fd127990aa8eebf46bcdf60,236
raw,3465,raw/3465.rds,113,d743e8b7e04d14ae24f769fdd7dba0b59383187ba3c06d25178813c9b966acde,396
raw,3466,raw/3466.rds,13,dfc970ced790a6f9f12188219cd67a06a999811a6062776ed3d81fb4444cf6a6,246
raw,3467,raw/3467.rds,420,18049ea35858d86a75d9ed5c5dae49cc083bed669c0bde8535ba9e40b192f6fd,694
raw,3468,raw/3468.rds,8,76015b359fdb73e93ef8ddad584568f34c913d850d2fbb0ebf41887303b3caec,250
raw,3469,raw/3469.rds,459,9155ffe07a0ac4d0cf4767c0712662f927641e17978e585ec4b8a10e2bb45d7a,881
raw,3470,raw/3470.rds,44,b012b2518ca9c8df9ef3cad957d39ef2608bf38dec70eb6d66f99cdf8f7adefd,344
raw,3471,raw/3471.rds,6,5007091cdc722243aa0afb433868b3e1d0fdf6c00171cf754ab34cbf3060ad41,229
raw,3472,raw/3472.rds,16,dcdbe00caebfb7c9952e80fbc1de8b9c99986e38b88ac67db6b751c238798032,259
raw,3473,raw/3473.rds,104,499e62895e38a052bbdf661566fd9aa877dbceae346ece20330c9df7394e2f55,460
raw,3474,raw/3474.rds,30,74a16cd946d640392b43b0b3259113946e4006ac7fa70e501fb81d62455d6cc1,284
raw,3475,raw/3475.rds,58,12c7b3a2cd34cc66c1262a035046bcc13273dc6736c88daae1e77f2109c3eebf,337
raw,3476,raw/3476.rds,26,1218a7e36305c596ee6d0ad0d0bb5de18f1cc088bd413d9f06ef156368a83e96,297
raw,3477,raw/3477.rds,93,451e59c6bdb4f866cab2c553bcde35ecdf9e56a58f3523c3ca53732eb48a64f3,401
raw,3478,raw/3478.rds,2,d0fc7e805ee43be6d4238d42cb7b22f87595afe2adf1830e877a0d475ec7854c,216
raw,3479,raw/3479.rds,1,08be0c1d441f83415dc5f145d31044f9729a8a02dc15bf3e5c14d7a42e651468,209
raw,3480,raw/3480.rds,227,6f9733c1c357280aab84f774a0183d0e7612e1771f7711cd42c3d037f45dfae2,593
raw,3481,raw/3481.rds,6,206aff2d013edabcf1d9b114fb427a08822e79af64c448e41eed8d6a3bec6487,233
raw,3482,raw/3482.rds,4,b82f6fa1b566362a5fc89010c2d486fae0b20c32da61239bd2db300db15a0b79,220
raw,3483,raw/3483.rds,155,e01893a52c2cca022237c202eb154f8fe1ff47160a07601a7d78c0c389edf443,466
raw,3484,raw/3484.rds,34,ca9540b772055bd1fe3c9c8ea85d5f6825fce70bdc932744710c55ca2482ad71,318
raw,3485,raw/3485.rds,7,08f989ed6a9811ea87034f3b4d05fa154b1b7a6e05640426dc37922a514b34c6,242
raw,3486,raw/3486.rds,5,9c52705756102cd445b014c3457897b6bdb47e834239340f3cc4a167d05ffc02,233
raw,3487,raw/3487.rds,1,cec7cb2c41627a943bc9f8c2bf51615144c64cffd2676eee1aaa8dc00cd1f974,210
raw,3488,raw/3488.rds,10,0d09fc0c1f15874bea7a2b9e29a26eafeb18ed0716c6f261b32eeca953484c6a,246
raw,3489,raw/3489.rds,157,f002c2c28f062df1933db8fff42fec7f7fc435db7f6fd9ac999a73ad753d57c5,586
raw,3490,raw/3490.rds,24,9ca55ba92f489764dd2ea662186af27c0ca622f2f3156853ef041150f60884ad,280
raw,3491,raw/3491.rds,1,b6cb232401de5bcf4b6e45e77adb4bae37cdfb070962d24b78513385f4b8f551,210
raw,3492,raw/3492.rds,28,5f531d64d764eee5846cd678fcc475b9618d794f7cccc0f64a4eaf56b2b0848c,288
raw,3493,raw/3493.rds,279,f9fb25f21fbadddd596cbb47705e4c9ba157cb40d9deba0ed29b7aef461b0b2f,623
raw,3494,raw/3494.rds,56,0414bca1af68ad412c5f0a4e90e276015edb600b877881bd45879ef9215a2794,335
raw,3495,raw/3495.rds,2,b0969fcc6763eff65cd90b2bc6f89046fdf95b2d682f5d317fa49c5bc96c3b5b,214
raw,3496,raw/3496.rds,30,b9339fde694ff97437e029694da8c86b0e1dcf60dd3b2cfac9abc6eeeb542aee,293
raw,3497,raw/3497.rds,70,e252ccb47542734d417cf8696c81b14ed16ca44cba7746398682680a4f9e7a1a,375
raw,3498,raw/3498.rds,30860,1322b70225e23feabd20121d3fb07b2548418d2fa48d7f20fe7dbbb2fa602379,20728
raw,3499,raw/3499.rds,195,b8fbf289b6fcb947c03039dc76dc1857816ad39e7494704bd0503445145ef51e,515
raw,3500,raw/3500.rds,1,b58758d92a2ee5799d222d5cf39bc045255d93d04a46031cf122f8bfa2bff315,207
raw,3501,raw/3501.rds,180,d866a3fdafdcc02218bbd9374bd798b8610974b239560d968c3630ec440d5a38,564
raw,3502,raw/3502.rds,150,a90165adcc980ce63a719c703a620946ec3865473fd134726741808ca49a3764,415
raw,3503,raw/3503.rds,1,cf66f319f56d2a36b961966874dcf30d2e3d41c9fc37ccb4b264862940a6b002,209
raw,3504,raw/3504.rds,42,b70fe24d46a4ecc0c735ffb01d09ee2ef14a91754f9cdf948383c25895e63240,297
raw,3505,raw/3505.rds,13258,bb99358adb58da8befc389a98e9fbb64bfb6400e9c4b4a7ff5608557f6ecae10,8603
raw,3506,raw/3506.rds,2292,56d24b3543e5949cb7b9e89e02607486039a1d7a2f515101c695ac5357aa493d,1882
raw,3507,raw/3507.rds,15,29fa83faae439d60dca52277cd977245fc95cf333388fb6bbbc5ec3cd16dfe3f,253
raw,3508,raw/3508.rds,29,0a4f75d98a8d4e6c6a13d6b849764409540206c24aead88db9f8d94cdb6012d3,286
raw,3509,raw/3509.rds,15553,bbcdb3bfcd98b6ee3b65bfc1502876e97ed74ff9d62e458f18d83144a02bbb8e,16670
raw,3510,raw/3510.rds,25262,04b5313021d0bdc73d6ff65edb054a5a4ff8a34b97a87be7680bbd667889f7d0,20329
raw,3511,raw/3511.rds,2,3e1219f2cbc77f750e51ab0cd855901383029023f642e95a22ec8abf06127a41,217
raw,3512,raw/3512.rds,2600,73cf6e1a69d533c9cf477aca5bd316cc6dbfaef8807af1a0527c7285d142b72d,3730
raw,3513,raw/3513.rds,190,01df208647ad91c45e03439180be10c4a766c76202eadbce27d2da498120af14,559
raw,3514,raw/3514.rds,1,c9a3b9f167ee0cdfec1a5a75089a7904e49ab8141532c7328275f4cbc6c50e1f,210
raw,3515,raw/3515.rds,1,73732c361251f991e520e25a01e3893f6c73fb35d2b03e060dfb59e0aa5b7449,209
raw,3516,raw/3516.rds,18,6826171d11bd35bec9ef733677585ddcf5b52c2dae69f3d407f4be91aa39ac44,267
raw,3517,raw/3517.rds,1693,369a6303785af50131f11c9de36b8e30f9b5c0cc4d642f5f9c4ad495c10cf86e,2541
raw,3518,raw/3518.rds,14,970ee8ddb8528fe32e54b3136fe9e5bf491778010fe18901a33146cabab3fd15,252
raw,3519,raw/3519.rds,36,376fa50be10e53899e7d8ec7cde9cd099ea5832765bfa62b470b6d57167542bb,300
raw,3520,raw/3520.rds,71,c78e0cf8af34ccb2881edf34bb4a275e7d950ec9cd09e9ccd9059513e93a6f00,389
raw,3521,raw/3521.rds,68955,cf35c823abcd68919d4bf24d2239888f86128c52c6ef8bef6a72ac9ecdd619b3,41160
raw,3522,raw/3522.rds,107,8dbf4fcd22cad68c92ec2cc3ccf7485108c04ac22a2d36ebf06c35793fc9622c,414
raw,3523,raw/3523.rds,6,419fe9bcb83ba2c9f6ee7c9268ba7245f5328a89c8c411bb601211f7c5725f3d,227
raw,3524,raw/3524.rds,4,d55e65e14f84777636fa1e124761188694b060837447b6ab66a497bab28f3fc1,218
raw,3525,raw/3525.rds,93,7a12047952cfc6cfaf861d519191ba0024db318ad790cbc1289cdda120b03fa7,376
raw,3526,raw/3526.rds,2,a4719d8e258a4623249c2ec2f1b084f690e8f540c696460fca8ea4f6193ce9b3,214
raw,3527,raw/3527.rds,1,1c8d093323d8aac37963c0854d2b867b786b86ef92060bba9c8601ca2ddcdcc5,207
raw,3528,raw/3528.rds,3,49b1ff491e7a57e2c1739abc38a4b2e47cc3b81460b15d8e66bdea1bee8f2abb,226
raw,3529,raw/3529.rds,115,76aeb499f5ac609f0acc09d94a8ce28f5695221bfe09334cb2bdcf1431e28d67,424
raw,3530,raw/3530.rds,4,9b02d6790618678cb4e6839fead2032427b8fa6d2c28e42da23c3fa88b5aa8df,223
raw,3531,raw/3531.rds,25,86316990818bef81e2361e22260f2abbdd1b9a9c2d7e3e7a3cf92b1aeb20e81e,269
raw,3532,raw/3532.rds,4,7ff478cf76e3b73cedfa37c3b7c2f9868d2e32d5099c5348b95fe2c5fc0e8622,227
raw,3533,raw/3533.rds,5,f2abe83f7f44686232702574f73cd1a383b6d8b56df82901f5785e79246b58a4,229
raw,3534,raw/3534.rds,90,7143bd989d1adc81aa69e73404dca9b0435d76730e72adcf3e4dffa5faa8c23b,346
raw,3535,raw/3535.rds,122,13030fbd6a5988293be76f2d2ddb5f5bdc00111d071fe00d23eed0ad50ab7505,422
raw,3536,raw/3536.rds,40,77314985d6e84f8fb09b2e85eaf63ade3038f6f2d45b5aad4ee1b87c7481d0e6,325
raw,3537,raw/3537.rds,2,42088b2b22dfc884ad43122f02a2cc7f6d166b5880454094bbf9e67691db4d3f,212
raw,3538,raw/3538.rds,2,4126492c6f203463e2854eb9c378b1ef3feb158f2f3d96fc582f8c20c7934be8,221
raw,3539,raw/3539.rds,35,80dc4acc4b782988aad7d71d5d0e58dbeb60dd581911bbc49571d8987259a15d,285
raw,3540,raw/3540.rds,59,7cfeab0e1fd5c6929a34f3a891d1cfbad98b9ef25298851a082027d06253ee45,338
raw,3541,raw/3541.rds,1,cec7cb2c41627a943bc9f8c2bf51615144c64cffd2676eee1aaa8dc00cd1f974,210
raw,3542,raw/3542.rds,110,f600c31b2331b6a7dea611ecc343da6d6f53f89234f3971466a809d9042477dc,367
raw,3543,raw/3543.rds,10,b5cf3d7eb97bc0a152ccc0d6e0dbf1468d76ebabd2b2e73b1c2ca7d2add7f786,247
raw,3544,raw/3544.rds,10,3f017049cc130f1c6586c73dd9edc2941ac9889d7d250e34adb7872853e760fc,249
raw,3545,raw/3545.rds,120,3d0a4dc3e616549ec8bc53645c2f417e531e4cb175c9d39c1ba8cfd186fc002c,408
raw,3546,raw/3546.rds,300,9b61f6b694ec2585fafb1bccabf8bfe679ac693947d8b861fa88d6a6018f1940,646
raw,3547,raw/3547.rds,1,c851758e3d905acdaccf97821bc94efa73708551fbca75e01d0788110f46e25f,210
raw,3548,raw/3548.rds,52,69fc0f014c32952d313021312160eafedfff88d78c113b5a95af002ec6183253,343
raw,3549,raw/3549.rds,176,7cea8c9b2714a25602d82507fcf033ef4018abd87910c0da7aba47c5dc7b6d02,439
raw,3550,raw/3550.rds,6,8b61193215ba441b3b3f2b6dc79a82e490be921a378743869bfb96dc2088b221,241
raw,3551,raw/3551.rds,16,6dcb0bb3ea23ddce46fd0eee750aceb90e385edb10f1d03cfff1f1daba627c5b,260
raw,3552,raw/3552.rds,35,5f6e4aaf7bbb17d5d4cde2ac3c307353962189154ef2fdcd84f31099b128e300,308
raw,3553,raw/3553.rds,19,0f7da855148940119d214c65d6803c13e793f92a1ab2bb62462031de6be3e3c7,260
raw,3554,raw/3554.rds,144,7c5fa39f56c2ab4f48655596b1e042885fc9c6ae146f51996052c3fb62665bb0,492
raw,3555,raw/3555.rds,1,ffc68629efe02a4641005a4661c67b742d6edf52b1e40e675c8ac22a982957f8,209
raw,3556,raw/3556.rds,195,167ec28ff7041bf1f8b3d851327b6ec2183566d75378bca2e9e021eb3bfcf91e,540
raw,3557,raw/3557.rds,1,49b165242d590fad516aba519e116aa9d16bb104ffb458b3abf58db2c73ea4df,209
raw,3558,raw/3558.rds,8210,ee002493e7ec0a1ca464bf428ef2fd0f74aded93021258eeb0a2f0ba57e385ab,9966
raw,3559,raw/3559.rds,5901,e896953efaea219512882bcbedab46dac7d96b79a6f783cb93e7a818ac48d134,4731
raw,3560,raw/3560.rds,629,a04781b7818fcf15359ddfa7acd077daedeccd618f49f90909c216933ad8ff64,923
raw,3561,raw/3561.rds,2,4c4f06f6abd277928651d95d1a88231ef6fff02ea603f2f8b8556e4ad6991075,216
raw,3562,raw/3562.rds,349,3a69d70255615d4de0c1bd2e7308c0e1afadeab239e8b0a0fb9fce1b2042783e,710
raw,3563,raw/3563.rds,1212,a97ecd3e65dd88ca38c4d861c5c1ea3312c1f3154ec2cafab5b7833965f697a6,1663
raw,3564,raw/3564.rds,796,f315193e6d6a84be3ddd184b2b84d73eb18c878ad22b0645ff4018c9027421f6,1583
raw,3565,raw/3565.rds,2,faebe917d86d71b71ab4bb6fec070b1e6156b2e21e5e3a359f6b14d5a27e2dea,220
raw,3566,raw/3566.rds,449,91114d90848841d11add9292af13bfe4853d02016a689f17a36a52bb3c3cfbf8,695
raw,3567,raw/3567.rds,142,682ed11b3c5ae1fa7fd5a43f12de5f6ed381720ee369271e75d6f61ac36aa2ad,412
raw,3568,raw/3568.rds,1,83f175c271bae1bc5c722963e3896de943ff34728372f85479b8b83670f66b2a,208
raw,3569,raw/3569.rds,79,df26209038bd8638daa3e89e00f2d47ba79766f8fc25fef8c18910e6f8f3aaeb,349
raw,3570,raw/3570.rds,191,db4016d9ec23dc11d3acea7232c63cb5b2de98ce4f66c8d65675ac4f7d64e33e,565
raw,3571,raw/3571.rds,1,22880c97df71973fae345ec3de052f9e82d0223c86d54b604b580ae3c2322418,209
raw,3572,raw/3572.rds,8,d21e6fb1f6bb2f6fed1138a95a9e07dc7100306c47d4f5932f59f742491f7edd,240
raw,3573,raw/3573.rds,2,9ff48c3c77ac21b91e6f9c203f780e340f50e2209598ebca271abea193d8f3b5,215
raw,3574,raw/3574.rds,13,802fc54b392d559bbbff558f80c305107d0a68664b071fd26184dd3d52aa0382,254
raw,3575,raw/3575.rds,256,d73fe12c95c4de7b7d37745b3f90648ad21b39aaf7ce8812c4e716c1a458a01d,548
raw,3576,raw/3576.rds,2,a7f1b4ee76eadc86c56534378cb63b04aacb1c7fd1bd3ea1b203aba5f04eb4bf,214
raw,3577,raw/3577.rds,1,648f505948cb1053e8afafe3b82dba2be851defaeb5e4788dfdd0c2bc150db66,208
raw,3578,raw/3578.rds,55,2feb4612334256c146966d521965b742e775b346083a9be622fb3e2905601eca,351
raw,3579,raw/3579.rds,42,f81aa148afea1d91bf7de2c6fef4a3fea8913768ebfcf45af3df04d0750589dd,336
raw,3580,raw/3580.rds,1,6107df308f7153d4dcf9bf6d6c3610eb9a19bd606a614052627c5b6fb4ba2c0c,210
raw,3581,raw/3581.rds,140,256f79da4bcfe1673ac57198b916b56d45e51cff1fa64b3b199dd5879f6b08d5,472
raw,3582,raw/3582.rds,23,5b61aec53b61cdefec8b365dd278da81a8444b6409af82d49e8815bcca629860,265
raw,3583,raw/3583.rds,119,c49f13a6e5d9632856aba1531f6e50f9c58e89ce9f3b3caac3e2127edbdc6325,463
raw,3584,raw/3584.rds,41,849cac828cdeb0d7f29281f65bcaca7d4eefcd55758c64e593fcf6b115cd6c24,294
raw,3585,raw/3585.rds,2,aba722ae07df5dfb8ed7016a7b60d0661a00bb732c5786c0856e93a79082cb18,220
raw,3586,raw/3586.rds,10,dae4a655353c194f16948df0c7db662db9a6c01f51425c82ffadad30b6f01b98,235
raw,3587,raw/3587.rds,83,208ff2f0db8cb9c0063fa902e8945612d261f951344af2f9332380ff22ad4b97,376
raw,3588,raw/3588.rds,9,fde75bd7699822378962bb4ae9e91d85cf78f07a5d193ffb932cb1c737071c79,240
raw,3589,raw/3589.rds,3,e8434a17679807cab9a6463d2a7e304a5bd7c593067dfb6753cf31a158572128,225
raw,3590,raw/3590.rds,75,9f13af361db6168566066295a212e297ba4c9762fa5144e16a66e54b5ad6e1be,347
raw,3591,raw/3591.rds,272,a8dd73e0953bd247186e773d28ea2a58a63a2b9682b09cf8d2b4c8eeed2a6d2c,515
raw,3592,raw/3592.rds,56,4bca970f2b7e4eaf549208b990690f4b8bd6a77b58bf61b682ddf86a51f2af40,312
raw,3593,raw/3593.rds,103,6d417261084f65f1dbed614eddfaa02f6a3d96641a01c6516c2bbf60f8e94b11,386
raw,3594,raw/3594.rds,3,8477b6550371da307563e48bb76006f5cf328ba081773bf49f7174eb61ce1242,218
raw,3595,raw/3595.rds,20194,aa03940e16b953d9614773423634cf00845c098e5783f0cff093bf6874d79b1d,16574
raw,3596,raw/3596.rds,10899,ce0375f90e7ded9ea18fc7a20994a7082385b7c012d9eacd6d3e94091ae219c5,8142
raw,3597,raw/3597.rds,17,ef59cf4c3fc168b108646661dfc54c276779be9eaaf6bd2922bd703f126afe28,264
raw,3598,raw/3598.rds,68936,fca0be615d76f27adb86d0d14a16eb0db5f97a3f3370e166a34788e8df578bd4,49589
raw,3599,raw/3599.rds,3879,4f9db496abe5706fa7944149dff3a76cd914efe5a6962276291b9cf308a19484,3290
raw,3600,raw/3600.rds,59,c9b46c441eb51ded40cfbd20b584dd60994d32f7651b5b4a4a6aa1f22455482f,327
raw,3601,raw/3601.rds,2,c1a1e6a8ca6e2a7cadbbcd8e10181e89ea2510ea875583d3bb879e6da475a6fd,217
raw,3602,raw/3602.rds,10928,98ec8668d661ff80409a441c55ee5a651471e5004956531a8209cd939aea5c06,6733
raw,3603,raw/3603.rds,186,dcb2f0b7eff5d7e6e7ab1ae8af765d6dad37b390ccdeb532ceaa89757bb01812,565
raw,3604,raw/3604.rds,0,adadc686412c8a32c45fc2489b7ee54f6faaaf976b3b04409ca638c0bcd353b3,193
raw,3605,raw/3605.rds,96,3ae23a6c0542d9e0554bee52b9df328bc7d7bc7b4421320d7f194207ee3b1de7,408
raw,3606,raw/3606.rds,31,9a693402b13e845a79b359e89d314a31aba5e184b8ee190237c68ad72583c03a,261
raw,3607,raw/3607.rds,15,bde6a1a7dfb0200d796965ea3859dad6dca238e5aeee805d626c2fd32d824266,262
raw,3608,raw/3608.rds,27,047bac341fcb60521e856eaf29ef5cefad21aabd7d012a64daf678c58c51b542,279
raw,3609,raw/3609.rds,641,b0d43b92638fd921980ac2f7e0f95c41e804db3ea08603a7a3f03b1e7aec8a87,886
raw,3610,raw/3610.rds,3,ee826d98e73115680fc15c8cd6acc3dc29be645ac488e61077ad0f0dd0eddd6c,217
raw,3611,raw/3611.rds,3,dc5ae23409d02604ea0a7597fa6eec2576f1dff55eac4aae678161ee5fba15e1,220
raw,3612,raw/3612.rds,2631,52e9fbdab60ff2cada1d846480468556546885a85f5c50426b3f9e23d4d619e7,2683
raw,3613,raw/3613.rds,838,b6a1aaed0eaa41a8eb93fadf1737ff213fed03289281646f6acdc54e7a105392,1036
raw,3614,raw/3614.rds,14,a1a994f231b6493b9b35f4fdc155e222d6f17bb63522db43e4094f024d54d6e4,254
raw,3615,raw/3615.rds,777,69fdc0f6d37ad5d7ee9bd0380e0d39acdf22c83acbd1d6ddbe7456501fbf5496,1164
raw,3616,raw/3616.rds,1,218f0aa57dcbaee0f47a058ced672e2cacf2b0cb4366ebf4d3511eaee1a52c9b,210
raw,3617,raw/3617.rds,1,173e3209dbcff74c4652ce2ea25e7f27502fdace65e7e210a31e29fe977db114,210
raw,3618,raw/3618.rds,635,805770c3f25e182383aacbedc3cc8f00b56b3138c1061ab394808512ed46493a,907
raw,3619,raw/3619.rds,1,218f0aa57dcbaee0f47a058ced672e2cacf2b0cb4366ebf4d3511eaee1a52c9b,210
raw,3620,raw/3620.rds,2,cbe821f0bd89c27e605439f4bace8c731c705e4e432114a3bafdf9bd0260e529,218
raw,3621,raw/3621.rds,336,d551e152491636900ceba43d1c6fe3026adb5f018028d5c18d0cfe9853fc4588,716
raw,3622,raw/3622.rds,8904,95f33da4c0ce5d3eccc552ffde2302114e3d115dee9d1d60daaf975272655ae5,8583
raw,3623,raw/3623.rds,12,6e2d9041de0aa16d26ce534d4701f37ae75a498291b3d6f0f2a6abbefe521211,251
raw,3624,raw/3624.rds,49,7ae63f9f4e2541ca8c3c57416b1530e64d3f5da13271d6b6dee18165c0ef19ea,314
raw,3625,raw/3625.rds,372,0440798f42008c7452c1a3dd2d109d7d15b74cee8207e4053df3ba9a66de3fab,926
raw,3626,raw/3626.rds,419,c2a0c57571995f40f534b848b3fa97f3eba929a08b2408a105d7fd51df81c464,685
raw,3627,raw/3627.rds,4,c0bd171b309289b00a6877dd0150159a8a1022cb8ad124cc417d23d2081c66d5,225
raw,3628,raw/3628.rds,13,23cbe538f60f2b381920605c641ab32a469cd7e4e5ea89b168d8149c81cda579,244
raw,3629,raw/3629.rds,59,dc0059569505f40afacb21a4d58a4cc8d7ba6fce269191a9663ccca3c534441c,421
raw,3630,raw/3630.rds,53,ba1daa428194aff4561f89b891e427270980369a89b851ee69a25f1242d57ca7,322
raw,3631,raw/3631.rds,114712,b119c66e640adca839d2b4def742ee9ab758bf589ab7abc2fbe49a649cc3a0cd,45803
raw,3632,raw/3632.rds,42,e7b5d2cdc936f7fe60113006832787b200f34588f55ce763cad9e327e2e575d3,303
raw,3633,raw/3633.rds,3,aeb637e4300244a618fcbdded70881c95f88526c5420f8195d193f563474ee74,225
raw,3634,raw/3634.rds,13378,f9f4b788334e3b40348ebfa0535905eb47fbb660c722a8680c02a0aa80f7d7a3,12562
raw,3635,raw/3635.rds,18,b3d79cb0afdf2c2390a8ac272f809c46db9f5027d02b46ad206c10ec01a5f808,284
raw,3636,raw/3636.rds,431,3062ea7bf56b47aa7fef8e502e11da3066220d9e0b5a4e80aea505b1d0b234fe,1057
raw,3637,raw/3637.rds,96119,88db9b6b17da201f8ee572db8335090488b8b3048045ab1ed1f03dbffd12de37,64998
raw,3638,raw/3638.rds,11,344566ffeaf22363ef19405db5c78a960303278dcd1f9482465110a4804b5f97,275
raw,3639,raw/3639.rds,38,05b177084e8935b1ae0223802bc30a368401eb384eee2ea3be945851c34111a4,321
raw,3640,raw/3640.rds,19,30ad07554e9413c43d921db5ea3f9fb81c40b547162807557df2f44bffa1ca1c,268
raw,3641,raw/3641.rds,64,b8d5cf391dccf185da0dee59f1bb2d8d0c14198d01539d8dcf1820043eabca5f,312
raw,3642,raw/3642.rds,182,67028da0ade776b3afecc934e63f364cf000fe9c7718b1df8fab8748c65d4582,538
raw,3643,raw/3643.rds,1,142741bd6d272d396192fdd83ef2f8b8c13f206145a1883ea7d5432ada25a751,209
raw,3644,raw/3644.rds,199,a21a633b84fc28267594838abb3307df4ed81568639cdf2b4f6ba621d62d8d8d,533
raw,3645,raw/3645.rds,54,712fcd125bec5cd1a1460092ca621b6e212b0481c47af3a0f1afa845a43a7dbe,345
raw,3646,raw/3646.rds,1,09bfe428604d83afcc8bf9164eab06e20f7253ac8bf48f900fd73d162217a341,208
raw,3647,raw/3647.rds,81,dff312997b8c6340207755fd4067de51ad25ab7347e7bb9dba76473ec69e1f90,363
raw,3648,raw/3648.rds,234,195fa6581890f07ad8070157f60226dea50f48a2f85b476e1fbf8e76725f18d9,499
raw,3649,raw/3649.rds,10,c7dc3aad7b3a5e7ff8ce8cdcd7ed4e1b613ec4310470657ed789c9d6cb4b0293,253
raw,3650,raw/3650.rds,77,49ef2b3c424f154aca24ab1809b9f4fbc5ac360a77ea4453c4cc3bbeecd76900,352
raw,3651,raw/3651.rds,12,b68602811c30481ed2df0280a6f15be4cc81ebc37d466ce45e90a6a41b1b4f74,254
raw,3652,raw/3652.rds,110,8f79acd16d9dd31e9fb15d8b1418942c16792c24b9f502e854594b86c4d24d3c,441
raw,3653,raw/3653.rds,7,2db18d8bf72558a65408b1f04e3225691769fb5f0a7edd725e39e6091d60e376,235
raw,3654,raw/3654.rds,22,a7236c6ff2e0315be920118c2b4ad721c2287e279ecf06e5f7da2198d7bbcacf,283
raw,3655,raw/3655.rds,43,93ed516cfe023c5702cd09893f82cdc229f7df46d2b0062393d39fb0cb75bf7b,304
raw,3656,raw/3656.rds,68,507f54813b8f50569165e20833e358a4e70cf1853c4fa7a9049d98ade4d51148,342
raw,3657,raw/3657.rds,44,2f76251af89920a50cafced08baebca39fa9c3d1a2d821e69237189e5d4fdfab,330
raw,3658,raw/3658.rds,2,628a1e18c89f506e1e9697b0e669e74e5baaa9ab41f238d69e30e20ec790e7c6,214
raw,3659,raw/3659.rds,38,5c38b0687ce7c57a6a67daa27e3e7f54bd75b04b06083b73dbc60ae0ac940c7c,304
raw,3660,raw/3660.rds,6,437d8b56ef23b62beaafb55ba9cb9cb21d0d7e179ffb2a33a90c8ad4548aab41,229
raw,3661,raw/3661.rds,4,7eb4eb81bf56b501490f4a014c76ee9236aedd18129c47deb402504cf2c944aa,221
raw,3662,raw/3662.rds,13121,8d56a06dc502651275761d356eae0f830e661c9dc3a2724a39c2880c58cbb02c,12091
raw,3663,raw/3663.rds,24,1103a0ff13287f1beae9c41c0b8973da2072e08aa98e6727bd0287afbe4b67cd,282
raw,3664,raw/3664.rds,47,53352e685f16b8116b497c453c2e2ac4c26bff912f8e23f855e7c5ca8d47bf64,339
raw,3665,raw/3665.rds,50,59b82632e2acdf137e5050615ba7019737ba515b07288568ec3c75a41d57fbdc,330
raw,3666,raw/3666.rds,4,0b33c6033e27d7f35a890bff3f57a31b45eb9e0671b2aa0d7b1a3bf2f3e73418,229
raw,3667,raw/3667.rds,4,2cb41a5b7bf9afabc2d5e0aaf731b85d999abcbe382b117d267a051225db879e,224
raw,3668,raw/3668.rds,216,8115077db903eda7b894a119e781a84357806d0cf5cc5e98afd659b64102d941,463
raw,3669,raw/3669.rds,11,f049af7752e0a5e57a96f929e22aa80f73da2a576409fd0e19699c9d633a5c1d,247
raw,3670,raw/3670.rds,576,f91804c3789597549859f476ccade182ec0b19a6bdc0992214940d31c014f68f,1097
raw,3671,raw/3671.rds,2,a4719d8e258a4623249c2ec2f1b084f690e8f540c696460fca8ea4f6193ce9b3,214
raw,3672,raw/3672.rds,16800,cd150e71941bd2daa3669be70920c509386d8e64543cb63666740a57c510c48f,12436
raw,3673,raw/3673.rds,10,60cc0a20c9aa160269e91c882529bf4a760c6fa754ee36b18f74bab1fa76c02c,238
raw,3674,raw/3674.rds,17,bdd2ddadb176a8724f886d6404074fbef7ca4e9d72776b8468dd16eb81661c7f,268
raw,3675,raw/3675.rds,37,2ac2bef538d4499150bc3caae2f6da1324a11199db7fab8611916d43d8f97022,302
raw,3676,raw/3676.rds,69,8ba94de30ef102e501036c36a04a10b7887714b06c20b732f3de406d0da4ef06,376
raw,3677,raw/3677.rds,58,102172c585755024bdb457c309732f62008276844bc47f12fd4a0d12663dff58,341
raw,3678,raw/3678.rds,27,140ae1e498c61cda101bfa9d5856b41ce555dc26dfa010030c0bf79568483532,298
raw,3679,raw/3679.rds,2970,5ef4db757317ac49a4929213ccecf16c96e229d545ad6568970981a62e88407d,4253
raw,3680,raw/3680.rds,10,a473a73b7df35d5e95e7ee2be6624ed748fdbc4fa467d2a88a679f365ab37426,243
raw,3681,raw/3681.rds,3,7fe1910c4f31ec5a2a10eee99aef421994a6813bd60971dcf5ad1f1e2ebd9774,226
raw,3682,raw/3682.rds,1,39ea3e4076c6817b59237bddd8bff0755d62cad02bc319d3739d3fbd5dfccdfc,210
raw,3683,raw/3683.rds,31111,a57be1dac50eeccba9fa2c8df2dd3c4effc9a0b7a13df8962cf1265d99833ff1,19758
raw,3684,raw/3684.rds,4,e304e048062883e11bf129fe268f264a9a3ece11830280cc1b1e9f84da9356d9,221
raw,3685,raw/3685.rds,9,83e3702d3f761beb83b0c6ee77779b9a6662a47dca3003367ec65de2e4cf8abd,250
raw,3686,raw/3686.rds,21,a8aed22c38485aa2bc31b821828592d63e29a1aa0f3a2ac779d0ad7df78dbe14,288
raw,3687,raw/3687.rds,47,dee700c7c73518c1ad8578e15c54f7d213e0e0c26e4744f58f3fd3a6ba8a00b3,310
raw,3688,raw/3688.rds,5,ae911d4fa885bf3f1908ade2d14ff1bd6a7e8a46a38c94c4627e6244d7259bb4,225
raw,3689,raw/3689.rds,41,72b3f7009925c7490fc7fbc5867b0c3901b9b02ff3c6b0268fb63f709aa4cb10,329
raw,3690,raw/3690.rds,141,6e8890c62ab0643ab4f9c7542b5f99cac0ed9b2e7d8d52140aabf29a905777d2,427
raw,3691,raw/3691.rds,4,6671e0a6bab4537cbe6d69cbb51ef197e35f0b3aa593685ad83ca947e0df38d2,221
raw,3692,raw/3692.rds,4,ff29bfa5f7aebde688cc5a8ef656627048c77b6c40549d6cc8fda157d502dc00,221
raw,3693,raw/3693.rds,7856,df125cbc56640991cf1f3f00967bc07883c4a9e708527ad04bf6ee1b12d123ad,5240
raw,3694,raw/3694.rds,196,aa3e49cfdfb7ca5b0d87c23149e4676ce8745ff53747d0b7c29ddf89ac42d4d5,558
raw,3695,raw/3695.rds,2,a271a240e0df0cf89164eca56dea29408012dbb95be16062dd5db1a770caa921,217
raw,3696,raw/3696.rds,9,7304dfe6b54d4d2ef357af4c4bb56a5033d56ee85cddd4698765f72024293df2,249
raw,3697,raw/3697.rds,1,e26d48d7b801ef1d2da0d9c9af3d27af2712f6b48b52926aff1538e597e5c7b4,208
raw,3698,raw/3698.rds,2,bdde56c8f3ee946bd7b453777b96b8c35fd883215e714c3fb80ecf94f6b9b1f3,215
raw,3699,raw/3699.rds,10,f2e238698a892ab1c3a332e226bba3b8e12ca2670fbb1b879d0b70aeca82fd08,233
raw,3700,raw/3700.rds,7274,8f601032d0b3b69038bb1c0a6d0f7eff7e0fdafa1088da76bb7cebeabcb5bdf0,6254
raw,3701,raw/3701.rds,2,9313ffe7e526f1b4be0ce524d641e3a6e4106af5f9b3e76e6cd4364969b5caaf,216
raw,3702,raw/3702.rds,1,9fa6bbc85f69997659110eae85a0a4f2c35e9f58eb2d011b1e554c647df1be39,207
raw,3703,raw/3703.rds,26,981dff175fe088f624bc1011152bb6743cef570ef82f271714e1020a50e6f868,286
raw,3704,raw/3704.rds,28,38713188869d72819d76e23cccd601322d954413e2a8ede55dc9ec8c1ce4c1da,294
raw,3705,raw/3705.rds,59,dce7550971cc7bcd9da517a0fc029d4d14b1e2b22797f191412eb68b3a586239,352
raw,3706,raw/3706.rds,55232,4b1da03529ee5b1fc92eda252f04d13b64fec94251161e9567e0f6501c4a3eae,41787
raw,3707,raw/3707.rds,1,ba81cf416aaa64e68d6c5f59dadc8b1a2ac675734f901b73c904db21725f301f,209
raw,3708,raw/3708.rds,71,9fa5ea6cc7c8cf624a3e85dd7191081329c64ec26f31aeaee1c86b0fe36091b2,354
raw,3709,raw/3709.rds,65,6f264070a51f2a04da9d1842ab98b5e04ef3828f78aaab4979d47d410da3f43a,345
raw,3710,raw/3710.rds,179,ea3ec0346ee38cc4c1fd54de2c436df232140585bdb069375a1e58800ca0fe69,485
raw,3711,raw/3711.rds,22,2cb780a74e0c2451d710369d38cc20071732cd8b02b1dc559d922bf9be487828,281
raw,3712,raw/3712.rds,196,2f04fe054c04d2ea55d1077ddadbed95410b1560e241b2164b15f52212d0484d,510
raw,3713,raw/3713.rds,197,777ecb57489073eb6fd78e5c95636df0b0dfe0708bcccb8cabb5c3ad2a329d2b,440
raw,3714,raw/3714.rds,7,372003616990059dba786c80f1f6c1a1777940c14c4c88057ff0a532e772bda4,236
raw,3715,raw/3715.rds,4,6f046223c3d8db304090ffc801a6af021b45863eb3874e8bf270f66d455595c0,222
raw,3716,raw/3716.rds,304,6312079deb465072a0739aa233adece162a539d745392fda76794fe8fd90ec11,647
raw,3717,raw/3717.rds,29,28d9304e5e790a55cf92dac8296efc05e83caa67e7af24d56411cfeb48fc1c54,300
raw,3718,raw/3718.rds,17076,55491db241ed0384f0dd653f5e9e55e772c72a513c95cce25d7fd8de4f2441f0,14922
raw,3719,raw/3719.rds,168,6a27ac2ab154bbb91474975a89cdf66cbb07a39211d0f8c19963f2b268453fdf,476
raw,3720,raw/3720.rds,66,3624f29a2e87a5d60f4c6cf85f048ebdf094b4edf06c82955a3a9a38966e347b,330
raw,3721,raw/3721.rds,17676,bb8aec31d2b19adf93843a310275074e6ea344dce07f4cbdad4662a67b458735,15170
raw,3722,raw/3722.rds,10,d33e9f7398f824e451c3bfdc7830fc37df475f8dc32c327573e0942ed5a1b22c,249
raw,3723,raw/3723.rds,2061,7d7bcb9aeb1bd815a2080ed06741bfee87a83cadfebb5b7a625ab4a691ef09e7,2262
raw,3724,raw/3724.rds,2,5f3336d794e32d757eeea6113e73c04f48d501a8ef3aef8cbb47d8c9587a07b6,214
raw,3725,raw/3725.rds,41,78fc6397162abd6c758432c2692ff323d5260a5e451dd3191c7cf4d6a91ae93b,304
raw,3726,raw/3726.rds,1,bf6052ed6984afd99d02f839262dd3784b5dbdcc3e90f3878365cc8f587bebf4,209
raw,3727,raw/3727.rds,34,6bd6dd6342bd2a3611de92fec106ab3109a32eb81198c3eb1fa5f01e6fa88cba,288
raw,3728,raw/3728.rds,7,abc73cdf7e894801b54804ba20955f696c5ef8ac0e9dee218ff1c87f32084902,231
raw,3729,raw/3729.rds,1436,654128424e415aac598c05f724b248e8790de6f51c64cc654a9d963261b45aa4,1495
raw,3730,raw/3730.rds,2,ea286b74af03b93a58d6da27e4fb8056c821b6174299ee98071589e3a4695b02,213
raw,3731,raw/3731.rds,57101,321fe5d94ce19ae2074876d605f15e414ab061a9951aa6b844388d72edc9eff8,38221
raw,3732,raw/3732.rds,52,34efe64a118b17dcbca2e97c9919561fbd4c4d7e59bc064db3d51db4de35f3e4,330
raw,3733,raw/3733.rds,17,6ff14e3284bb16f7087dbe96ad76f6bb3c3fcee4550698326cc16deeb254fcfb,262
raw,3734,raw/3734.rds,2,9291c0ca8157008f252aeed9bc0ac88c595503549eb315bba69c37ae8303b45c,213
raw,3735,raw/3735.rds,68,e7f94313f0942a635c909f3cff737a65c08ac936ab310b621dd8ff49cdf4afca,342
raw,3736,raw/3736.rds,481,4a13f11c7bae4b3b765b5db6399be5805b22897b9aaf1d4bfcaa0d8b9c3d8ff1,750
raw,3737,raw/3737.rds,1,f8e1e9394f5f23b29891fa8beba1d583157fac6e27ab60857aa7ecca614c669e,210
raw,3738,raw/3738.rds,1,73732c361251f991e520e25a01e3893f6c73fb35d2b03e060dfb59e0aa5b7449,209
raw,3739,raw/3739.rds,32,f9b6bcd3da56165280012856fa1d940701e6ef7041c7526b78eb6aa61cff517b,288
raw,3740,raw/3740.rds,86,9ef9c6cfde7898c0ad00f32cd10efa0e2c0486b5e111e75441719adcf2f0af9a,375
raw,3741,raw/3741.rds,523,f617dfb98426eea9dfd66c734abd4a7e33922d2ba57a278d6ed95fe24e8b2f91,875
raw,3742,raw/3742.rds,1,3d0466c343f360558cb6ca8111c40067f9832146c62702a8920d829502c22dd8,209
raw,3743,raw/3743.rds,35,fa1abdf8f7e1a59db9d13642de17109405184d36d4bec87ffbea029e913d2a88,317
raw,3744,raw/3744.rds,142,5de1511f953149ef3337333932116c0f8c342d41555f25334f8c7b953f0f692c,476
raw,3745,raw/3745.rds,3,94c64fcea84c609d45b55eb07106450f92bee8e05adb23ef6c167fb0b58b09d0,221
raw,3746,raw/3746.rds,49,0f6f6892fc52f8828e64250f403c078c1e56c440a9b93faa80166313bc55cea7,368
raw,3747,raw/3747.rds,57,69f82688a8db759924f222af76580e436c03aaf94e10bc7588bac3b55f8cda7f,339
raw,3748,raw/3748.rds,48,60d6d5d71d919ba578b374bf1fe4a870f71152a44a279d13590d95eeea499ea5,309
raw,3749,raw/3749.rds,83,418b7e5ecf0dad496d5b36df7ebcb3ba46e3189921b469c1258e95944b22969e,377
raw,3750,raw/3750.rds,29,d7e079d4a6ef7b4f141618608f24c908b8124af9e69df03118a5c5c393dd5069,289
raw,3751,raw/3751.rds,16634,eda222f1b74b11503f4b2fd489778825b0b8fb7205ff6bcc0fa36da0271da27e,11396
raw,3752,raw/3752.rds,12882,b9ac4ee4d2d647bd33a2df97c354a2595fa546006c3c5bdd1f2ea7c4b3a0a2c0,10461
raw,3753,raw/3753.rds,15,13cb7086153d06b3858da5aefffa160120abf31f595bda815f377472ef853234,260
raw,3754,raw/3754.rds,104,7bee289ad9b699baffbed7db05be681b60ecabb6015056b3da748cc89e32f162,389
raw,3755,raw/3755.rds,11258,faef5dea3f98c5ee5f6d0d585cfc7378a90f41cf249abca78135fb16ee564612,8396
raw,3756,raw/3756.rds,5004,3fc3d6c6151797fd61cc6977b8b694caab2ecb0d7943a16ff4c9a7815f444afa,3089
raw,3757,raw/3757.rds,31634,a2e4b030df6362426f186e933d5131bc24acb9bc09840fe3367a7f0e06c43d1d,24501
raw,3758,raw/3758.rds,66623,593fa49130e1c2153e0ab0576d572b447f1db254b9b0138c28519974be7dbdf6,39300
raw,3759,raw/3759.rds,10053,d6e0fa2ea797c495a4e8671712700c8acfff9e8776ef1930ac70b952b6790687,7207
raw,3760,raw/3760.rds,5336,f0f0de641b8f4aa913bd0a46d9abbbbe0118754b059431ba3696a04fd6cb209e,4809
raw,3761,raw/3761.rds,7165,e59360a6c48afc2412099dfb6504b56797cd291add7949306b6876a26fa52b2a,3637
raw,3762,raw/3762.rds,185,e098b16f35593317e908b8bcaa9563a2d333b19f14ef2dbb9d30898ec0982b13,518
raw,3763,raw/3763.rds,963,0050a1d7318d2a98c990c04e5ea30fe9ed8f52aa981434ee9542dc00446afb8d,1176
raw,3764,raw/3764.rds,222,093725d97a458dab40edb47464d6e4c2ff9aed7a9a40efe31ab248bfaff06652,541
raw,3765,raw/3765.rds,18,0b33f798aef8c300196feeb27024d01656fbf84190cfcdb64265b0f8c5208431,264
raw,3766,raw/3766.rds,20049,3324bfa1b48c9f350b4685634d344c2cffe4d8d1cf181dfda88c88bccf5b1dac,15437
raw,3767,raw/3767.rds,22555,91f1df57d289ebb720a26fcee03bfa31fe12bbdc8a16b5f049c8e399d77b27cd,17623
raw,3768,raw/3768.rds,2,85a609ddecc0698fe26c707dfe1b731d6f062d11e24513be7ffe0bf81c476edf,215
raw,3769,raw/3769.rds,3744,a8effa8d9a644438eb71565fbc075a222de4125218aca9fdb3137524f3e80b41,3036
raw,3770,raw/3770.rds,185,c3a799f1ef8efcd0df99747113cc8b906e4793ae1355b94163183ad52014f951,555
raw,3771,raw/3771.rds,12,7051c1f8c30a22ccaa0509453d7f07b2479f6665cf73136f362c2ff9320abcc8,265
raw,3772,raw/3772.rds,6,e3deae21ce6ab45ec75ba709cbba3962cf1421d2e86358b7c3308c258a09d29d,237
raw,3773,raw/3773.rds,9,a5886bf3c756ca1f32e2ff3ca0b5dbf77c1dc822d97d70d6b26852006dddcd8e,256
raw,3774,raw/3774.rds,1,72579eb69f6756eff7d33a81d1e871f0714525c35722e60faf0fa5a0a3b6ba47,209
raw,3775,raw/3775.rds,185,33ec0083c96a13ad312756c92c44664f6a837965c9ca57bd1d26ed79b0dad108,542
raw,3776,raw/3776.rds,36,d41f484a404c0664ee13e479c71074817a3364b5e1e6e4a05f87da73d70e3fe2,300
raw,3777,raw/3777.rds,126,1974a03eaafc57e25955b72aa0d2a03301ac745e817c1f0d9bbff03b048c8d27,433
raw,3778,raw/3778.rds,70,161d7c03501a67c6859815fa0528bae166476eb5ae4025a1e1807944e820ccaf,369
raw,3779,raw/3779.rds,8,429f99f2dbfacb49c52add19847e969a78b4fdd93ac973e39ce1c91a27b3666c,235
raw,3780,raw/3780.rds,435,7f07c13841dd7884d6860efaca41050eba0c37eceeed201cfb5a235ee61b1de1,739
raw,3781,raw/3781.rds,11846,4d7c4f973f82eae65432f47297d17b40790c0f2d40c61eebfea4974d9a4a6b04,7958
raw,3782,raw/3782.rds,11,f41e75145ba02ccafa1c0ea15cfbd70bcb63a9f793836f9550948b918da9072b,251
raw,3783,raw/3783.rds,279,5273cc8a3135424d967df7b4b66dffd3e3e427121bcadafc2feea68a3ad98698,469
raw,3784,raw/3784.rds,10,ef472d1f3522866320ac0f610e711ebbb7ff2a991e517027ce3d2c02fcb893f6,270
raw,3785,raw/3785.rds,4,bc01cd7fdb916c45491e80c19d7c5729aa4b29e803e05bb6c8a9c6be1f3f672e,231
raw,3786,raw/3786.rds,22,3b9c641f9c67fe7aa56e11edda8d549d8d1b31d17ca8fa8150f20434427fd6af,278
raw,3787,raw/3787.rds,63,fedf3e92ef28e75008dc37b0f6f32752dde2e2fd0d3e282944cd1168cd804f15,348
raw,3788,raw/3788.rds,2,e071b7822dffa5dae77739697ffb186aeb2886a7f80e7ac69f86c95668f9bbf5,218
raw,3789,raw/3789.rds,98,c5b1b7389f1083fc85becd5f8057b5e3f91fe124b1bf2c405970304e577b068a,419
raw,3790,raw/3790.rds,13,1471c962344544df28c302bd9d3c7dd235d7641a0f86ccb821c6790107c96c66,245
raw,3791,raw/3791.rds,98,9c6626831041f405afec19a0d5d1d3930a9a73cbf69fa3c63d7570f8601bd086,354
raw,3792,raw/3792.rds,10,ffbf0716f3ca5d00751d422cd50727458396c3a4493cd43b9c791ea79eeb1810,245
raw,3793,raw/3793.rds,1,979171cb6fa99f56d23ace137134aba5621b24593759c9a4a92039cd1af726a6,209
raw,3794,raw/3794.rds,45,3f153663849bd2c72b7f63a82e86cb1b06b3ef954f8d94a63505f048328cce44,336
raw,3795,raw/3795.rds,209,39bde22d7e908627af3c19793d1e8f07e9d497b3071e5f8feee103e912dabffe,600
raw,3796,raw/3796.rds,204,30a651a9874bfefa383cda19b66038284e6a460ac182b54815f03f1d04d8983e,448
raw,3797,raw/3797.rds,24,4bfc787818f3e3baf43464c9847e31e30920c4d35ac2d0edcd6d33d77038209d,269
raw,3798,raw/3798.rds,38,2e05eddafc73cc4c2268d99ef24f853ea06d1802b365798fe4fbef9b4c26a7a1,293
raw,3799,raw/3799.rds,4,8d1a50ff09b7bf28866d54a5b39968061b239f92cb8740452b64501486a9bfb5,224
raw,3800,raw/3800.rds,210,96c25374eebb02d76dfc9ae075513da5a4a0d0f3dff59a86414c523db36068c7,539
raw,3801,raw/3801.rds,73,e65af11d4fce7b194336f4e10d7c9abe0a4018605b93785b6912011ca27ba1b6,330
raw,3802,raw/3802.rds,9,3a70a361e07c6cb3b69e0053a3dabda079477012d2703ec432e6848c3e5bc457,242
raw,3803,raw/3803.rds,18,bf7f9c5faed32a23b96a8217225f798bfa73df20eaeb3bca855f7fb8f2111c65,268
raw,3804,raw/3804.rds,10,d6a55c119f54c98a3bf7fdc4859926cbb9b30b9fd17a6dfe79791f87d95e4a0b,252
raw,3805,raw/3805.rds,3,06a7ad1c14ed8ac1c73824e8f993b24a327b8fff99a4ae4bed3a8ff721cfd971,219
raw,3806,raw/3806.rds,175,f9eab75ce3e41ca429ef865f352c14c273dc8e9039603aac41d4bc3a2d1aed8e,495
raw,3807,raw/3807.rds,157,68ea53fbf81fdae978dc16875d96de6c0078a383a0818a664970a58c05499679,519
raw,3808,raw/3808.rds,6,84a17e39a1e3f4f0b3c5c5ff71d94217f0c7ac98399acfd5b6ab8e043bf7de74,242
raw,3809,raw/3809.rds,134761,61c35ea89bc8a91bb279b8698de9635fe5d9f43f735380301c7b1808d4b525cd,67968
raw,3810,raw/3810.rds,53,3ea2dfc3f465fbb9d7941d794b4bf01933d4a041b9a564813b61bbfc43cc738a,352
raw,3811,raw/3811.rds,454,b23ae45d3b521330894b0cd6e3e01fb5610ef9c49a76a095704f738e96c4715f,629
raw,3812,raw/3812.rds,91,bfcb6ae66b1eb3401cd324b02aba5c7ee85ad6b5b907626caf6354bb83e4dfc1,449
raw,3813,raw/3813.rds,667,ef69aade101d62a0b5afe2a2233267ae11e55787b95dd4dbe41bcb94818b3081,859
raw,3814,raw/3814.rds,23,a628fdd3f3f1d5b21443bac13480d3e0097c546e67e19f07825b08345d734dec,285
raw,3815,raw/3815.rds,4,4ac057f998553fb98eacf7bd277440b40343675e3c2a3afb97fb7f9cad9ce5bc,225
raw,3816,raw/3816.rds,1,1c8d093323d8aac37963c0854d2b867b786b86ef92060bba9c8601ca2ddcdcc5,207
raw,3817,raw/3817.rds,2,628a1e18c89f506e1e9697b0e669e74e5baaa9ab41f238d69e30e20ec790e7c6,214
raw,3818,raw/3818.rds,1,b76533a93deb15e3b38e46e291812075621d30fdbf978629d7f2b3bff3625794,209
raw,3819,raw/3819.rds,14,e733c0d8c477d1d9b3bcb49a4ee653ad620b3771d2c4ccc8f9c0d5dbcf9453a9,266
raw,3820,raw/3820.rds,19,483c58c5cb36e3e96b303952023438c51345fc47f27b7189b0a751c7656b965b,281
raw,3821,raw/3821.rds,64,77d7afbc19d1f640493c6c06c827b71d40120c4b147a0c63137bf6c89d81682d,354
raw,3822,raw/3822.rds,1,eebdc306ced62f7ff8afd5277e05c4dd0729700ef82503fca10d1a2aac36b181,209
raw,3823,raw/3823.rds,1,bf6052ed6984afd99d02f839262dd3784b5dbdcc3e90f3878365cc8f587bebf4,209
raw,3824,raw/3824.rds,7,a6b91c51b02d269f111fa5de2614fbcab69f345f2fc3e4355a4667ea2f8650a1,247
raw,3825,raw/3825.rds,2,628a1e18c89f506e1e9697b0e669e74e5baaa9ab41f238d69e30e20ec790e7c6,214
raw,3826,raw/3826.rds,115,16af05533e55e485f61399d51eb0458aeec70f9c8fa200c6720b3f16cd380ece,424
raw,3827,raw/3827.rds,50,a704bca043749da178897ea6e1661fb8bc5f460ac1a5e8ac08e40d11732e9c3e,334
raw,3828,raw/3828.rds,218,7d723f7032af2a3071a3079d5941494e1758655a25845b05cea4854700d83321,489
raw,3829,raw/3829.rds,378,1b6d6f012cc9a171aeb802bba22d1722f3c38ad533cc174d3b3fe0f3d291c56c,608
raw,3830,raw/3830.rds,5,9efd457ddbf4c1bb7d58638369172aded4dfe77e2d04e86d37cd6c8ed261ec88,225
raw,3831,raw/3831.rds,1,b6467023096df6770bc56b426ccf19b1571a2c64fb4e12c983bdd4f254dc36ee,209
raw,3832,raw/3832.rds,50,1a92c881fdcd7039cc283c4bcda7acf122e5b4d2cb8ae0612a04f908bf4ee912,315
raw,3833,raw/3833.rds,19,65108da7d3449d6a183b16d3e9882b0a8a947a0b5507bcfcc06820ce862ea49b,284
raw,3834,raw/3834.rds,29,f5002aa8155e525da785c88e365c1c1dc27987adaf85a27b421eab04ac0cbc71,298
raw,3835,raw/3835.rds,29,9e805029ce0f90e26ab1ad9ccc226badd8dca21b45a6e238ae8ff5987a1e7e9c,301
raw,3836,raw/3836.rds,8,457e33eb6d8b846d5d319c5e3134de66f610db1686c3d4078b4e49649623b91a,233
raw,3837,raw/3837.rds,8,5764cb35f9e19313058c0c59280ec78ae619c84fb5e53e8d623c40a362fea86e,258
raw,3838,raw/3838.rds,32,66beaec4075f157383f692f0b57f7bf7b60ec3ff5b912fe61f28005bba0cc744,307
raw,3839,raw/3839.rds,36,b437d974f1cd934e7eb7b67545841d98bed0b929cf9978e8c3f305c6267fcad3,295
raw,3840,raw/3840.rds,1,fc7dd0bcf8ed2e8c69acf0b440cf146031a3e54155568fc20cbcfccefb3a04ea,208
raw,3841,raw/3841.rds,10,ac4fd0dbf6b5580bb6aea9e840fbf4ca4f0a23b899fad79b5df544f0a044518a,255
raw,3842,raw/3842.rds,4,3c24ba0d10ed6f4e8dbaf53e4cf3fa396169c3e4b06c7a354a8174c57ccfc788,229
raw,3843,raw/3843.rds,6,1aee15e1d5e9dcc6b1a9ce6ea0aa078bf866dfa2a1ab18e0f18fa72345bf36ba,232
raw,3844,raw/3844.rds,1,3e15dfa8bf1373266e3f3b26ad19cab97ca0f1ec06a0f2eae73d12075c1de9bc,210
raw,3845,raw/3845.rds,270,9c9a5efa2a2ee4d48e1d3e188107d52da83a94a3c83b7ee3f36fabee00a01b06,520
raw,3846,raw/3846.rds,852,b721f7101f37be888babdc1432bb8b696bacccfcfc914f0144e2690bf8da061c,1172
raw,3847,raw/3847.rds,29,8c505dcb8e31e0c81be449a62a05f178f5ecba01a37a72812b2fafdbf2ad67a3,286
raw,3848,raw/3848.rds,65,0aa8dc959b03cb88d7a8f7660374dfff3ea3e5b36330b9b2c50d1ef986d9799f,384
raw,3849,raw/3849.rds,840,ed73ba05fac5585415527a1f533630bc1c388718ebfde30ef2e95229e384a764,1274
raw,3850,raw/3850.rds,34,c48bea5c36aae90c3bcc9f584accd965f4be4114d79fbd7954cb2f5d5d600875,305
raw,3851,raw/3851.rds,81,408bf30122c17ba7c09d5d0d2017792c83158219172fd261e16103dc85ab31b4,345
raw,3852,raw/3852.rds,3,9cc861da6315b851aa29865fa2cb6bc0fcd761d9d289988c6d1e662aa12a1645,221
raw,3853,raw/3853.rds,6,be98fb9d7500bf898cc697fc232055ddce0184e3e0966959832855f816a2c94b,232
raw,3854,raw/3854.rds,115,27891d0af5d33b8c1909f6914143623d83d39deeb75ccc848fb307e527eb989b,436
raw,3855,raw/3855.rds,461,31ba22d75559a4fdf43994ca8dcaf326530604be2d696cfd7b859f8a2f8f2721,704
raw,3856,raw/3856.rds,752,be620aa1a46e9c74d4be8e1870b363dd04fec71d37bf4b78abf0b1ecdbb9077a,936
raw,3857,raw/3857.rds,63979,72311cc5500408322f69276e29f152221a9b5988ce88ae8f54ccdd2b1cbe9d01,35904
raw,3858,raw/3858.rds,5,3e1cd5835de4bfc4f20b41643dd242dc34b872ce733c1333b00f2f1d0fd46f80,240
raw,3859,raw/3859.rds,573,5a9e0fc308e27f61c29bfc25d0cca2b36da7873b1c9e6e1c4bac67722afb087f,1167
raw,3860,raw/3860.rds,10,f84e4602d16d4564906af1d3ed4ecb89e87a8a5801fa2a41f8c48512a549df02,246
raw,3861,raw/3861.rds,6,46e490e1837618d4d7c2922347939050d8c104b5fb574d2512a797f988b54383,239
raw,3862,raw/3862.rds,59,3b18a90222052262a291236d89c7555f846a25dadc7528e0596a1dfa7602f5a9,352
raw,3863,raw/3863.rds,39,823bc3cefbeb1eaa816f8d01eb305d56f712346db8ba07df7c4df47ddf8cfcad,324
raw,3864,raw/3864.rds,33,a0c04fb3d4079b42ebdf5acbf2721d0f1355d5cb909d7ae4000e2b70d5002d7b,318
raw,3865,raw/3865.rds,56,e27678f95260896d756c78b6b06d902ae49fbd18584c64167ace23de6b91c478,330
raw,3866,raw/3866.rds,24,5994a6c8159e97e614195f61d8394b61ced03b274da21b9c0e2a23e78627a6ee,300
raw,3867,raw/3867.rds,82,5c2842e019a9386e3eed40b6cdbfe8fb9f7c464af5d2bfd90428b9578f24060d,359
raw,3868,raw/3868.rds,305,c0373219161d2ea47a6b1bd28e545c9178f4ea78ade3d3b21e94868d8d997930,623
raw,3869,raw/3869.rds,51,72a4a4d660d54c3cf85b066e135bc025e0557d631af576d85cb9678c4a6e9600,329
raw,3870,raw/3870.rds,9,310fbe7efd9e7a7d7ea485ee3ed75b9211883214cf4a5650022f954ef70416fb,238
raw,3871,raw/3871.rds,26,da1c8bb46b64195c46b3e7144c14c34a96d64bceb0bb634d28b5317ca500a0e8,283
raw,3872,raw/3872.rds,4,185f8ea4eb853d7e61c144c606963a5872ca5d3da2acddb8f33352ef0799b748,220
raw,3873,raw/3873.rds,19,b71c4b5266a81d54bfe39756bfe324e46f378addb7d40c1d387f293ffe03da8a,262
raw,3874,raw/3874.rds,170,f09736980d9c766b00fa17a2bb7679a7b23e78922351b88ab209b9d44767def8,509
raw,3875,raw/3875.rds,1,fc7dd0bcf8ed2e8c69acf0b440cf146031a3e54155568fc20cbcfccefb3a04ea,208
raw,3876,raw/3876.rds,37,6f400825af53dd97a9750de9e290f9cf0bfef6036246d8277f0c8c5e10c49fcf,313
raw,3877,raw/3877.rds,42346,cfe67aaece772539541dcac5574136bc1b81222f88b740040c2423e42b451cd4,24972
raw,3878,raw/3878.rds,5,f739bca7f3321d82d43b6caed08bc2da37172a198739897b2da86f20f8308c1e,237
raw,3879,raw/3879.rds,5082,caf321cacd85c53626d4cabf496e1f6491ab5a590efd35e55d6f2e433de3999a,5174
raw,3880,raw/3880.rds,35,fa83a544259d8f7a9194127698d39ac429cbf4d3b9d04f581747761439353b46,289
raw,3881,raw/3881.rds,30,e093203bae3f9dcada1bebaa631d1075be4b0e3b36500c90a94432b23c150de2,292
raw,3882,raw/3882.rds,36,b8a7f9ee861cec05d2c21b11a1ab950e0b7e97ddb7239010d4e84ff4a62ec7ba,325
raw,3883,raw/3883.rds,343,eb20588f57f3bb12c70c3ccf915b7021d36df2763411cb40f251937f7a043324,589
raw,3884,raw/3884.rds,67,93a1af6841525922b68526d2e716539de181d9ac04d49c506ab1e5200fc7dadc,389
raw,3885,raw/3885.rds,16,3070ea76e1a84a95c925365ede9cf57ff72005b60cb11f272116b98dc4af3cb5,246
raw,3886,raw/3886.rds,15,7dab524269d93534865c33776b4b4b46e38dd0836d2297393511d49c78b6ab50,256
raw,3887,raw/3887.rds,98,cc4be31264afd93a487b6c56c19b38fbfa86e21aef01c69bc839ad1e5cf78d5d,411
raw,3888,raw/3888.rds,1,eb7162a2a274ab203a7c75f0565597753648c3b4608bd72f5f6fdf4e6be8d7a0,209
raw,3889,raw/3889.rds,514,f6ff161d2cce31c9e5b1cb75c37bb35ba586277718d349476703510542ac69e2,829
raw,3890,raw/3890.rds,16,55bdf07c3303844be4d7f4d1d76a7064c5da6e971bbdf84528b70503e41d34b1,254
raw,3891,raw/3891.rds,104,8d4e9e9a8cff17dff97a5480ac6979845180ee9203b81513c149525ee748a1f4,433
raw,3892,raw/3892.rds,2588,bd224d91d37eccabdc1f9a99d31175b9e77f609b9fdbc1cd2bb36122b73cc9e6,2885
raw,3893,raw/3893.rds,44,958e03a021e9b704d6d8db3918eb07773c145a69bcdbcaae8e734eec61acb33a,311
raw,3894,raw/3894.rds,5,d002eaacc80ed620561d3c2c496ca49594e4f995c5ef065d3949dde239a968d7,223
raw,3895,raw/3895.rds,449,0e3ebf3b41e0659f486700c65c25820466f1aec85b06beadc5d448b2bfbb7792,752
raw,3896,raw/3896.rds,17,da6d582efed8c533256f697fcd7aace462f174da6732d6a68d89ead887d4ce73,266
raw,3897,raw/3897.rds,123,962b08f673a2866d1ad62a47713e9f6cceba0b57e200878e02a77f322bd65aef,416
raw,3898,raw/3898.rds,31,3d17c297b2fa14fc377296a5a71e6b984d38ea3a5a8aab32b0f7ee0a43c5e258,314
raw,3899,raw/3899.rds,10,8ba56b20c1421cb19e232e9386dfaee0acec8912763c4645ab578a9d84ad613f,243
raw,3900,raw/3900.rds,8,01abf8c69648e4eddcc6bffdb1b6d982162de44361d72cb67db1d61e0314dae2,244
raw,3901,raw/3901.rds,206,d75cef59f876006ea0359589e46508699723317166e4500a872c21ddccb22ef2,523
raw,3902,raw/3902.rds,90,d22e857aa9e29ac9c180beb09becc28ce62efb7f8e21c61cf010302b6d209523,412
raw,3903,raw/3903.rds,10,c24f2c16e38dfaa2638b0b665320d757347a3a4d9d3ddb5f20982c6e53b7aebd,247
raw,3904,raw/3904.rds,28,52828217cd4fbd6c9cdae02dd61da45f7caa1970b7fb06aa7a5633e569618b13,275
raw,3905,raw/3905.rds,616,a771c09ff984f375f458bda67bd5c334c89674294d96984e596d1d1d37bef132,872
raw,3906,raw/3906.rds,121,b7f8abff9a0c897d465ccd66030cd2ec040cd40af104bf3d24f5e2069d7cb64f,407
raw,3907,raw/3907.rds,146,ffe6303432e3cf97cf5b5f73cb0de042796a8a6aa9982901b6403868d4271ca4,495
raw,3908,raw/3908.rds,22,c04f6055e1390df9747d4669596b29f4cdfab92f5859688d2d9bac1b50bd67b4,290
raw,3909,raw/3909.rds,17,ff99223560445f3004f4cad1f8bf85dc687dee155148d6afc1c197d64c5d1a43,266
raw,3910,raw/3910.rds,118,ed2956e1c7800c872afd1a99713e86507c2022e485f6058c98a15510e0014bf6,420
raw,3911,raw/3911.rds,162,ffb4abafa2374410cd1119bf6f2ebe2687d3ab38a8e8ca446f49580eb6ab87de,406
raw,3912,raw/3912.rds,73,383d7faf4c5df980a5a51b16e66d5ed2b219683d2fa920945442d95f860cb405,383
raw,3913,raw/3913.rds,16,6a4bf170cf8e438cb0dd21d484eb9ef30d1cb699759c82af5c575b87ed214c40,253
raw,3914,raw/3914.rds,2,8df6727638b5a04f8fd4e372055a7e58399dd91e65c2686a2638c10933fdac78,212
raw,3915,raw/3915.rds,100,6593642db0ee7a8f553f4d012ad19ae66e731c9c0809a993cf49c062593a92c8,558
raw,3916,raw/3916.rds,7,f9f941c7fe695b5485315463969b7602738eb633489e13dd18cc9a1de85c25dd,228
raw,3917,raw/3917.rds,266,2e09028fc256a5576b377295a00266e0372c2b74540f04d260e5af6a3886dbc3,471
raw,3918,raw/3918.rds,8,c69250ad8e8668d54c6a38267583ecb49131b6aefc3279385d74614888c2c7f0,251
raw,3919,raw/3919.rds,20,352cdd5e71b69912a1020713ae30b84b6e562e80d164c6980c4418a641b039a5,269
raw,3920,raw/3920.rds,1,ff131756478a18052a2638d438a0c1fb97c720f88a1407fa7caef6db42b8efbe,209
raw,3921,raw/3921.rds,13,04cb745054c54f87254809ac944bb2ea57ecc1a1ce9bca362eae5067509f6e2e,245
raw,3922,raw/3922.rds,40,a3ba52cd5dea35f6048351e6cc8d889c62a8663fdd9665351da027e43e4bab2a,323
raw,3923,raw/3923.rds,19,e1ecc2d2273f013ecf1ca0994b6bdb73635b74b1f322e3aef8725030d1beff78,271
raw,3924,raw/3924.rds,21,da612194eeb545f5da070d0091ebbcfdacda52ce2d94f7140ec0856a5e7bf41a,263
raw,3925,raw/3925.rds,493,b2b3722a706deadaed1ede6b3f5c976f4517e58e0b118298cf99eaa6ea8e6f9b,697
raw,3926,raw/3926.rds,239,938740a88a360da0edc2d86cbc266ec89a61529d149184c2be806251b6cbcafa,524
raw,3927,raw/3927.rds,2,628a1e18c89f506e1e9697b0e669e74e5baaa9ab41f238d69e30e20ec790e7c6,214
raw,3928,raw/3928.rds,11,28da4fe4e9abfcd80a0155a56d5b12cad75047fec86a1fd52eee6efa527a5759,247
raw,3929,raw/3929.rds,13,f7fee7907ea4785a89004b8d5658a92f6c780eb488801b1468d7e981291bc658,245
raw,3930,raw/3930.rds,108,255457e23112ab452690c1f98726d9cd32bf3be2d14ba1f235ebd0b0eaa6df79,399
raw,3931,raw/3931.rds,32,090aed110a3aad47b89a704ffc9b24bccecf3a209888dcc8048a0a4fbae7aee0,289
raw,3932,raw/3932.rds,22,d6bbe82acfc6c93879bd6035f11f0cdf7e1609d0692eeb162eb708e7acc73dbf,275
raw,3933,raw/3933.rds,1697,b373aab74a712113df026cc15af8e226956a47d7237c14f82d625e2b7cc49b9a,1880
raw,3934,raw/3934.rds,69,4d444d529b42953d94bacf1ec2d7b2a653853f3eb49dfbb320a9a483dc0f691e,331
raw,3935,raw/3935.rds,21,72a13a6b5967bcca6f30e0424689620bf9cf50adb04d493ec4a5eda0ca000c41,270
raw,3936,raw/3936.rds,7441,4793c80e9bb75d5307d4d67db173dd56abfa795fcf62396b72c87856daf957e7,5648
raw,3937,raw/3937.rds,44,eac72ba5b9d71ef0f55cda4772c2c7534738c7babb6af394d4039c2bc620b891,322
raw,3938,raw/3938.rds,157,6f5ad2e9adcd38da304b43521d28db916e9fb6c5ef24d90d1faa3df655922ede,586
raw,3939,raw/3939.rds,11,106c1244233d41ada0424c20bf712a095023d3246e3e9dfcc37095ed332a6a3c,245
raw,3940,raw/3940.rds,1,fb08c79d428c09270bfdaa034959e594953b774b3c13358464766d376da22e91,209
raw,3941,raw/3941.rds,1,608ee4b01f67ad704900c911c3aeb70c2a060826ecbcb06e10cd19f24cbd1bf2,210
raw,3942,raw/3942.rds,236,cd2d76a5ffd95de51f8cb10a254c2ccc2198aa51f817d43171a2b552e18f6a1c,520
raw,3943,raw/3943.rds,327,2318d5e9de332593883f5f347887dbc7840855032b1bc49a0526302a4936a238,633
raw,3944,raw/3944.rds,90,f5c4052827ec97f1f1297e9194fc5c96916e3242576f9eebd3c85bb2f950eaf7,375
raw,3945,raw/3945.rds,110,f63a225337c2f075935136c70bd2c0ba50d49e66fe3bfe16c9dc0fae1c564ba4,474
raw,3946,raw/3946.rds,5,dfc37a19cfffdc587906200239ff5690e7ead4a2276d96fcfcf7e9849213f443,228
raw,3947,raw/3947.rds,2,e06e3f5027808979107497a53c63289a155a59ec62965565947d57bdcd608e2b,214
raw,3948,raw/3948.rds,387,c78ab4fb59d377ea169e57abfdb2077b8f28ee585f9693c006c6dd667e807d78,572
raw,3949,raw/3949.rds,8,2bffe9246c2be8a6a281822ff65da036580b047fdb1785b35b3d0cb5c677afd9,246
raw,3950,raw/3950.rds,80,43563a9d216d55f7891e3b9c65e918201c81b780dd4ad750749184c508dad997,410
raw,3951,raw/3951.rds,80,dabefa02b19ab09ba102d8831674dbddbe832faf10f608abec74707c002cf42b,325
raw,3952,raw/3952.rds,4,084c43f18d5def0282ec949b4d2b14cd6a7de537b7fdba746226b9c666aef336,237
raw,3953,raw/3953.rds,2,628a1e18c89f506e1e9697b0e669e74e5baaa9ab41f238d69e30e20ec790e7c6,214
raw,3954,raw/3954.rds,1,b6467023096df6770bc56b426ccf19b1571a2c64fb4e12c983bdd4f254dc36ee,209
raw,3955,raw/3955.rds,13,ac64b41d190b7d27d46eaac0d2848eedd92a68422b06b78fcbd477ff992921b0,255
raw,3956,raw/3956.rds,231,94d6a269b25f1cc1c5084453a7a1374b2981693d98cc7c3e00a898b1fea91130,528
raw,3957,raw/3957.rds,11,27e6cef8cd3a95f560a97cf9a5cbed318cc155c1035b823e58a302a2d6280792,257
raw,3958,raw/3958.rds,33,c10ba89a251c678bddef47e697f301fdcbabfe9ba0576adc226cfd656837472c,298
raw,3959,raw/3959.rds,92,29cd4680218ec06e9c937912eebe7f089d315694f4f0f2574f0034d6448bbce0,370
raw,3960,raw/3960.rds,45,c783d95e150e19523c698284babbda0c8b1d87fc1bac20e64a4acc61a6e235a1,325
raw,3961,raw/3961.rds,1,6c074dd11bb2edf820f94cdc5d303e2c28f6a783a53a71317cf9327bbb09da18,210
raw,3962,raw/3962.rds,112,1cad51c5d3125055103cd41e29c2f6cbed22926cbddcf34ae09ee210b5e7415c,388
raw,3963,raw/3963.rds,184,4ae3957ec217279e958adacd4477fd92b296bdbbfe0f38c83ef23d89c12b75b5,536
raw,3964,raw/3964.rds,88329,f55f98347d69c15162ce6bb6e8ea8b0ad5b03d0c5244d70990cd1f2b2e7d6a92,45764
raw,3965,raw/3965.rds,6944,fbbc13fb0a446488f8542432a284e695c02cd00ff0e9ba958496c40b2516eb57,7219
raw,3966,raw/3966.rds,200,d3a692c5d3d8342c280220551916a40d3f10b9d12f466cbaf4f9519779d4f7f7,541
raw,3967,raw/3967.rds,2,780a2d222bc2c4030b30015efaabb1175e5b8982b470f9798fc58611b1cc8f18,214
raw,3968,raw/3968.rds,1,1b629ee388ab857bad3aeec42d14a299639f54ffd42bf4e79ef8fb134aba818b,208
raw,3969,raw/3969.rds,26,453eae1ce7c7058cc1dcf909fc7f54d61f806464dc14b0e3d127fda1d93f71ed,299
raw,3970,raw/3970.rds,156,933b7eb7e8812c694c6a15da32bb6028bdcd016be753772c779bfc692fd25d6e,492
raw,3971,raw/3971.rds,25,72d6bdfc09273480c8acb771daa7cbd149c2a5e97606561435c6c2a8e842ad5b,272
raw,3972,raw/3972.rds,6,ace1aa3951870e166476fea1da6cdbce890cc4389a9622ec3aa42cbdb5c53d26,232
raw,3973,raw/3973.rds,205,a4653b101445ea1f18ca0ef1659fe2e0c99dd085d6e9ff020a6f97577397edb1,478
raw,3974,raw/3974.rds,2,628a1e18c89f506e1e9697b0e669e74e5baaa9ab41f238d69e30e20ec790e7c6,214
raw,3975,raw/3975.rds,11,bfcc6177060ae0aacee121f350a3597e5d79d51d19517b70d75db91cb992ade6,252
raw,3976,raw/3976.rds,2393,e1b18a1de02303fa928651a966f596b5d08ac60ae7b7dd1771be54e362ab93b3,2312
raw,3977,raw/3977.rds,14,8d0db196e53a61ef1fc5c39b542fd32e7838b7457049252a58576cddec15592e,251
raw,3978,raw/3978.rds,9,887c20c5051e0d414bc9e44c1e94c9552ed0fa9823d7fea2e9c8bc7c82a966a4,242
raw,3979,raw/3979.rds,84,85c61d7649cd67075a6a8d4e6b8bc1273137b63af3d90f6f86af2d10dfb8b15b,395
raw,3980,raw/3980.rds,34,0a28adaa46cbd78cd6772e89bb6a49577794af6aba59cdd166e265bc162a4202,310
raw,3981,raw/3981.rds,4,79c8418c790ff1702d910c17694eb68b42b67b5be024ae6d08adb36172f3a274,232
raw,3982,raw/3982.rds,202,4ef5e4beb798aa7104addfbb09a16d31c4b5df851e332042b088eec17b1015b6,561
raw,3983,raw/3983.rds,222,03f8e48927ae4efaac39eadaf9bfcc971963b523e2c32a7d55fd1eb7c69a8ba8,526
raw,3984,raw/3984.rds,17,aab7333319998eb401dabb26a73d896fd393790951aaa71ad906c9f2373acf33,256
raw,3985,raw/3985.rds,58,1a4c2a75611b5f731e3e85011510a653a6d50f7ecd6707d645d3691e228e8f5d,321
raw,3986,raw/3986.rds,353,84ced91910fe93784434d1f85147e0ae5efb94557d1bdbf7a649d807958b277b,649
raw,3987,raw/3987.rds,26,64cc5ffb7760def5a23fcfccc770dece6866cfc2334a858e5fb76dff84ca475f,286
raw,3988,raw/3988.rds,509,5f80a71b3f84b23d6a1f40d4aebf729ced44fc91fd76d8de17b4b02f75c7c013,950
raw,3989,raw/3989.rds,42,582ebd3ae42bf9f147e75b7f9365ef9dcf69d7fa40000092a6b4ffed7c58e6ce,303
raw,3990,raw/3990.rds,2,1c7e0d0281db27d43c74bed3ca9c0073b10a7dfe4eff90c71a46f1e5e14b3e9b,218
raw,3991,raw/3991.rds,2,6a953fceb57ab9df86810f3517817d5bca5d53afdb945c899185c75edf3849da,218
raw,3992,raw/3992.rds,12385,3756c30e6a5bf885fb6e78a0524ed9577b5bae9faef63482d06421fa382f27a1,17321
raw,3993,raw/3993.rds,3,741f246fe7421d710f65fffd1b701cf222de650acf868551552a18b0fedab0ad,221
raw,3994,raw/3994.rds,12476,05a8b39176ffa814c0ff84c9791352e8870f578ec2957e27297e84671115270a,9350
raw,3995,raw/3995.rds,93,6ff8d36eea37ea7efa2e555b4088c9b9969528bd7242548618faa0616ba2519b,370
raw,3996,raw/3996.rds,3,7ec4f2749d175afc80b9e04466d737bf3caef3c8abd682bfa5d9b88d35150a7e,222
raw,3997,raw/3997.rds,14122,e1e8d636d012437f8e7d3bc9ff0a64d9587a8836ceeb86986fa204ce89746bc8,10932
raw,3998,raw/3998.rds,12,e99cc5ec289110275ba40f4400bd9cf177674d3f73e49c4d6b216835de6da35b,259
raw,3999,raw/3999.rds,1,7a4e9e526ec3dee088f095a129aa004f1b0267662a229a7e96279682f43d87f5,206
raw,4000,raw/4000.rds,5,0733a429738b23dec684718cc14cc4fd2bdaa802873664b687b70bc1b317e438,227
raw,4001,raw/4001.rds,180,fc4bae791e124158540922a1abf0090a78ac7c0f499e3cd6fef7629a47935765,545
raw,4002,raw/4002.rds,241,1d7e2bd3fe5da5d67b51dfabeff96f4e99af781350da7ae90a680aa061d4063b,608
raw,4003,raw/4003.rds,13,91aa178e09b63a6ae7a18a486355256693405200ba20f15afa549ae979452d38,245
raw,4004,raw/4004.rds,16,7fdc0de7c53d5484d0018d103d5719168c62d9ef2f88c81c5f86c46be3947f83,253
raw,4005,raw/4005.rds,23,6487c1295013bbf68a812c849a9a740fed98b55f778e807e6c2220f68077c7ee,304
raw,4006,raw/4006.rds,327,dc8510093931db9298e8f30e4576992d93bdcaefec6fbb7fa794c318340f8d5c,747
raw,4007,raw/4007.rds,66,c8631d62b9bf06d93010866673aac8351fba53d7fcecfbaf22fab652bc20e0cf,344
raw,4008,raw/4008.rds,2,628a1e18c89f506e1e9697b0e669e74e5baaa9ab41f238d69e30e20ec790e7c6,214
raw,4009,raw/4009.rds,62671,3a965867903f779f6132255ca393ae9c32b99ed8a83cc2b1ab9e8954a7bbf2c3,45878
raw,4010,raw/4010.rds,15788,ed3d8ba5819d7f60b238bdc889102a474a9e47719f434a305857e765fb31819c,10458
raw,4011,raw/4011.rds,7,72cedba53410518ba3819db10ed3a0861c9802b13cad4d84a9d63e3c57815cea,246
raw,4012,raw/4012.rds,66,fa7fd3abd0be095fae5ee415cf5b3740b89c0299cd37e03063db5311c068e159,388
raw,4013,raw/4013.rds,2799,4d54bb7bf5d18fa653c4e8b25e541e8b0d4c23ccee311bee481d524f0a2e38fa,4109
raw,4014,raw/4014.rds,2,886fcba52d97b9a68ecddbe413bd1eb6f35d1ecc07d232b2763d995c373e7bed,217
raw,4015,raw/4015.rds,26187,1d2269f1560c1bb6b80155ca1934e7d1900fd0c76be1c6381ab7ebeb56a4e048,21767
raw,4016,raw/4016.rds,1167,eb9c914c6ab769332aa41157b42227603ea5c4ad3ba3eb1624fe88ab96f3b5c2,1765
raw,4017,raw/4017.rds,3,77631338b15bc7403274d6cf183f3973f40b3eb6d95b9badc9256aaed678811f,222
raw,4018,raw/4018.rds,5089,1b9dcc816ed5bf3414e5ec4f4661ff686dcb7379d4f2e05c22fc83eb4f866e20,7061
raw,4019,raw/4019.rds,2131,8030a3bbf24267ceca0eafa03a1f93173b61e2336a22b0459a0bea8486a25a48,2355
raw,4020,raw/4020.rds,46180,872a49b0efb35db01095823860dcdd83f85067e74c1d2cb93217a3ee7ad70d9a,36159
raw,4021,raw/4021.rds,12,be1ff21f6f92e484afacd2913f7006f5a4a84f8e63d3c9340070f8aea69b6a18,256
raw,4022,raw/4022.rds,17420,465468d9c553710e42d920f35cd88cbe02be2ddca25a7981c8221191a25f5f40,17655
raw,4023,raw/4023.rds,1,7714a9fede00787b9142d79201f48b5d2ed14ca496645a597fb7a55c93cc1f43,209
raw,4024,raw/4024.rds,13,0526c0619b12a8f1219fa41a3b4acb44849736d01e7cb9bb61c560ddd4f5dc5a,262
raw,4025,raw/4025.rds,26,00eead0a16f9d6dbd8ebcfcafddc64d64ffa39296707aa7f2ffffed378357261,283
raw,4026,raw/4026.rds,14,9182cd304edd9d9ff4da36a47bd3f002733f9c3f4732ca8e9801901d9378ab05,271
raw,4027,raw/4027.rds,13,c3c487c121dce69c226390bc0d3bde6c4c883d0e2f75795cfeb6282dfc925d18,248
raw,4028,raw/4028.rds,36,f2cd7fd99bb6ffc66932170b40644fa6257cdd042db1aa084d5d03813112418d,318
raw,4029,raw/4029.rds,63,3dce0b7c5c06b449f956325387702a8aa68a6b430fabbc1e15a1a8bcdf430c64,383
raw,4030,raw/4030.rds,459,a71e6e2272736f3b105494240f296d78f2a884d12fc2d45046336e5036c711bb,640
raw,4031,raw/4031.rds,25815,41a19c21b5f4a86a6a82b6541bf9950568c6d55aca8d21e175a6ae66f93784da,19691
raw,4032,raw/4032.rds,31,55cdfda33a8c7689d48fdd0d4ad101200e663a4119f21425833cf4c8420d43f9,290
raw,4033,raw/4033.rds,34,5b00fe6f38e7f1ba9e46076fa9c5facb5b733c089fa7c31c598b098e8f352e71,313
raw,4034,raw/4034.rds,52375,b53ada5d433d769fdcb49b5c4fa18f0e4fc67a2e14ab2deda197860be1e12794,48241
raw,4035,raw/4035.rds,88,6316b2aedd37f6d2aeb383affd580e512d22431abe34eab466929a92327c9419,363
raw,4036,raw/4036.rds,5242,ce507649f2ef3015fb55304580565cd4e9cd75ce0754ba584930346b1cd75090,4357
raw,4037,raw/4037.rds,55668,e4cb3f961f6842abcd0646c360c631b4a28d6e7f2b80a3c4481d593a969101c4,31582
raw,4038,raw/4038.rds,3389,57f2eaf7ca713d75b5a351bf95fe452dea757641cd9b110eff647f34fdb9dd63,3492
raw,4039,raw/4039.rds,4,e304e048062883e11bf129fe268f264a9a3ece11830280cc1b1e9f84da9356d9,221
raw,4040,raw/4040.rds,8023,91ecbb651e6d921c231e2573a02dc3a9e3eba222fad8d16470fb8451e7badbfc,8579
raw,4041,raw/4041.rds,15,048e7cd8da624267f8ed247325266882ef1ae7f16b2c853f2ad1b6a195715045,263
raw,4042,raw/4042.rds,3,de3bc9a25a5cbaeb2b1c07e82d481ea014fbf217448f11d29ea276493df2c5bd,219
raw,4043,raw/4043.rds,47,ce76156b081c065bf8bc747815601f0e515c59e4e8c48d8e073587cde59bf0ac,308
raw,4044,raw/4044.rds,8778,d923b1be1dabbf2601fb38a2a1d59a426416811fc32b0eb9bd2052f013c537a7,4673
raw,4045,raw/4045.rds,22,76c17bbcaa72e2d4b3bbd857622e4a397dafde62571b0dff4bcb814fce7c0abe,275
raw,4046,raw/4046.rds,164,96695b5d954094951b0e037b722cb33f2547426ae939e82d25aa040d23be50fd,346
raw,4047,raw/4047.rds,127,ff07ac768f87c8086703499de9f8a839d60417585ba4c3a8bb73faffb28b2189,464
raw,4048,raw/4048.rds,220,9351172d1165c91491db63be1e8597758445e86d06c5ef1c69e1075a57f5249e,576
raw,4049,raw/4049.rds,495,35e29ab5fedf2eb8e45c73d4143b17ef4af74e29ba69c31a4265914ad21ca1bd,1232
raw,4050,raw/4050.rds,335,58d07faf9f286894f300e249d5dddc3de6862a4d794295928fd315bb3c9b5169,611
raw,4051,raw/4051.rds,76394,d297a85362eb32fc32436a29696c12b845b176e511294f0f343aac389ee0ed81,51104
raw,4052,raw/4052.rds,5,9efd457ddbf4c1bb7d58638369172aded4dfe77e2d04e86d37cd6c8ed261ec88,225
raw,4053,raw/4053.rds,1,7da2704beecac8ac9610ecf786d9bcdedcf330fe62066842c99ae27de781ce57,210
raw,4054,raw/4054.rds,227,3ff65251547999e5935493c17da5cef4de1347f6ea3e09f29d606009696d21b1,563
raw,4055,raw/4055.rds,12,47ba991effb22c1d6fe467de6599a272f4b92f814042aaea9fac70e9dd65ba20,268
raw,4056,raw/4056.rds,479,429c65d8c3f2cee909c45e9080e43dabe0566d03af47694bcd8bd0f1d6f343dc,790
raw,4057,raw/4057.rds,28,cf20df607d0d5f3e274084640b1dc977b25010e5a1321eb8f0b5d3b2019c0c84,314
raw,4058,raw/4058.rds,99,9a1bfd1bc88a8e514d4fb30128eac7a492e9dab79b84ba15fd52b8ecc199f2a4,382
raw,4059,raw/4059.rds,71,fb48217bc6c947e28a47065c409fd9fcdb932acfe3b2bff0824068e4460033be,387
raw,4060,raw/4060.rds,1050,8a36e69879362b81dbced9f06fe6310ecf93b54db8945173c2839a22cc05cdd2,1247
raw,4061,raw/4061.rds,5603,c0a031d7990730769f1a0cb856c6141a44a10091ff866e6490a22a61989f69a4,6844
raw,4062,raw/4062.rds,63368,87b8c2b1927214d1a46acd0a29e51737346b8ec7659899f40a3d227d5952e218,39459
raw,4063,raw/4063.rds,492,2d0d05320a220d62b269f63caf84e9de20cbd449662d5ddfc18aee61f40fa247,796
raw,4064,raw/4064.rds,142,3a3e01cfd454a7e9703df6c52dbe9881f9f17e9978a79f2f1fb8b4e46375940f,440
raw,4065,raw/4065.rds,45,53950ac44a741daf053411a8440986a48b043349638c5e484422486d40eb31d9,333
raw,4066,raw/4066.rds,149,ab1d61e65859284b661adb058ebba34840f662f16dcbdd9c3df00940e3afe16d,455
raw,4067,raw/4067.rds,643,7dd1f3e5fcf0265cdd653ba7375832ad58db7ce7100fdb7895f865bf02471148,920
raw,4068,raw/4068.rds,1,9d0649eadd6b81ba81eb52798ec8340d9eb8fa9d85f910e43b23876fc1735893,208
raw,4069,raw/4069.rds,45,086a60ad51844f70ae0a74b81b27df3a2657e050aeb66784fe6ce71d97befc57,310
raw,4070,raw/4070.rds,16,8e5d19f0a8debc93fa8827a2463e80f079d10175f1f281cf5a21e110c7168af8,263
raw,4071,raw/4071.rds,50309,7992d72f2a204af3132e1ea13cb21bd91170fb02a6c2e6ff5f82e1d3fab290f4,33164
raw,4072,raw/4072.rds,35,b34eaf247a99fe27a831f76318e1e0073f4285242404f33e35ec8c6245324150,314
raw,4073,raw/4073.rds,612,d83360629b1d37f89d60623b94102357b00e92f24bf7676b9530ef8761808869,1329
raw,4074,raw/4074.rds,2759,2197c23d615c0e8296618ad9bd3bab531e322fb3d1e23e66df5b0d1874d397aa,1805
raw,4075,raw/4075.rds,26,e477b4dac234baf9d6b6775e71920c776a2a92b23ebc9b83bd049a84531d39fd,294
raw,4076,raw/4076.rds,1,fc7dd0bcf8ed2e8c69acf0b440cf146031a3e54155568fc20cbcfccefb3a04ea,208
raw,4077,raw/4077.rds,16,8016974bde18c28b0fdad01279a677ca5d5c1ee57ada4e5d5ed44c3b66bf0c3b,270
raw,4078,raw/4078.rds,29,5392bd8dd9ac713574ad8c89f2fef9cb1d72c33ab3b5b13949a0bf56c3fd1e19,300
raw,4079,raw/4079.rds,54,d06c20f903d2cd4cd38a024cbd024435d1bbd655089a763572a7cfc981cf0f4b,358
raw,4080,raw/4080.rds,2,bc6a3704df20686a0463234eb22c2e8d348879c490c098fc13e50df5f2defc54,211
raw,4081,raw/4081.rds,44,498bfff6e7b223391af1a443a321bcfd011c80c0a08bdc7db94efe53044984cb,295
raw,4082,raw/4082.rds,19,859c1992f252a8d1854da7404e0bbed03eff2730bebc1492c28fbd3f569bfb8a,267
raw,4083,raw/4083.rds,96,a6f0e1b4b95b0791d6658f0178d5894e9f87b8927689c6c87579c9dfcfd3378d,356
raw,4084,raw/4084.rds,1,11a81d144c79601d5458fa80fb61e16e8208ebe28785b418b815c4fe3e11ab8b,208
raw,4085,raw/4085.rds,40937,966f1fd3df6291098b511c301934184af3ff4db43239b381800371022286ce95,28140
raw,4086,raw/4086.rds,2,e6684f6b41873db53ba9820be89c5d5f154c6d48c732ccd73c31ac4e76cb2d8f,217
raw,4087,raw/4087.rds,1,8a59a38d9bbf3d31f484b3ccd9a090882bb56bd31ec8acd4ed32354a6a4620ea,210
raw,4088,raw/4088.rds,42,b39814a43aabeca7981381c8910367c57a955e422bf8ddfcdaac863584950f53,328
raw,4089,raw/4089.rds,148,e7f41cd1761de4ebb9b59cf632d50cd04dfec8ee1dcb28f7ff5c71df319908e0,513
raw,4090,raw/4090.rds,3,6e07fb86436fb6cec8bddc24684217ee5d7b43aaf03e337beae4a461f763c7b2,221
raw,4091,raw/4091.rds,19,54673cfb3d6983a7c6573c60620307fb8e8496217f468730b69c9a83fe897509,269
raw,4092,raw/4092.rds,3,8545fee4b4be60188dea1feac59e55d9b8ec48a92bc34a295232cba85f12eb0b,218
raw,4093,raw/4093.rds,11,c99dcc09f737bc89778dafdf11ceff9711aa698ef5aba587692167440678ff2e,267
raw,4094,raw/4094.rds,2,f8f0a73a64450a33d0ee24e4dc475f4106e9068a1c5a10d622e2acee3fced3c7,214
raw,4095,raw/4095.rds,157,b23245ddd55c2b3686d26e8deba22baa1f3a54d41bbf627a3c8eddb5b02deba4,496
raw,4096,raw/4096.rds,40,f7ce300af4776a7992d276c9ca67f2d6ac82011a0a11ba31791ac826095ddb57,329
raw,4097,raw/4097.rds,11,a8c1fb8eba37ab56a5edc52733184b5dc61caae9bd3443828a276433e5bf1412,253
raw,4098,raw/4098.rds,195,b7a1049648b3c4973fc399d13f392d5be8cd78d603e1a4db7fcab101718a36ab,409
raw,4099,raw/4099.rds,111,aa86ce0d25638fe18af0eaf4707242e6ece32a5e38ec0e4fb31a1560b1ac5297,451
raw,4100,raw/4100.rds,49,539f7c520733dd8d868573efab15ffcbdee27d303c0b852d78fa512217354591,312
raw,4101,raw/4101.rds,1,698c839595f2adb1f39ce2ac0c18bf146f96fd8a8e5aaf275cf3954131528f97,209
raw,4102,raw/4102.rds,2,9ad4c10f2d962433e82e809551f22907392f1f5c8982bfdec1674ad2ce6141cd,212
raw,4103,raw/4103.rds,2,241f661db1da44bfdb0556dfce0287e607e9dc50518e20b3ff4b5534f950740c,214
raw,4104,raw/4104.rds,15,a919622df3e541867c774b377d3a21ad5601a84b09ca312e2e2f49fb377c2835,272
raw,4105,raw/4105.rds,7,2915a686c1c03de1d1b91001515a6fa2f256b95da856e21b2382d01be3157ced,237
raw,4106,raw/4106.rds,343,45c24cc2bb537103255ae9e4a7911d8fa1e38701a6165ca5e603c7aa9bbaa0f7,503
raw,4107,raw/4107.rds,2046,08dd014f252322cc6a844ae142d6220381dd3e5d72c67b0b8fcc0a4817477840,3782
raw,4108,raw/4108.rds,5084,8f157703b2d8da35c5055345bffa9de43e640702a5c4e1310e6df8f5e15e7994,4064
raw,4109,raw/4109.rds,13,f3172383f8f2102c89476a0e970f826b13deaa873ed46a79e255a9eef96e0ac8,246
raw,4110,raw/4110.rds,235,c1e6ac09cf8bf4e5d33771484c93a8947efe2f06f158ad7e24536f709010f0af,636
raw,4111,raw/4111.rds,6,cc34ea6dc49e5e23f3c902e107e82b04deba26bd3211abfae2fa86da64acd951,229
raw,4112,raw/4112.rds,377,b917448bb548912956934939472818dcdd96c4aaab7655ef464c6a7ec8359892,715
raw,4113,raw/4113.rds,8,18262be62f3ba23c9cf51707c5290f57299c47f32b30093f3c00f875d0c2fce6,237
raw,4114,raw/4114.rds,81,23b6d414a74c70d2b4eeae668d57c58cbf53544976ab7a588bf87d92181a94ce,367
raw,4115,raw/4115.rds,539,c93a1a0b308db860c1a8b3b2b25c90700c73473678aa193c11ea0e63c35090ca,821
raw,4116,raw/4116.rds,2,3149b7aaa3b5b18cd4752d94a63018dde50d564aa206671afa223c4cafd9cdae,210
raw,4117,raw/4117.rds,957,4ba2acb983e4db9f84dc241977c74831f84b480e6d58ac3abb06309822c43ef2,1198
raw,4118,raw/4118.rds,148,563b8dbabb88d0b1ccd5ce123a1ec50756da38181b6e1ea27e1ab337724713ea,409
raw,4119,raw/4119.rds,123,ab02e69081f28c8e128aca37ca12e4a68d77a6c9cf682d94755fb7f4dd2dbc59,411
raw,4120,raw/4120.rds,2,d64ec520c5e6d2e281c587bc5377a70899bb70956a87a73897f7978b80d861e7,214
raw,4121,raw/4121.rds,5,030dc21f453bcb3f5600d8b57f28a8763824ef640755578b652808ffd62711a9,230
raw,4122,raw/4122.rds,29,9be935998ab81f2c22350d673d8211c0994663bc967bdf6092ef0f4b4a018d19,282
raw,4123,raw/4123.rds,33,af41324eff0f99c67ec033f25027678a74c4e252afc9f90ec6838657b50e57ba,292
raw,4124,raw/4124.rds,221,5872d820211595dcd33b71748fd043928273d3b40cf1a98eefeba2020abc1953,671
raw,4125,raw/4125.rds,17753,97d55d5e27718dfd3092023a7ae48b328e8971c8ec89bfca39901bd840a3ccf5,17436
raw,4126,raw/4126.rds,7,67805cace3fb14c6350156a64d19365adfdb707500de4cf27916f60e6d2fff36,243
raw,4127,raw/4127.rds,732,682245a75d8ab8d0913f2b6bbed364bae2bb0c7aa7e16dab2beca2c4c7ddf861,1072
raw,4128,raw/4128.rds,7,1b96e716077d7ebc260afaf0dafb58ab870e8ac280e29259a5f3e364dd57e1d1,241
raw,4129,raw/4129.rds,244,a98f68bd79954b3aa084d7477852acd87c595500d3b4596be9f80b70a2facdda,663
raw,4130,raw/4130.rds,17,3c44fbf5f811f3882baad55fe3329693bac5d96c3aa4cf33bc438529a8a14ae2,255
raw,4131,raw/4131.rds,167,08d65348497965a58162499972fc580444e91846f54f162905fdfe6aba2d2a12,481
raw,4132,raw/4132.rds,8,7a959182509f5d3f76da31abd7ae71f003b7a30f4cf9d9d42c94781c3b902bc9,245
raw,4133,raw/4133.rds,35,6f431c060cf015f0999c93e198ca458d24ef5c986be62124b1f38a4cd575aa9c,313
raw,4134,raw/4134.rds,1,cec7cb2c41627a943bc9f8c2bf51615144c64cffd2676eee1aaa8dc00cd1f974,210
raw,4135,raw/4135.rds,56,9f706b4929ceac81153caffd82d01b688df2f7409dd6c5a2be6ba1714c2e108d,361
raw,4136,raw/4136.rds,285,f48938967dfd7364df8a096f7d6ce9778853030e11aebe2df8df78b942b9fbdd,542
raw,4137,raw/4137.rds,4,2b0b67fc725083b1cdfc7bb884107a5b8089110fcb60b63ca3623e96f0fd473a,223
raw,4138,raw/4138.rds,85,61b952f65294419b97aaa6bd5b2565e275161b7ac1506797482707efe740a117,352
raw,4139,raw/4139.rds,731,80b8386de9189fabbf8c4f6094fedd6afaad49e75f4ebec76ab9ffd6435071e9,1024
raw,4140,raw/4140.rds,2,570f651f06880ef71c18e14614f6a95f4dbce12a2b92046df0e244f29d69066b,219
raw,4141,raw/4141.rds,3,e4e4695aa1e656b30c09e0043c0c56c477723cb8c0c2f5f155a13fd435b6b395,224
raw,4142,raw/4142.rds,2,aa912d8766d29231b202feb4d04572615d7d984c52461c6870dac5f71afb4bcd,216
raw,4143,raw/4143.rds,524,5667f62d05fbc36801a688acce6eb2dd987c78130d539d482d6068915cb33ecc,750
raw,4144,raw/4144.rds,0,adadc686412c8a32c45fc2489b7ee54f6faaaf976b3b04409ca638c0bcd353b3,193
raw,4145,raw/4145.rds,19,50d992f4e417e487534513767b6ec1b19e7136354a0f000e471cabe6b0ccaf95,260
raw,4146,raw/4146.rds,13753,894175ce62c269f71516d3a1bbe0c0452f292aa8b70ee554d8440a6719cb87a8,11107
raw,4147,raw/4147.rds,12119,26012debe97fe1bd0a796c36115ece1616fb3d271de230b268fb501d96b3c7be,7915
raw,4148,raw/4148.rds,43300,56141e97419436bab2e4e714cb738ff2a694fdc56859b042e540901558bebe48,24638
raw,4149,raw/4149.rds,59,dc0a695472b788439654b594d305d6d46ec8c4ea24385cf846550bb34db38103,338
raw,4150,raw/4150.rds,1,fc7dd0bcf8ed2e8c69acf0b440cf146031a3e54155568fc20cbcfccefb3a04ea,208
raw,4151,raw/4151.rds,1,8975856d45ca1fde68e06915dbd72860e48abfc36ff1abc4a46e7163aa635d47,209
raw,4152,raw/4152.rds,404,477a6928cc0f65d589b69e0d5dc1bda5c8287f5c18ae9c69e2df72e71006ae8e,649
raw,4153,raw/4153.rds,66,bd927b65208491acaa9eea9cdb9af4f0c38610e0377e04c45811421b7f823d81,316
raw,4154,raw/4154.rds,119,2152159d1713e8effdb1db26a4f4a4c44044b2430540e35ce819b3ef1f9ff507,401
raw,4155,raw/4155.rds,1,87880cd09190133a711cc4f1b72f87665b007803b9c782dfa2977c7fd3fe99a0,208
raw,4156,raw/4156.rds,515,e117495ccd3db3e4665d356a8fb9524d6a1f5f02b57cab4524d246b506c70971,759
raw,4157,raw/4157.rds,38,0fd460b8abfe85ed33fb73f88b16cb3cf2a075ac8bb0c5092809d3d56a421150,303
raw,4158,raw/4158.rds,7,b0d9eaddff68e801e0cf4e34ed0e147550c6f3b4bc6109a9506107d294828e35,232
raw,4159,raw/4159.rds,25,a8930be7f12f9446247c0d7c3dac2eb4c2c818c2991a711e620a8875948d37b5,278
raw,4160,raw/4160.rds,9,3b641758ad14fdc5a0fed2868ee628e428086a97f8d55715166113040cec9484,243
raw,4161,raw/4161.rds,56,3234d2256e58a1f9d44ef7cdad3bd5ae77028082f2a5ee291a1e5d298cbe94ef,319
raw,4162,raw/4162.rds,327,9c62231b768ec4a57103275b34e8d61cb957c6493a9f5a1cc8229b6664d83a8c,564
raw,4163,raw/4163.rds,30979,09f0143153bd5da16106cdecfd964e120aee207ea075355d79dbdc7c74f8ebbe,26275
raw,4164,raw/4164.rds,16483,79b7d4a871006a0127735533dc37afc68fd92f7fbbe1f3a6c597c7df304a9ff6,14456
raw,4165,raw/4165.rds,1,d31ba24d139c06882f1d16458899f95a654d724a0823df7d0040de503f5c3dda,211
raw,4166,raw/4166.rds,1,b4cef162b796ce5c91fd9af3799cac1326e96362959bcfe08fecedf98bcfe59c,209
raw,4167,raw/4167.rds,50,3c9aa22d098e94f0e45d55b5378f14032d23756ce22ca7b6469dca6cc420eda4,349
raw,4168,raw/4168.rds,206,d638e20cb52426be8dd766d1989c66506b5cbff947789c911d2b95c4cdc3d3d6,559
raw,4169,raw/4169.rds,73,5d10d444e1eb51b864c3c701c6e33007e2b42e9c8d597afb6cb0e3df88bfaf43,359
raw,4170,raw/4170.rds,3,011bdb771265ff28b9472d2b6ff3abd4f7cfcfbdee868ecdfdb8fc0c794e8ce9,220
raw,4171,raw/4171.rds,136,1702722c72575a04b2abaa7ff7253469177f8babf0cb918d2bf4ca9a5c3cee69,437
raw,4172,raw/4172.rds,373,4da19719d01efbcefe4adca6def84ba39c947a59a98f94d05972038e8675c044,686
raw,4173,raw/4173.rds,23,60d0cca13a88cdac66927fd5efe5e0e56ba816343eec8e685c598c7e002683ac,281
raw,4174,raw/4174.rds,163,c2ea5720c5b73515d40694fa752fd9d233d517a05785aeaa7eee22cccd8120b0,457
raw,4175,raw/4175.rds,29,721bb13cb856db742c7debebf81818b64330f4b4670bbdf8341a3b3ffeb0b36d,297
raw,4176,raw/4176.rds,64,23a083f412da05bf8195c3beaa5ad1d63f55799dfd117f641d8d1828c296f2c3,380
raw,4177,raw/4177.rds,147,9c44e09776600b6152b3c0736643f221e70a58f79a522ced035a46a1f734a11c,439
raw,4178,raw/4178.rds,16,c3384d3155e29691e13454a24af3fd5ef4e2c53381817d6ce7ebf9edc75bd83a,268
raw,4179,raw/4179.rds,27,e0ec88cfab832618c493d9d2c92d1b7520ec7b41c02ac74b3fbbcb808485bb65,295
raw,4180,raw/4180.rds,16,d0d22ef86bc3507245595e31ac5a45333e479afcca6225566697154814d4799e,277
raw,4181,raw/4181.rds,94,9264081eaec8c8aa74810fe07366a26d56805d2d25771a9fca980783523943c4,402
raw,4182,raw/4182.rds,52,c2f948e370cdfb83d5b8eeca5eb8ff0c6f443c8a856e792a000d17b706ace88e,296
raw,4183,raw/4183.rds,1,20c30ae5c3379975e301cd63d598305811e86ae662a59fa2882b7b288dd2d0d2,208
raw,4184,raw/4184.rds,427,b18fe36ddee3c9de65e3d3491f85f8711af98f8ea84fe945c7bbca5a2607a03d,575
raw,4185,raw/4185.rds,28,8a53e2a81bdfac3da3f81200be186a8bf0040b632da4a6c36028e9ba896b2082,288
raw,4186,raw/4186.rds,16,4a6921a8d7ebb977a1682520371c8a87290f056e28b67943c26e1c84d3589a41,248
raw,4187,raw/4187.rds,1,dd858942f2a90003fca14049111c1a94450c48fdd6bc5fff7b725cf096b336a8,209
raw,4188,raw/4188.rds,458,7b8e2e05aceeaa7acff55e8679eca7084bef52114cf4e907bf4b94305cac4059,683
raw,4189,raw/4189.rds,15,0a4c95b414682879f206b7c7bc9827bcb85f14c6187b4d0908f2ca2834443c87,262
raw,4190,raw/4190.rds,3,b3c676f74ecd26292002b311ff24c7c3a60b8aaa2b14b7bf596ee4e9c1703d60,220
raw,4191,raw/4191.rds,2,6c06718e0d0eb8f52e59abb11575f78ad9a47343c07755ac8d896c498664f396,214
raw,4192,raw/4192.rds,1012,86ca70f499cd93b86b966af396c0c7f0bcebe6f3398e088f99b75cadb6eb32e3,1815
raw,4193,raw/4193.rds,1,b15a01a91ec010d56b9d5101a752aee23f5a0294f6d9aa46985b7874210f14ea,207
harmonized,1,harmonized/0001.rds,1,ca353daff58301b056ca13e137f33e642e269adc52b2a8a18c53400bb332fc11,208
harmonized,2,harmonized/0002.rds,2049,430e73ca6c591142c884539ef6155385a23269fdf804b0a13e085ac641104697,1554
harmonized,3,harmonized/0003.rds,26261,1074af382317d294e7ed2043ef68e45e81325f7074a418bcaa3fa163f74b6277,18058
harmonized,4,harmonized/0004.rds,11645,3054c179b77e60db2287859132ffb0113b7bb8e0489d69662894c41a6da5e4d3,6300
harmonized,5,harmonized/0005.rds,4,2ee8097ffbed10d482faf01e06904964307ac3915908889cf37fc7c1853571f7,224
harmonized,6,harmonized/0006.rds,126,01bd9baba35828ce55a82599732288b98465aef2c901f7720b65f168008cc2bf,384
harmonized,7,harmonized/0007.rds,1,6081a0e7d25d224b79f00fcfddd56183848f744193a8f8d7e83b9c78a81300d4,208
harmonized,8,harmonized/0008.rds,18,c428df045e851a289f5d408701ea415e8ca3452d481e43185f31a762fe49deac,255
harmonized,9,harmonized/0009.rds,570,07fec4400eceeb69ffbd2638b0fa0d4ab328eac47148b0fbdf459e078ae74841,1337
harmonized,10,harmonized/0010.rds,6,069b347c7dcb0b768e4b2fd5c8175e339be0df708e0ded48fdcc0016e5dafc96,227
harmonized,11,harmonized/0011.rds,3,1ff68e659849f8c7df1fea3132fa0b15dcf54cc2691f8a35dc7fd877b1cad227,217
harmonized,12,harmonized/0012.rds,80,27b83a8cff463ddef4a27b6ed3d77dd01d7a401e67e63b1619bb499b9845ee9a,349
harmonized,13,harmonized/0013.rds,44,a7c9d438e40db2fb56fcfe01d4384204330780774adb7a191510e6be2c1f9868,351
harmonized,14,harmonized/0014.rds,24,16a67653740ab2cee1dab227df4f4834ad81e54c9f256211beb3bfe96e1060bd,290
harmonized,15,harmonized/0015.rds,36,a8bc877f0bcc67b2c00566b6815ab8554f6d5ed9ae5185b9bf81cbe13e325354,305
harmonized,16,harmonized/0016.rds,49,95faff788268c98bdf99b2597d197b1be907bb1914cefae5f67596589214b9c2,321
harmonized,17,harmonized/0017.rds,26,cadf19dc015015df2563f491178cc3628b1e22ad7642e07637ceea57a8a7418a,287
harmonized,18,harmonized/0018.rds,13,87954fa10680918356fe576ad2e413b0fcf72c3030e5182699e7c3320d893194,246
harmonized,19,harmonized/0019.rds,111,620248f4bb3aeda81001fc5df38936b0f1c36da10f01afb64d8984b9819045a3,432
harmonized,20,harmonized/0020.rds,1591,a597458d816ce5e26725c3bdcf25f36fe80968fff62110ca85b921349285f462,1819
harmonized,21,harmonized/0021.rds,689,b29b9ae5cde9bb67ecbab62aab55e2e57773ea5b8ed2a81c83ccf1595a7b948e,930
harmonized,22,harmonized/0022.rds,18,2aafc5749ca1601044ae4e0c6934837357c1f0b80bdf46329ae8c7148bc85234,261
harmonized,23,harmonized/0023.rds,53,ef126137ccd5521f7aae8e25dc8d0f23148098ba7c7bd654e9f15ea03a1553b2,318
harmonized,24,harmonized/0024.rds,696,72695e8a5e3ff39f3fa7a1b7eb2b213fe79e81bdc03dd0b341ff429e07076266,1161
harmonized,25,harmonized/0025.rds,2,9c1dfe525b3986e0bef99dcd03eb99e94ac4fea1b9cce5da6f967581398719f5,215
harmonized,26,harmonized/0026.rds,10,0047f37d0f438401bfa092c8ce3321615f1c9fd07b5b534134dc06dd0b3f94e4,250
harmonized,27,harmonized/0027.rds,22,375630b750d1f6f5efda1ae6d94e5cb4720a3a3ef04a8f9727a72f0fd487c8d2,277
harmonized,28,harmonized/0028.rds,1,b47f1a5c2406cc6f1cf65e04b06e30d684ab6b4f96af7950d60f0807a34ea1ba,209
harmonized,29,harmonized/0029.rds,2,7ccabefa38e4eae690f32cafe80f1c1f87c6955eed655807082a6a471d928ca6,217
harmonized,30,harmonized/0030.rds,682,529d462514af4b3e69ae9a6fc0c252b4c5fefb176ad83cadd6799b2f130519fb,981
harmonized,31,harmonized/0031.rds,0,adadc686412c8a32c45fc2489b7ee54f6faaaf976b3b04409ca638c0bcd353b3,193
harmonized,32,harmonized/0032.rds,24,88db19a4bc6dcbfc9165bc1d9189fa26c710eadeb59a0937cbe4ae74661f5c0d,277
harmonized,33,harmonized/0033.rds,2,633cb82ab5a8fa19b47065a81e5739313f76576e7759f88e8c2fa74054f11d02,218
harmonized,34,harmonized/0034.rds,14,8301d21e3d85371ae7c4533f7b039b16d735587f3a97e1e374ad2ebfc0cc3032,261
harmonized,35,harmonized/0035.rds,7,46c449ea8f9bc1eb2e7dbc9c131df99d6cc2f9ffd3b26a0eacc890674248a9ac,244
harmonized,36,harmonized/0036.rds,56,c343c4466c1ac5ad899513290fb4ff78ea57fc10ac713e088e33123048bd9093,339
harmonized,37,harmonized/0037.rds,21,715d17bf10398fc7ce92d9123b72e6bf119df885ac01c57c78e00c843b315625,259
harmonized,38,harmonized/0038.rds,8704,a849593a8d71068de5c47ef27bf1f20c77c3412c4822e9e6d72ecbca9f5bae55,8629
harmonized,39,harmonized/0039.rds,17017,f83d8170f3fde192b0d82c7c379e3a9b57afb0eaab67d1e1b225a78945da756e,19856
harmonized,40,harmonized/0040.rds,47608,5055251d1b352859c16f5229ced7ddcfc2ed750cef01704f0bcea087a9c106a2,26041
harmonized,41,harmonized/0041.rds,63175,0a4c4338c6bbeac9d935b9542708e273d510a660c518aa9bf27df636af981fb7,37733
harmonized,42,harmonized/0042.rds,209780,fc01685686d10f0a7fcd1bc502c80a34b8b5a22e9db9d0c23fa6d104a023e216,83331
harmonized,43,harmonized/0043.rds,12529,dfded1f88f90b745fd5a1187eea464b8e2d4624c903b241afd3d728336f57818,8807
harmonized,44,harmonized/0044.rds,100,6be03995d5f65f67bd303f47335462de55d55ae6858f127968a590cfc26bb223,411
harmonized,45,harmonized/0045.rds,178127,005e736ea732a780641626aff191e42c0524c52941926c43ef07eee28e96ee02,75785
harmonized,46,harmonized/0046.rds,132379,e9573bdc030dbecb7143c7940b64617f8563112233486d7e255f37f99f56ebc8,77722
harmonized,47,harmonized/0047.rds,1,1c8d093323d8aac37963c0854d2b867b786b86ef92060bba9c8601ca2ddcdcc5,207
harmonized,48,harmonized/0048.rds,3948,9836977cec817166960dd89fa1e7c93c5488fdb9fd0841640f424d20c35038f9,2654
harmonized,49,harmonized/0049.rds,28794,df39e2308f6cb7a8e4a9abe678aabe2ffe3888060684477c5f554764d701327a,19741
harmonized,50,harmonized/0050.rds,1,adcee8cb73690e212d8c7f27699d8a387f7938e9baf270d2d09e2799dc0f20c0,208
harmonized,51,harmonized/0051.rds,337,bd158f6b735773b11cc819103a58e0f2da9ca60c9582168fc83e2f2dd65b4c16,743
harmonized,52,harmonized/0052.rds,40679,0b1431104a02db11709f79a9294f07354b91c1b08a929805a86e66c1e0aa1ef8,30361
harmonized,53,harmonized/0053.rds,210581,9e14a6af6875392ee83b2686d03bdb511097d8a4592d170cc11238a25a559c46,94774
harmonized,54,harmonized/0054.rds,4,2ee8097ffbed10d482faf01e06904964307ac3915908889cf37fc7c1853571f7,224
harmonized,55,harmonized/0055.rds,3741,7d40bd08e14449c1dac15b7fb2c900a2a534c14f1661ff03d1454b450033906c,5873
harmonized,56,harmonized/0056.rds,67102,012c386bce3ba28764239928dcc8b0e8b0b2fc067de339f3c73e211a51ff9e1b,29213
harmonized,57,harmonized/0057.rds,15724,f0a4d5f6f382f0855069a840d8dc7ec216352ecb169627f0bc1e5e8cff387329,12920
harmonized,58,harmonized/0058.rds,49991,0d986337f031d03d59f8ce76e828b4081cf84049070a02a955a8b1a1df390711,32940
harmonized,59,harmonized/0059.rds,12638,86a41c5f731cac32a9e0192da845e885049fff654956b3f2fad8a401af894a8b,14276
harmonized,60,harmonized/0060.rds,20,14f495cfe8f6c57c59eb2d0fd5dc5c7b6676fb53c1bc2c90794a4ee8f97bdb6d,283
harmonized,61,harmonized/0061.rds,70,d53fafeca8c628d071ff9a6352d88c02986101ff4f20b12978ae03fa2977171c,372
harmonized,62,harmonized/0062.rds,50,577efb20971da7aa7b07e97ab9e0bb51b12eb136ae56cbf4c381a63061f914be,316
harmonized,63,harmonized/0063.rds,1394,d137bb419049adc4e76ee1bb57bfafc7574c877d45ab535226fb21001ca29404,1712
harmonized,64,harmonized/0064.rds,116,772afc97955250ae9c273f6b9f762564f6f395ee5cf0c4952eedf56d1f995172,404
harmonized,65,harmonized/0065.rds,25,5e905e27024e731ba7f72cedf6bbb6fc54ea61b298f6d6377923a2f90e5e7009,288
harmonized,66,harmonized/0066.rds,136,fe55a4354fd7c2661630a550decd6e9c4cac0df098b0a5041d6afeae5b3f18ae,411
harmonized,67,harmonized/0067.rds,1,1c8d093323d8aac37963c0854d2b867b786b86ef92060bba9c8601ca2ddcdcc5,207
harmonized,68,harmonized/0068.rds,1,1c8d093323d8aac37963c0854d2b867b786b86ef92060bba9c8601ca2ddcdcc5,207
harmonized,69,harmonized/0069.rds,174,7116ecb5e8f8aa626efcf325bfbf59186ce3ae9e0d5c9f2464625589e60770d3,436
harmonized,70,harmonized/0070.rds,1,1c8d093323d8aac37963c0854d2b867b786b86ef92060bba9c8601ca2ddcdcc5,207
harmonized,71,harmonized/0071.rds,19,021d2b68f6f6bfe89df553c9f790c9b380193dc6f7434051d758a5f91e271a50,272
harmonized,72,harmonized/0072.rds,143,b422d37dfae90acc6121d6eb01eda3c50a029258f1dc0b226be1ca54f02203e3,446
harmonized,73,harmonized/0073.rds,1,1c8d093323d8aac37963c0854d2b867b786b86ef92060bba9c8601ca2ddcdcc5,207
harmonized,74,harmonized/0074.rds,13,cec1b3170a1af93f4ccb3ce566a24fea646191f975f84e67b5db2700398083b7,246
harmonized,75,harmonized/0075.rds,84,007f45e19d926e2688cd184cd25f69210501e0f60c3e21fe9e226e321a2e07f8,361
harmonized,76,harmonized/0076.rds,130,9c6bf426400556d8fc96c1689a6b662bf4a314fd71dbfc3fe12093473ffa9fd0,447
harmonized,77,harmonized/0077.rds,27,652503bd59fd3a2fdf5b4b397bfa197cc87bbae12aeba275c1b00a4b4b399a3c,272
harmonized,78,harmonized/0078.rds,229,6c6c3f2bb0452ff5998bd3df1d67f862feac62645f8e02bfe0f01ea0398a0e7f,557
harmonized,79,harmonized/0079.rds,47,778d369fd0549f3d7a9b26615a90d73ccf7cb14fcbab6b3470b8d0e5862790c4,309
harmonized,80,harmonized/0080.rds,1,1c8d093323d8aac37963c0854d2b867b786b86ef92060bba9c8601ca2ddcdcc5,207
harmonized,81,harmonized/0081.rds,48,534495d564320b42dcbe8bf4f8cfd29c55279ab60093169951f09f6c3719ff39,316
harmonized,82,harmonized/0082.rds,10124,94b8abf5351055a7b83061b0f6eb6347a5ea76f35dc24efd3a78a50aa3b1a434,7172
harmonized,83,harmonized/0083.rds,41,e120448433a3d9697f074d919665ea845d85525ecfc9205940e52c097fdbfd83,313
harmonized,84,harmonized/0084.rds,13145,f601a279cc66f0cac7914dabe45d8faf59496688955b6da3cc5928a3ee62b7d0,7872
harmonized,85,harmonized/0085.rds,7,0cf9c01a70c33c55e8be48d71a1d33aa71cd825537356dc57e05759d43973f34,230
harmonized,86,harmonized/0086.rds,208,de23b47fb5a0e8e4fffb1671bc8f20c0dca983f994ff261f93d2ef5b2846ed1b,447
harmonized,87,harmonized/0087.rds,108,a08722394e02d34d1c8857db5fc0965072c506f9fae20adb8ab3e95355007bab,400
harmonized,88,harmonized/0088.rds,204,85913131588e29155ea853b7034d50822e56b8f71725c7bcafe8f6b525c9a540,446
harmonized,89,harmonized/0089.rds,19,da0aa5906e5559cc795e79c72e11d46a668994fbfd9f6f33e488bd46e54f355d,279
harmonized,90,harmonized/0090.rds,96,7a320e716a38f4af61053525ac6c92badf91ae9ea5066b74b0895c44eb0226fa,405
harmonized,91,harmonized/0091.rds,37,534e4526bea1046ddf4b7cffd926eec0e51adcc1c17b1687dee4718777f23a8c,305
harmonized,92,harmonized/0092.rds,15,2c091078e953f5a36247a8ab2773317d05dbd2b10a544ac2c64756f331c12c24,254
harmonized,93,harmonized/0093.rds,305,942e7058c034af6cf01f3fd595cd05cfed6973b50255e3a3aff5b642a048ca91,525
harmonized,94,harmonized/0094.rds,25,9278a1f85f57f62e62aa3cfd03cf7d908fbebed2d0a318953294b5bc5bfbd266,293
harmonized,95,harmonized/0095.rds,275,f44a23da760876b6b2c759fa86ab7ca112926902e20613baa650b0de85360099,721
harmonized,96,harmonized/0096.rds,48,6fa3574015335f43c7a0755a71d44c917ae42d000602a591ccf0e94451e04a30,319
harmonized,97,harmonized/0097.rds,5855,e94157fd02f8701af2f52de9c40e597d08b2dcf12c3599e10c7a30ef137f470c,4626
harmonized,98,harmonized/0098.rds,867,58cdfc7a28828c9295076615926d9e61a17f58e0ba68c051fdd604459dfac140,1468
harmonized,99,harmonized/0099.rds,422,09ec2c56019af4af459f3200c193fa565ac26dd2593f7e5b048d3f9cfaed31f9,707
harmonized,100,harmonized/0100.rds,356,e4fb0c96fcb62ed4cc5b23ee7b246171ae16163b76e2dc8312a7cceaa9f2b3b4,663
harmonized,101,harmonized/0101.rds,9,39ef6991ec656bfacc041735e02a4f5b5b43193797793ffee3561509e8ccde4e,241
harmonized,102,harmonized/0102.rds,1,fc7dd0bcf8ed2e8c69acf0b440cf146031a3e54155568fc20cbcfccefb3a04ea,208
harmonized,103,harmonized/0103.rds,3,74cb8206c75d1555ca7efda1c5642187250af868ee659137d8dfe3030e5b3bbf,221
harmonized,104,harmonized/0104.rds,18,ed6705b46e795c07b76b368e63b0641bcea80cadf81463b29c162f396e16b729,272
harmonized,105,harmonized/0105.rds,45,e770e65f9834e4459b228a652b4bdafb39c6b3f34c1266e96847d78f5d73c6e5,302
harmonized,106,harmonized/0106.rds,79,5522f2b361d3ee44bf1900b13ed1ad25c65d305a0a4c9479ed0635562d2a4aa0,361
harmonized,107,harmonized/0107.rds,19,da5ba77adc3f98739c199c835ce6b4a732e5edfb3c659d501858031d8f378eb0,273
harmonized,108,harmonized/0108.rds,15394,29a2f7f9fbd8e03068da89f135ef9d50f6432c7ddfd4d5a46d9fa8ccc070d647,11826
harmonized,109,harmonized/0109.rds,11,a448036c9eda31b52fe900ff7bef9c9aa23d0f92b42a801d9996aee2a45af235,256
harmonized,110,harmonized/0110.rds,14,ca0cc337738e250e797816f25ea56c4d758290106f991fb2aed0ba2a787f0164,258
harmonized,111,harmonized/0111.rds,10,06dacc8abb544c2de4376ee75ce50f36fcac34c99ed3b02d39a7e210ba509b17,255
harmonized,112,harmonized/0112.rds,7,76dec82bd96e92d3f5892e14f705e9b131b6cd56063fd581bb0bf98e38cd2e8e,235
harmonized,113,harmonized/0113.rds,5,8ec546bfef57a610259135a17f1ca8dcebba37a891e07fe551c86e922a75ba80,229
harmonized,114,harmonized/0114.rds,69,48c0f135e82db7afb0b216001f6a10ba0c5e0948c3ae7e6bc6dfd5c0eeadf335,340
harmonized,115,harmonized/0115.rds,158,e470e640f93c17f1130a2c0e1157b7aa77e5e471e01a706d6cc99c560922b12d,451
harmonized,116,harmonized/0116.rds,5,b452e9faa8ab6ec86666e388422d7fbcadaa6b940dd05072fd35bb40f9d07657,224
harmonized,117,harmonized/0117.rds,4,6a9a249cfbd67d702cbb60f672a20cd17e1bdc6c24aa9dc6f4fd563a259042a6,221
harmonized,118,harmonized/0118.rds,176,76fd21db1363150cd6224c53c2230a9c750e6bbd947462c5720f096a84337042,612
harmonized,119,harmonized/0119.rds,664,ab45b69b183da1232663134d9bcf12655031273e0c3a76147a5bf6879842b030,1105
harmonized,120,harmonized/0120.rds,1,a61a419b5f822617ddf90b8a954f9770946ce6f926d3ee63685a05d0c9e24720,210
harmonized,121,harmonized/0121.rds,14,1312ef0766be36af0096c04d334d6cfa956f3a6631f12c0f4f564008b1b77495,268
harmonized,122,harmonized/0122.rds,7,6834fcf4cbd6a65799297de3c26c67454a731f654138df001e47b3a3cf4abb0a,237
harmonized,123,harmonized/0123.rds,6,e08b1d35446cd0db8be8603f507c41a125b2975197d121152e1bb37226269b52,231
harmonized,124,harmonized/0124.rds,5,8ec546bfef57a610259135a17f1ca8dcebba37a891e07fe551c86e922a75ba80,229
harmonized,125,harmonized/0125.rds,2,06af5da8eed234836ad53cad5a87147a4cd9b0acf3fc5d3c8e1cf2cff037f626,214
harmonized,126,harmonized/0126.rds,9,2e1a94e1a6370bcc97c94a9a908be763944c5aac8ffd051fe7d83f2785c93cdc,243
harmonized,127,harmonized/0127.rds,261,d42a6954af2a36db18f80c99917a0bd83906f19f10b889cf4577e0e1ec846e7f,549
harmonized,128,harmonized/0128.rds,7,506f0b978dde8b1139784c4996f7ebb19ef9366442655955ced83cd9fd9a2647,239
harmonized,129,harmonized/0129.rds,11,82163d5fdd3317a068fae85c7482d2cf7bd315673c0481de3de2e0dc11cd2069,262
harmonized,130,harmonized/0130.rds,28,00d373fcf50f85fd4e05ef1b2af69afaf2814aa09acb0a6088129cf7f466d481,301
harmonized,131,harmonized/0131.rds,1,78dc650eedadcea8f9105c934598a8624bcd44c161a2b46b6151cbe67ef2d424,210
harmonized,132,harmonized/0132.rds,145,5bd96eb9a27993b6131aa3197f88531861ea43da2731ad9dcc178345b0b9e7d7,491
harmonized,133,harmonized/0133.rds,2,ba678a7fc8b152ccbfeee7361558fce2539dbc7047939085349f6d18bfacc167,219
harmonized,134,harmonized/0134.rds,76,c4f51c0214c261d09cee55330a9ee9dd2adb26b2405fbbf71e5ad3a887ca5f74,361
harmonized,135,harmonized/0135.rds,15,ba8cc60f07bdc4d9f525c53489dc945906dc8a55335f506d913e016b33e81d29,255
harmonized,136,harmonized/0136.rds,3,b556cfceca2366ddf9e2a579599454439956ee5bbb0e12f7bf8f95d72a6db3b6,221
harmonized,137,harmonized/0137.rds,3918,2251ef5fabddf2199f1afc9000d6f6f9e0937d4f4954c59c650cce42749127e9,4578
harmonized,138,harmonized/0138.rds,60,cce2cf93d1aa27d1ed019d9f195bd02e1f5f0874f24aad3813d7092b0590de1f,353
harmonized,139,harmonized/0139.rds,5,b2079167a615f85b882e86043a01ca84fe8da75a50f23a8527651fec442422d2,230
harmonized,140,harmonized/0140.rds,53,3eb66052a800505ecb3f0b7bd7f006b31925991ad6b2f5fba488bc4f1fc2788a,324
harmonized,141,harmonized/0141.rds,20,b3dfb8fc02da0f7ac61419fa70eb88852006f3bc91ff63d194a5b97bb3325f73,248
harmonized,142,harmonized/0142.rds,107,14330adfb651fe0e34d1f5b520be7023e0be2a603a2214d8df3bc975a261f711,399
harmonized,143,harmonized/0143.rds,70,98b591f6907b06bbff486283e14aecc8b4b79ede6686501e2b2eee6a798b8343,342
harmonized,144,harmonized/0144.rds,1,2a8620a2b0a28ae31d41331378cb815c5acbca8efc6acaab6f22a32282846990,210
harmonized,145,harmonized/0145.rds,34,c23d4d03ff740d6fd1019448d1a1c532c17c6bcbf88f91eca95bcac82b19da0c,290
harmonized,146,harmonized/0146.rds,115,5c58210e7b25a6ab1d4a64506f8c194aff5ddf41179d7704eab58d62cc4209ec,619
harmonized,147,harmonized/0147.rds,2625,9064418986eb09329fbaefe4bb7c274791f3d62fd854fcb355f653bdc0f9a48d,3330
harmonized,148,harmonized/0148.rds,45,d4b71630fdd26dfa9cfc9f5354f2cc143706b2547349d9fcdd79604fb3926422,317
harmonized,149,harmonized/0149.rds,72271,a6b889b75c26be7a62301894505251adf3f597cb9e7a70952e8a41f4cce97e87,42081
harmonized,150,harmonized/0150.rds,1,ea96a1862f4d8f82d3c0705eacbedc339020bb57225be1e888893fac470a2afd,208
harmonized,151,harmonized/0151.rds,56426,13eda792e34087106305f1852e7ddd85e33a61e8f69b98f4cb5cf9a0621011b4,38344
harmonized,152,harmonized/0152.rds,3,04edff08ed89dfae86c6d3b82ae96dbaeeb27c94854f6549a6f926bf15060688,216
harmonized,153,harmonized/0153.rds,1496,432199edbfa1c496fa9ac5c499c7f27d515b0c74de1f9df2ccf5e28939eae550,1467
harmonized,154,harmonized/0154.rds,11,a3dbee813de791ffdf9483568b2f631f1621198db965583d5c62d272aa0db22b,246
harmonized,155,harmonized/0155.rds,3,0eaa00f3a0ded666c4d31dfa11832f8de78863063684e99c756726697a114bd9,221
harmonized,156,harmonized/0156.rds,292,af150cd1861e773a42fef301c875e1a8d2074b14bfa267528ddbeb5007fe4c01,610
harmonized,157,harmonized/0157.rds,22,2d10cad49d6379e2d34a98424b12994952f2fa175344c66ad1857127d78da29c,284
harmonized,158,harmonized/0158.rds,245,3db3227fc0fe45e8a9688f0c8910a1fe3875d33cc08c58b503801b159202245f,500
harmonized,159,harmonized/0159.rds,2,6374f8eb8bf669270b946fced7d8fe58867c376e9a6ce25f1348eed3c056f260,215
harmonized,160,harmonized/0160.rds,0,adadc686412c8a32c45fc2489b7ee54f6faaaf976b3b04409ca638c0bcd353b3,193
harmonized,161,harmonized/0161.rds,170,d3e68b731ae3d1ef9838f32dd99d32844b0689fa7b8e302db422478bb67ba8f6,488
harmonized,162,harmonized/0162.rds,2,494cf101579e9b6a16273b9284b461224f00d80ca1bbb09331643b2a1a7732c9,214
harmonized,163,harmonized/0163.rds,10,8a55e1ba58dcb0cb22d358d2d0aa9b639c502b43a2e4ee2290f2f44cd8542661,243
harmonized,164,harmonized/0164.rds,3,62e29106aaabdbadcbc0607fa72dab36451c3b6644623d056a227dcc9bb0b202,218
harmonized,165,harmonized/0165.rds,2,d356192ef86b8c2646d0dc604ca50109838c2cc2cf58f0bde34266d85e6891cf,220
harmonized,166,harmonized/0166.rds,9794,6ba771f0c13d71c2fd74b3bae99342f59381291faf7df805da9a4b84e1467514,8320
harmonized,167,harmonized/0167.rds,5,82c51ceed0f25813eaded7403c9599ab57eb87cdafb632d884b9f27e3156c3d1,225
harmonized,168,harmonized/0168.rds,1,183cc7d9a4c4652da796505cca9f16dc70ff2fe10c56724c795216c5f6b693c9,209
harmonized,169,harmonized/0169.rds,75,c54c23b17f2202121c9b116c721046aeab8c88fc7300805729b18367c11da08b,361
harmonized,170,harmonized/0170.rds,4,076853ebce7561759567c2004d90f21968ba0d949b15f68b2941d41902280c89,227
harmonized,171,harmonized/0171.rds,111,a2a4125d5a8834718532bbfd4493f726a8756a6fa79992dc0dce3956a99af543,406
harmonized,172,harmonized/0172.rds,12,e363873c2a1c56ba0f6964a64cfc198a1d2dfb5910efa315cb43fa109819fedd,259
harmonized,173,harmonized/0173.rds,1,a01a6c24f8f0aa63d91d4299b5151284678d78ceef7c99d1b47752dab9fae043,209
harmonized,174,harmonized/0174.rds,8,cb02901e084f2c4fbd080a201f9bcb1440fa30985ded18f76b07487bc5b04bbb,249
harmonized,175,harmonized/0175.rds,112,2527c561671fbf8a7f8f019ba171b0508401547ea47ea44210b904cb8fd96f0b,390
harmonized,176,harmonized/0176.rds,18175,501e06f1c72976e7d79a51309199c63ecd4a30ddb37fa306aa281be0e4d5aac4,20878
harmonized,177,harmonized/0177.rds,38,c1289f98dfeb569a2189c418bf57ba69346833d049b19e88c13f9bb9382f53cf,302
harmonized,178,harmonized/0178.rds,7,3ad9dfa3a7de26a694aaf53b6ab8c86abfd93bf10a14b569c0d2e4ad7f33cd47,236
harmonized,179,harmonized/0179.rds,145,0fef6bacd3e4e884c3bc5d21c2f9a4aee7125bca4384d07f0e2210756a289074,433
harmonized,180,harmonized/0180.rds,3,66fe649530f3d5dfd0d56abc3ae9d2798a2c6103e1919b4abd1d0ac9ca7dc5d4,224
harmonized,181,harmonized/0181.rds,60,e907d1e65acd503903fecd84f8d8d614e187cabd43fca864e022a0aeafa83ba7,382
harmonized,182,harmonized/0182.rds,32,e73e2a894b93d931993e972399622c09eefbe9575767d44114e65e6fc208eada,303
harmonized,183,harmonized/0183.rds,2,e7818c6df4bc48234e35915230dd2e03b4b26771d9ebafe6d2edba075b47c0fb,217
harmonized,184,harmonized/0184.rds,68,3dcfb4685581d1071320a4dd8950af5159332a25bf64b5d0a24a557a366194f1,371
harmonized,185,harmonized/0185.rds,11,d09b1e39477f799b475c617f331eec00341b4e37b3ec84560cef57c5e80b46ed,244
harmonized,186,harmonized/0186.rds,2,bc6a3704df20686a0463234eb22c2e8d348879c490c098fc13e50df5f2defc54,211
harmonized,187,harmonized/0187.rds,261,f664bf7e99238bb7a37d55be48113ddd873110070c8f43b00d62e7581ac4b461,594
harmonized,188,harmonized/0188.rds,9,feec0230bc4f3cdb82bd47e72d5d53b8fbb14925ef377c164048dc5a21e582ee,244
harmonized,189,harmonized/0189.rds,53,a8732ae0b173640178abcaea773d09added9e1334dfc37d2b29ed30e33060d06,338
harmonized,190,harmonized/0190.rds,77,52d422e20431552c20e8995463bc17fe078d6f0bc592f0ca356e84ea8c35b3ec,345
harmonized,191,harmonized/0191.rds,38,5bf28a29ea30f7412b4567d19db84f974fce994e39ee5dad430cac34619b076a,296
harmonized,192,harmonized/0192.rds,6,f7ae9a4ce90aca934ea7ce41cbd4bc6c7160a0e3c30c0715af43e9fe8005379f,233
harmonized,193,harmonized/0193.rds,500,b4bd8462ad0596e572ecb71031b7dd3080872d474b9450c92dab331386dffff3,838
harmonized,194,harmonized/0194.rds,16095,5be348bcecd83a6b6039690145792b6a61d059a074e2730ec23e978e9d200474,14654
harmonized,195,harmonized/0195.rds,3,2b8e34049bb8fd12f7b426433fd183fd2d51d76b579e83e474466c7a3b27630d,217
harmonized,196,harmonized/0196.rds,112702,8cb1daffcd0c46f7d9e7e7cf36e1d98678a5b2d5b5f565b433cad033f4378f58,61708
harmonized,197,harmonized/0197.rds,1,020a6040e760d7a55c2c68d3ad2bdd5bae4c12b5bf3bfb398f3798b6990d865c,210
harmonized,198,harmonized/0198.rds,64,4bf9b47acc2da44273ef3416c2762766085ebc94fc6967af8e47f64ffbd1eae2,468
harmonized,199,harmonized/0199.rds,862,faa93c161b1783803a36e56eeb1cd1122361b20d922c43ed07837a29e6a89f50,1049
harmonized,200,harmonized/0200.rds,4,d4e3fbceb0aebddc62f85e62290ec55cc8b40f15da72f2cb228f929c080808de,220
harmonized,201,harmonized/0201.rds,10,2582c0744916fcba384b646af904cd6dbf9fd166e4e02e5160eab63aa9f45eb8,241
harmonized,202,harmonized/0202.rds,176,62573fae671ff660ad7f9c3166d14e818a3c84369f4c0fc49469228899223b52,463
harmonized,203,harmonized/0203.rds,372,5719d0538fa3b491f0dc4ab234e321b047f22e968e2950ff64cf8fb2bd5f17f3,740
harmonized,204,harmonized/0204.rds,64,10030dae199452497847852bd597ee9c6f381ce5e0abc17c0e0fdec6c7af47f4,335
harmonized,205,harmonized/0205.rds,174,05112bec7502812f2a60e3f73a7051ba2210960ec5530376d8631d7626edcd8d,461
harmonized,206,harmonized/0206.rds,48514,df7915e5cd9a1df58571b46d4d2b0d86cd112ddcaf592e8f40246b72cd2d9f81,41909
harmonized,207,harmonized/0207.rds,124,e2c926bf1013bea6a2d9a58a0b5814b8fbae8f06cffd19bd0a0e4fd36559b1fa,428
harmonized,208,harmonized/0208.rds,43,eb6aa69999c0447858008cffb1b189c9f6d6efade3aa00dd9504d844f5a22766,310
harmonized,209,harmonized/0209.rds,10727,bc146fccb4a712dbe7b0c6687ceba8b26696453c9594aca15687914decc56d26,8689
harmonized,210,harmonized/0210.rds,18,057b258be06d8dd34b31da50ed183911edc7814279b4958bce2845c86dd819fb,268
harmonized,211,harmonized/0211.rds,706,c407f2dbbdef47a55db4bf21d3efc98e2ca4e4884d8aa7e4520d237b2249c5a2,1025
harmonized,212,harmonized/0212.rds,11,6e39ea973274d779be4b20a93a5801fdb6cb871c0b149fe90c3d6ec96d79719f,248
harmonized,213,harmonized/0213.rds,1,7b33c6f7f272bdb80a0838ca8870e290d0de66ecf9394df6a1b00e02f952bf55,209
harmonized,214,harmonized/0214.rds,329,fa9e4f0b73d840e4af62adce207e60447b11251426c33b2b581ba1a66605a0ff,515
harmonized,215,harmonized/0215.rds,2,7825651d837bc28a6bc79fff6cccb4eba21a70998fc2724affe0e8ca06e26cbf,213
harmonized,216,harmonized/0216.rds,16,3a998de26309ff8803a6a1327b643e39c2133cf0e2300c79d93f7617024772ee,260
harmonized,217,harmonized/0217.rds,3699,037dc89ae4bb7b58ffd59af40d871c979c4102e9502007cd01f5da300ab00eae,5296
harmonized,218,harmonized/0218.rds,577,92ccace2f3731ea93e3db79df05f45cbdb6a8f056a1557844d5f0514ae006ed0,803
harmonized,219,harmonized/0219.rds,49,f90b21bfe75e4ad6a65a811350e7e85b04e65736c7e6f2c2f3a998a547e754b3,315
harmonized,220,harmonized/0220.rds,1,e26d48d7b801ef1d2da0d9c9af3d27af2712f6b48b52926aff1538e597e5c7b4,208
harmonized,221,harmonized/0221.rds,14,c58a5c9d4700673bad8c78d1e0317019c06fb5f4363bacd6bb911edf1543528f,250
harmonized,222,harmonized/0222.rds,1,451c2d03940b213658f76a4056832c28750c55d5ac95c1c19ea21c49efadb377,210
harmonized,223,harmonized/0223.rds,8,6d2f8580d8cf6c6acca2575907f0743e4e50ad34fad9a68bafacdaea1e46d2ea,241
harmonized,224,harmonized/0224.rds,32,bcd3f5192ae0155275675fa61bef232f838ed1fedc687b58956482119a567b33,279
harmonized,225,harmonized/0225.rds,1,68206978c408924f6cf2d3ba01d14a6e60e459a8de33b31772abdfe70ea46086,210
harmonized,226,harmonized/0226.rds,4,e943f2eef818c586bc3cf8261d97e8e3b2a3d26feafdcd0fca1820f7fcbb721f,222
harmonized,227,harmonized/0227.rds,7,f85756a08ec3b1b8af46b38cc92ab801f65383e5926784e4ac7b8e1bb33b1847,232
harmonized,228,harmonized/0228.rds,2,882d891016159a280fd20898fb164333ac96a73fa1413481621f2f16a5f1cea7,217
harmonized,229,harmonized/0229.rds,22,66fa8b33f5e5e214e9db97f5cd09b52e7dba420e7baebae2aa61ead26e431fad,265
harmonized,230,harmonized/0230.rds,6931,8d87a7eccdb1f00a2a097af119beaa06eaa3b40a5522e40f0329d2dacec56229,7305
harmonized,231,harmonized/0231.rds,1,9c394c543cd36b11ef338205ccb323b05d2d10b8b865d46d675fbdf7224d8564,209
harmonized,232,harmonized/0232.rds,1,fdb3d9c29996a74adbd7e87ef0e7a719fd0f4eedc5cfd9d004ee58472cbb1226,206
harmonized,233,harmonized/0233.rds,17,0417e7e84d946d8bdcb9a94b088d7ff2f89e410278a79d347c581c07829c1a67,271
harmonized,234,harmonized/0234.rds,109796,3f7e296529904bea6d85fd0474ad0446fc867cc83ef11732afee4dbeb94dd29e,68766
harmonized,235,harmonized/0235.rds,1080,1eb67531e31b4c0c5ec38b268d8a64235e645743f0190a13044e5f2590e43357,1739
harmonized,236,harmonized/0236.rds,20,d6916230e89903afa1855c04cae9e0fc3ee064e463ec591d48ee3d69840b825d,266
harmonized,237,harmonized/0237.rds,0,adadc686412c8a32c45fc2489b7ee54f6faaaf976b3b04409ca638c0bcd353b3,193
harmonized,238,harmonized/0238.rds,186,f4608b9c70beebdff5e5624bf4b6a93acaa4f2205150ec581382793383fe4bb8,500
harmonized,239,harmonized/0239.rds,307,fc6e6161b212f6f1e3e62402b332f07448b4ee09a01279e2d66c174ff5ad2224,609
harmonized,240,harmonized/0240.rds,34047,256800b4e5929255b20e24e716b8797ad856102c1e2ed3a583b180634da95fcc,21317
harmonized,241,harmonized/0241.rds,97,8313d370fd6b35ab708012469b4d32df4ffc2c6d23ae766dd7e245a6aff67642,462
harmonized,242,harmonized/0242.rds,87,3d000e6c706484ffc52fa0758eeac89d8507ecc84d06b169033efefacc2a5e2f,327
harmonized,243,harmonized/0243.rds,25,27ef582f7658e910d868ddfab53d953313cc75fc6a317c383ef88bb0ded79313,266
harmonized,244,harmonized/0244.rds,15,2ee8fe416d96daf32c78c3820f4a6976436ab2ee0601c67fca60fbc888c9663b,256
harmonized,245,harmonized/0245.rds,64,a2a1031d99c47da6330166a7b41fad8efc4af2d02fbc4e3942a11b39b4a685e7,355
harmonized,246,harmonized/0246.rds,82,41a4512bcefadbb7a1873cfdae630d5127076d4b1e4e856a7a78ee0377d9c827,437
harmonized,247,harmonized/0247.rds,117,db71caa713d244553fb9e82a279cada66fcb8f5892381135e38fa0026e0c9803,434
harmonized,248,harmonized/0248.rds,34,bd477a22e99068bb97f44589ff4625c6bc60d82f79016d2c25b51498c60ee119,307
harmonized,249,harmonized/0249.rds,7,5aeca3a5bc6ac04d17dd50baad1a73682ee4b7c8f06b7bc35816efa3a4661988,231
harmonized,250,harmonized/0250.rds,14,016e8032a4676b686c533a6f3cb7bbcc94615312d16641d0806a5fc16fbd316d,274
harmonized,251,harmonized/0251.rds,133,f2b7e91f8869e7562ebdcbc1707390fcc09d4efffd3b5ac674d00ee8b6f37c34,475
harmonized,252,harmonized/0252.rds,38,baa3561b34171e12a0d9ed0fdf2d9219427cc98684d86cf6a945c3694f531f4f,321
harmonized,253,harmonized/0253.rds,11,f0132e760e9e36cffb063df4ce716ec6c7067e636d63a07dbb9d24553e8b074f,249
harmonized,254,harmonized/0254.rds,101,55abbc1e949fa5ab81c548c832b5a701192feae83fc4c586fd411d7f35e13b93,332
harmonized,255,harmonized/0255.rds,183,6159e776d70dce73ff7090de2722fa19c2c631116faabee67f2067faaf154b9d,458
harmonized,256,harmonized/0256.rds,173,422e9f8d4ff1de1a3955fb21548345366755ec908e8602b13ff94e10dfa2adfb,416
harmonized,257,harmonized/0257.rds,88,d97fe913e58245e1ae0b324c35ae6b1e0ef2dbca14c20f4167eef04940883cf8,362
harmonized,258,harmonized/0258.rds,2521,3b002896d869bb8cbdf17996646448e1f9979633b05cc07707a20fe7de7d1233,2120
harmonized,259,harmonized/0259.rds,429,8f620cf87f12e010fe6fe07de720894daa9da1b5f3ed0f9f80d3085b5a548714,835
harmonized,260,harmonized/0260.rds,19,ccd56144ec4c49c47aa5877a3e5f4143c7493f7a4e4b32a4d8b0db0b7bca3685,263
harmonized,261,harmonized/0261.rds,14,9229c7d6987b69d9329f47bb674615d58614d821eba25fb5dfadaf5ecb579538,270
harmonized,262,harmonized/0262.rds,5,36fdeaa1b253effda17a44cecb0509edbfbde03a6e9274ff6a4c7a7bca51e43a,231
harmonized,263,harmonized/0263.rds,4,be6a1a63350b2b773b393f9e35b89c92d0f6c4823aff4a58ad932b1678a5e982,223
harmonized,264,harmonized/0264.rds,1,b15a01a91ec010d56b9d5101a752aee23f5a0294f6d9aa46985b7874210f14ea,207
harmonized,265,harmonized/0265.rds,126,73f7403df70ad45a56e19cde490c2387ab37e7e39d26b14c6321afda46d17044,385
harmonized,266,harmonized/0266.rds,87,8e966fccff6d4d857c53bc50a4ac0c07450b50f6a6870288c6cd3735573e1c2e,398
harmonized,267,harmonized/0267.rds,52,982a009e842b373b01e25b809603781f42b24cc74b7578e256491d9d29c6c9e5,310
harmonized,268,harmonized/0268.rds,8,a955953cb0f45695d52a003bcafa79f130f908e40c191468bb29befb2c29bcc3,241
harmonized,269,harmonized/0269.rds,2867,3a45dc0bfdb4370a5f7048448cd64b530ec33fa8d4eb9487b35e32ff6960e479,1965
harmonized,270,harmonized/0270.rds,14599,76b4fe6a7315f8ad18e75c97a5836beccb3da60c8415a55288eb7b9cd369f70c,8511
harmonized,271,harmonized/0271.rds,662,de6b562ade6af9c5402a82587e004ef6b0ca537fa265381f4eb80e812c6cc10d,1321
harmonized,272,harmonized/0272.rds,631,0dd363bdf6bf619238595b7c07926ea13c078bceb3a68beeebb1ea81aafeeb5d,1170
harmonized,273,harmonized/0273.rds,11131,3b322f53e52cbc10868c6dd9484ad54d57dcea300aba8bd2b067bc573e4085da,8567
harmonized,274,harmonized/0274.rds,4970,19120359b6779e35ebc70fa66ea68c60906ab1c0320c6752b99ddfb3b9c240b0,3856
harmonized,275,harmonized/0275.rds,2,bda91c4b1353f6ac642ae7da2688e32075fb474c0eaac871bcaceee73ab784bf,218
harmonized,276,harmonized/0276.rds,24,c55096af367417c9e50cacf35841f01a6cd93f83fa17d7d1b429320bc0b81edf,273
harmonized,277,harmonized/0277.rds,23,3f357968c025daca921da2c0a2c904d89529c53598570f550e0220c3f0be516f,310
harmonized,278,harmonized/0278.rds,59,4c24b4c7285c27cc9f82a41033ac4f9998c236ebb71c27e84537f3ea5be04962,380
harmonized,279,harmonized/0279.rds,654,660d38759064c70a087e0198ff406230e11296f642ecf620679fe14220ca8eaa,1552
harmonized,280,harmonized/0280.rds,5879,a5436933c3368544d1d314cd463c868428c2947fafc5e1db1eae44429083a30a,6621
harmonized,281,harmonized/0281.rds,27,224d490fdda6f2dd48a1b4957e0e6b2288dd1e1d3f0cf8a04a20b04698997ddd,301
harmonized,282,harmonized/0282.rds,9,603e54d6d34a624716b420c7ade0a0bb9cf8a1b12e9f57998495c2e1f939055e,242
harmonized,283,harmonized/0283.rds,4018,8e20b7a3d461b2f3baedb78b86f4712814e9b919567ac7908d2aba4d27d6a6ee,2140
harmonized,284,harmonized/0284.rds,42360,748778867304aeded9e31b09a086956a8c9126fdb2a0513e9779f0e86fc34e9e,27009
harmonized,285,harmonized/0285.rds,45,e1b9b51f467576244ad9c00cb405cd23826e9a0322c7a8186e7c0be1a20f52cc,315
harmonized,286,harmonized/0286.rds,5,2ad7ddfcb28fe4c48f974a7f18296424ef6d9dcb5ce0298d73a5d97c5020371c,225
harmonized,287,harmonized/0287.rds,3,06f3cdb5ce6e151376008d023363e5778796fb5ebc06ff7e75482110560df9c0,215
harmonized,288,harmonized/0288.rds,10,d9e484b075605f41824964f001b806008f32794d571f86ca7cda7d0a818055ba,254
harmonized,289,harmonized/0289.rds,92,4cd0e55561af439433f69170f30339535dec16024ef426354224675f9b78aae9,401
harmonized,290,harmonized/0290.rds,64,b5d6bf6ce44fb5ee8603fe29ad9e846d0695743d99ce5ab45c5fe9c8051daeee,403
harmonized,291,harmonized/0291.rds,284,9ec94f18faf0d371e94400ae55a22f43117ef621598ad4962b09d09e30368a34,642
harmonized,292,harmonized/0292.rds,128,6b3a8f091ba30c2b7abe2a329281ba56e10099a1403c5c4316534cf44483a56f,461
harmonized,293,harmonized/0293.rds,3,4cb7dfe60c15f43ca540189cd9240fddb9700f6e042521e5b1275958ff5914ff,223
harmonized,294,harmonized/0294.rds,11,886f1cfb4474ae7d8ecac036fdfc0ecac2a44bc8cf295e8c482c550c6f9c37b5,245
harmonized,295,harmonized/0295.rds,39994,8923c0a1b5902ed7431a2d57b1365ae17f5c04a0a9f17d403cb6ea8eb5dd793f,30750
harmonized,296,harmonized/0296.rds,71,ee39be49abb852dcc188e69b61bb66a5b9fe8af7cfa99e7f4fa4bde1956bba5a,339
harmonized,297,harmonized/0297.rds,101,318fe136ede7212434f0b5ddb5be682bdea102dc34abf6ce275952b012e9ddf7,339
harmonized,298,harmonized/0298.rds,25,fd47da9cee9f52fc0d72f8926612f64120279e459e2b79c58d2f6ed6b3a70513,298
harmonized,299,harmonized/0299.rds,15,6034e5f1169eab3e49b744c4ff07594ba49d453e18f7792a69d358558e96bbdb,258
harmonized,300,harmonized/0300.rds,64,3ce206a94ca57e88bd55a3474b67aa0f345677e47903f6343f292f4fd793759d,361
harmonized,301,harmonized/0301.rds,72,5fc85d1b3e4aebabe83dffd65e11f93af538ae0677c12461bfb5f063830cf64b,365
harmonized,302,harmonized/0302.rds,9,8ea2a7037e4543469411d7b602a451449edd906c06f89c5bfb28e22e31fde823,242
harmonized,303,harmonized/0303.rds,3809,15a98fbe3c5e26530dea34e11ff0e80c47a50eb9bc76547081519f66d26f3fe9,6791
harmonized,304,harmonized/0304.rds,20,ed7580980fa54e8f237d955b3c6eee9c355bcabdac62f1a951af7e052888cfdc,277
harmonized,305,harmonized/0305.rds,21,c07af49beb7fcb741370851fab7ad06285db82895559619b75bdb2dbbcbd5e04,291
harmonized,306,harmonized/0306.rds,79,bce2525d68140052497584df5b1510cc1498b6f72f342b58710a6af98e2e786c,421
harmonized,307,harmonized/0307.rds,44,acf522bfdd077b5f34e54ab48de180d6ce8b14b3aa8244e6abad62790af2e4ad,336
harmonized,308,harmonized/0308.rds,48,424e8b8c5cf294ba70f1d8d5b490b0d6b5e588a3cb937f498ca35c0561fd30b1,310
harmonized,309,harmonized/0309.rds,13510,c0320fe4c36d54c3fd51597a0ee5d9bc73d3959a07da783eefc6557359632bb6,6797
harmonized,310,harmonized/0310.rds,6,265af57b80ebc2d418d1232d50fa80170aabd9122921af9daad81b212a7b3984,229
harmonized,311,harmonized/0311.rds,7,fd7a5f00bb4eb824c9e445de7067e34ea7d255a5e0791f27e87bd919d50eb955,252
harmonized,312,harmonized/0312.rds,5172,c9e981f906f2b993847952c047408fcbfc19d01d933cf2ec58f1cf72a00fff82,4980
harmonized,313,harmonized/0313.rds,16,35a74014c7a3a8707345532f979a047935fc914ce48442a0a6c2ad941b469cfe,249
harmonized,314,harmonized/0314.rds,218,d3ca817cbfb4091fb4482c25c3c70dfbb3e9d19a8257dfcab1afdb1a96ffd4d0,474
harmonized,315,harmonized/0315.rds,15992,d1fbf1276f96279c05e4f2947855156d1acc4a687816deb7e28bf3676e776e89,19432
harmonized,316,harmonized/0316.rds,3,dcdc6a27b18d11d398fe8bb763066e462ec9c6d3a341de51d2b82793e3f9458f,221
harmonized,317,harmonized/0317.rds,39357,ee57923e94043092e128260a32e4d4868dc9958c7098d55a304432bc185933ce,21834
harmonized,318,harmonized/0318.rds,63,77a448fa8a2e2477cd810b1094173e841be21603bcfad35919a814eb6aa15ab3,341
harmonized,319,harmonized/0319.rds,20,3c113f3943c0733df260632982494c8989d6778aafe3424d147b667a6cbe2dca,265
harmonized,320,harmonized/0320.rds,1,fc7dd0bcf8ed2e8c69acf0b440cf146031a3e54155568fc20cbcfccefb3a04ea,208
harmonized,321,harmonized/0321.rds,124,00bdd51dc2396e7f2d078dbe06766d29c7f237a87d0920b8d111f68fb2e283ca,410
harmonized,322,harmonized/0322.rds,7,404b04ead4f990628f35dcbab2cdeb3a1904730679e96c4f1dc36c450c5e6416,242
harmonized,323,harmonized/0323.rds,13,01b94202cea3f65cd5b17e69b0a2141bc674f8ac5802c59965f994eebf039566,255
harmonized,324,harmonized/0324.rds,402,34294a6c9328817eb0287c9b2171e5aa50f162b3af475b4dba8d7155b2fe4c7a,742
harmonized,325,harmonized/0325.rds,20,ad0c1dbe13601708f01b5dd28ee00d58b0156515e7c527dd5b534f5691dfcb86,262
harmonized,326,harmonized/0326.rds,125,1db642528eeb92c7e23b897dcc49dce89ca0950e8f697c7526a1bd8a51fd7c33,367
harmonized,327,harmonized/0327.rds,10,86bf34386dbe0f0eb046a96e76fd28e686d694ac06ce3a626c5ff2a56d7f2f21,239
harmonized,328,harmonized/0328.rds,76,4e1ff9719eb2d4c4cc8e680a38840800a8291d084a4bd81e1af7a29ff20cb1a7,339
harmonized,329,harmonized/0329.rds,13,dbc1500003f1271109c02f450333097000a522314a17f3aa4a8c1cbcfb50a465,243
harmonized,330,harmonized/0330.rds,2,886fcba52d97b9a68ecddbe413bd1eb6f35d1ecc07d232b2763d995c373e7bed,217
harmonized,331,harmonized/0331.rds,27,2ee866d9e64d3fa33e3b249ec48311ab6e157846956db3d68904569e454afa6b,306
harmonized,332,harmonized/0332.rds,122758,cedcf6ab8035e6e6527d70537a81c15483bb17b309617d3c8639b6d1ce8ba335,57130
harmonized,333,harmonized/0333.rds,146,b40736771ade5457ffdafd1a98bd719729bf0699a1b4be16b1d23153c24cb5c6,492
harmonized,334,harmonized/0334.rds,24,f4e5d761b2a58ff375cf5146d41137082013bb0c12b07dabb4478bd9369ecc45,280
harmonized,335,harmonized/0335.rds,2,628a1e18c89f506e1e9697b0e669e74e5baaa9ab41f238d69e30e20ec790e7c6,214
harmonized,336,harmonized/0336.rds,174,14f4866933d224af5781ff590c387c76cb1d1c6d790ff3f063bdf22691f5b0d6,464
harmonized,337,harmonized/0337.rds,84,faa3d6c7e4ff2dfa552e0ab43a0e4184fdf546876e4af0328bddb093e0acb76f,373
harmonized,338,harmonized/0338.rds,1,f8421c3612a1eb32f34d9afc304f7bd8ab3d06cd985d886873c8693231240a0e,209
harmonized,339,harmonized/0339.rds,4,185f8ea4eb853d7e61c144c606963a5872ca5d3da2acddb8f33352ef0799b748,220
harmonized,340,harmonized/0340.rds,7,cca62696cf6ee9b2b9219f95bda841dfe1342b91396a887f4a7ba0c25cf81bf2,242
harmonized,341,harmonized/0341.rds,174,5f44884b2554602033448645d048aa92d851253854d674d03f4c5a6f2c7d0cf0,411
harmonized,342,harmonized/0342.rds,13,f02724bff98203941f89304c20da8bf1ade6cc9ec77fe14b804735941e4aafc6,253
harmonized,343,harmonized/0343.rds,34,637c301f0ce48d5725fabd1862929a579af52449a38749dc29b22bf30c289267,288
harmonized,344,harmonized/0344.rds,46,426293e2094828cec065d48907fdf5fcc9499c4be3d5fb1e3a518dc1efa88a66,313
harmonized,345,harmonized/0345.rds,186,03465e3eb13a7c01b8bb3d6b3971e37f2c231d50c05e79fc4d010c6b4d6f0cbc,504
harmonized,346,harmonized/0346.rds,4,be0aaa17da7a85f087be2f5dfe4a2ec54b7092e3de9bddf58ba8519844e893bb,226
harmonized,347,harmonized/0347.rds,122,be130a54bff3dcc8a46cf15daa8ef134bfdcf65bd607640179cd29d74f9a999d,444
harmonized,348,harmonized/0348.rds,309,8d0746a1544516c5da5389164e06c2fb95ef1d34a7b222a0a0c65a342846efb6,668
harmonized,349,harmonized/0349.rds,6,e2c95d4f30a3360d9a1654a88f7940329631c10ad65d435c0baa99dc9fd5aed7,233
harmonized,350,harmonized/0350.rds,24,f5d9ce885899c97e44ac75eb8dcea634b89cf3fb73157b7ecc23feb285d24e14,279
harmonized,351,harmonized/0351.rds,2,1ca0d3f502cb860d24c7f22a4755629507199ac946f24179e3af7ceab713251a,220
harmonized,352,harmonized/0352.rds,6,cc34ea6dc49e5e23f3c902e107e82b04deba26bd3211abfae2fa86da64acd951,229
harmonized,353,harmonized/0353.rds,29,775bf282f669bfe35642ff6305c4cb717ea4468be77a0773a9410050dde02140,280
harmonized,354,harmonized/0354.rds,461,2e92bb9c7fda3b54dd9f189a5cdef3568532c7557e8b929f41799f10e08f5c5c,633
harmonized,355,harmonized/0355.rds,68,8535ca593d764d013ad797fc0640ad0e7a3651c2406816edb3449c8977afcd4e,364
harmonized,356,harmonized/0356.rds,17,350051b9851bb79f1b5d79862711d1e8700bf7bd1a629db456b20b00bd48e905,261
harmonized,357,harmonized/0357.rds,261,09d3dc1680290234f7d6a2fde5f9beb32fa8ab2a3e9e4402d42ac38fc3f43209,575
harmonized,358,harmonized/0358.rds,49,af29539d993aadd0ce8970fa4cf127f41c9ba1fdead37f34e88ac79e45ca56e6,323
harmonized,359,harmonized/0359.rds,11,c6c780546f04ed043b09fe4fe4ac4f73f0be5fbd2421cc0dbc263a6599d2fe24,243
harmonized,360,harmonized/0360.rds,8,c4c0199858f00604684f073d9a95ba1aa9e18bd90bc156df31628eec4c42b7ec,258
harmonized,361,harmonized/0361.rds,4586,3e8bcd94ad01882d7e62ebe6a588a3392b363bfa4e94374f0b635e770c24d20e,6388
harmonized,362,harmonized/0362.rds,42,0aff1e4c854aaabcf7dfe20960975c90667980b5d3ca17874c1fae2b002c616d,295
harmonized,363,harmonized/0363.rds,7,ea4e55fbc6ab850b4c80f0ebc1a06cac0091fcd80fb35c144f8e54cc019e72f3,233
harmonized,364,harmonized/0364.rds,2160,da03bb2806ee985e996abdd7fd29c9db2d03bfb64eed8b6833bb9e496ad59e1d,2469
harmonized,365,harmonized/0365.rds,146,889e1ec73dfaa6feb0120cb443142be7215b702cfcc40be7bb02779d1eb95006,518
harmonized,366,harmonized/0366.rds,46,f93c03554e727670f1bc7626bdaa28d3cbb6556335b567db95893cc4960a0d6f,311
harmonized,367,harmonized/0367.rds,1,7129c1d1c661bddb3942319f3ae3f5bbf941405b7e6e924238c3ef4a116686f6,210
harmonized,368,harmonized/0368.rds,409,9ed46aefeb2f32e14d7ce4961d151c0100b2bc148468f0ebe1688765d932f343,695
harmonized,369,harmonized/0369.rds,0,adadc686412c8a32c45fc2489b7ee54f6faaaf976b3b04409ca638c0bcd353b3,193
harmonized,370,harmonized/0370.rds,129,08379a618e855792d7e03e0650f32df21c57e6663f57ab388327071ae60f8bca,467
harmonized,371,harmonized/0371.rds,66,52779bac447ccb3da03c6a1eb609ad0725bb975312b97c7ec03bfe1e6e5dbba1,346
harmonized,372,harmonized/0372.rds,4210,115d342f33a4e2afd45a02cc6a2f36e0d406517a237812db754c1a5c55c5bf5d,3087
harmonized,373,harmonized/0373.rds,195,10703e213443073f69588ce7345d2f650f0b836bb178e70e627c44978aaece63,456
harmonized,374,harmonized/0374.rds,20,bbfc439a2ec4a56559e2c916916da43ff56cf814143776e34304308de34b2dee,272
harmonized,375,harmonized/0375.rds,331,1d43d51fa2f59310b805c779f58f3f783584dec826e6192c730e8c6d82111b70,569
harmonized,376,harmonized/0376.rds,23364,3cc96b4bbcf75d40f19a2e98dc4506f2cd67ee72a42c547250aeb7ffc86d777f,18288
harmonized,377,harmonized/0377.rds,1,1356e5089f422d0dea47f892559d8434c5fe7052bac1f07981389dda37fa7539,209
harmonized,378,harmonized/0378.rds,75,b908fcfadcbe3df0b0bf57c9f5f032aa3161072fabafe0716389050d55cf3c0e,345
harmonized,379,harmonized/0379.rds,431,4e22665490c5a03309033da94d632aa6d98ace0cc2cca5b8f61790032f949f84,883
harmonized,380,harmonized/0380.rds,41,bfb6809cba60fc6e91cd9269610f63a0bac06dd2529d7b65dcbc12d3c7f0ed3a,342
harmonized,381,harmonized/0381.rds,82,b1f0c3b5ef2d09c3c263f479b29c4dd18dea06b7256ab807eccb89ad0545c60d,359
harmonized,382,harmonized/0382.rds,21,9c3d67162ec4bd2d5426afa35da8d36622aa265f7f7658e33c8b82f3ba27ed84,287
harmonized,383,harmonized/0383.rds,52,53c4658a983be5b3980845181268213dc605f0d4172dc59539e04ae3ca81730d,350
harmonized,384,harmonized/0384.rds,554,ee0ca5b5f26c6b285b3d7a9ef2db4b27ead3938a59f859f2b55084c0f33e28c9,741
harmonized,385,harmonized/0385.rds,7,df18241e7f8c7cfe7462456d315714e4ac0cda8c6bf09e0fae6a278a87075319,239
harmonized,386,harmonized/0386.rds,116,c14b4fddc519fd3d4ce9de2efc2cff55de44e99ecb7dedad4e64a5daa1d2b595,467
harmonized,387,harmonized/0387.rds,36,0b9aabf8994ff6953362be66846a9995956444aecdaf06ebfe3c1cf2f0ba64c9,302
harmonized,388,harmonized/0388.rds,558,44ebc93a3e417489bc1131a37c6ca2a9ec45b073ba3fb7ee709aaffce22ec69d,680
harmonized,389,harmonized/0389.rds,217,840d6b48ca733c4537cb6d6d673401cb900c0530a858580b279188e341355f75,514
harmonized,390,harmonized/0390.rds,9,5d6d392807b55a31ec30b7df987ccc677475303f875ef2e7dfc247e241b97e7a,252
harmonized,391,harmonized/0391.rds,5,43278cf69b34ba9149ff3f1ee4dad51d9228788eba6adf6b4dc6315cadb34314,228
harmonized,392,harmonized/0392.rds,145,2e9362918cb756ab370fba4374f019323a0ec1540adb98926412e4ea87ded40b,378
harmonized,393,harmonized/0393.rds,18,03e4a3d0c7ae6062442ef70a3e0e1522ed798bb294c808c560b27f8613ffa304,273
harmonized,394,harmonized/0394.rds,122,ed7a5df2d07f67271f4018a4bf85b9dbca59fe6d7cc564d30ef9d6d26872010c,483
harmonized,395,harmonized/0395.rds,110,4a0810bdb85ed95f223ed719186c6c171319f023081e36d1b4c7bbc48cc92476,406
harmonized,396,harmonized/0396.rds,1,11a81d144c79601d5458fa80fb61e16e8208ebe28785b418b815c4fe3e11ab8b,208
harmonized,397,harmonized/0397.rds,18,1f155c51f90e6a96300fd07cb46fc0786fb654dd59f2c0c3d89dfedbe1c077a8,258
harmonized,398,harmonized/0398.rds,31,af66c151c4e119292148939b5939236a9406b9b9443aa8b07d15695013741f48,289
harmonized,399,harmonized/0399.rds,3,d744f3bbc9e1e03f3e79763254e71c5f8d6b3445bbfc0601b7d30b22889f2974,221
harmonized,400,harmonized/0400.rds,55,3c466850606d092f61c127c26c3413e9a33a2d62ad37e6d65603ad0864b870b5,342
harmonized,401,harmonized/0401.rds,3,e255c00f4058dc01d302f57fc6ff01aa6300c2f590ac25a6c1d08be1e93f5846,222
harmonized,402,harmonized/0402.rds,17721,06b1975666293769fbae153c12e46732ad2636ca72f65095ac0af3e68ff12965,14385
harmonized,403,harmonized/0403.rds,1401,457801f1f8cfc91c8e443e4fe5665c3cd3cc7de269eb26df1297cce1207c93c5,2259
harmonized,404,harmonized/0404.rds,53,f4950203b4beb99f9456d2fda8411855fa03b7ed6eeace88e17acafbb0e65746,340
harmonized,405,harmonized/0405.rds,129,ea2b97b9da16b67df2988d3917b3d8588260e884bd049cf86aa7add30c5c956b,417
harmonized,406,harmonized/0406.rds,41,84049f0638702cb3c51b01d6764a70373221c36c5b0f247d9f50202826238ae3,311
harmonized,407,harmonized/0407.rds,587,ba74258e0f87cb6ea4f51d278e11a789a76797e666e39cc5f26f6f53c8c440f0,774
harmonized,408,harmonized/0408.rds,181,7e7004a71019e85b9dc41bc29b59f52f6854d157faeb3d7d9b85a6f53f8ad95c,545
harmonized,409,harmonized/0409.rds,13,bd5062d44a640c8bfb7604209e0fbae1c8f766a0871ca2772778220ffd5aa9eb,254
harmonized,410,harmonized/0410.rds,227,a02b78d75e17a518e3a052a6569d44cb11ef784852868a7e8d799a5410127153,490
harmonized,411,harmonized/0411.rds,285,f4c39e7d2ca599f62f4c3cb4f3e1c9254513574162c3f524a5dafe47f845d473,550
harmonized,412,harmonized/0412.rds,47,448b28431fbaba368bbf3c6e3d6111d5043c7e2bbd00723920b366e8b351e9c9,319
harmonized,413,harmonized/0413.rds,1,3842ff91987b12f9435d93b2f2963ec5eb7c8e000cb32a779d5bf0c4c4dc36b1,209
harmonized,414,harmonized/0414.rds,6,4f0b62d2c6a217f3780edafaf83887b5d5207a66040cdd575042a534fbddb74c,234
harmonized,415,harmonized/0415.rds,1,c9a3b9f167ee0cdfec1a5a75089a7904e49ab8141532c7328275f4cbc6c50e1f,210
harmonized,416,harmonized/0416.rds,3504,699e9516e282bef58224566478cd15241c592ba58fc0c73bc8744bb34b6ca0d5,4181
harmonized,417,harmonized/0417.rds,8,941a1c4e6192e1e78100348c9aac346ec2eb6ab1e15b5b1873bffc03b1d3a65c,231
harmonized,418,harmonized/0418.rds,26,b74483fdc600ee32537931280fbe6baa6170750c82a9bd3e61ddddaf73ed11f0,279
harmonized,419,harmonized/0419.rds,25,f6dfe96d8dd6cd417c9a586fac438d6db9f354507d2b2130198a4c88c6010f57,271
harmonized,420,harmonized/0420.rds,10,1e9c54092446aa5eef15091a0e0962b6b28a246f615b9b2f3fdb76fba38d28da,248
harmonized,421,harmonized/0421.rds,8016,01ee0c4c8e294b7f0e23cfdb8855111a7e2a1493b21b6334f07044cef3a16af2,6832
harmonized,422,harmonized/0422.rds,334,d4a87c5c391707e03a0beb641b16e201691dd28b515ba9d511242385235c722e,525
harmonized,423,harmonized/0423.rds,1,8b908e5c797d1a1f7168fe8a6dc6971b4f8f9aa91d6d5d0d7463063bc90401ee,210
harmonized,424,harmonized/0424.rds,12,9f58e13f4ee223c179394884ed2e69b8477967e836223cffbeafa5e92d0f7b43,254
harmonized,425,harmonized/0425.rds,5,5be4c56afb727f2273de0a63f1618f77c94c5a1324a3f1207a2d8cad78ff0532,233
harmonized,426,harmonized/0426.rds,15,6c82adb745375baa277677bffac978b5d1f4082b3033fe0537d6bd8d69bd7c20,265
harmonized,427,harmonized/0427.rds,1,b53497b095a7cf1c93f476b33e7a638999d5f447660dccca9b6df4ee97a3df0f,209
harmonized,428,harmonized/0428.rds,57,1d3b1cd86b69dff42cf439089f897b1dd486335c17c3d88f2ad1c1830e4de03a,350
harmonized,429,harmonized/0429.rds,20,95de06d596b41c42331789c1abbc56223c4d4198a2d8b370f1ca1dfa3e919552,274
harmonized,430,harmonized/0430.rds,12,4170d90e08098cc5d1557e690cd8a473b5766cd58f1a64eae42e0a442b7694e1,259
harmonized,431,harmonized/0431.rds,443,d269de8505fd14240da03f170f8e9776c27fc524df124408038e84056a386eac,631
harmonized,432,harmonized/0432.rds,209,95181da36de09db21b2ec3fd371c73c43be43fb67afb17449ed499980cd2ee65,503
harmonized,433,harmonized/0433.rds,0,adadc686412c8a32c45fc2489b7ee54f6faaaf976b3b04409ca638c0bcd353b3,193
harmonized,434,harmonized/0434.rds,133,dd6053dd495bf3a4a464f276c91cf054594e8d8d4ebc59d59e06a1745fbf5b81,469
harmonized,435,harmonized/0435.rds,4197,daabd94ad60071720ed4ac5e6060b3f84127edbb52704f0bbe0063444977d4f1,3492
harmonized,436,harmonized/0436.rds,8,1590bf95460a588b28bf81321b5ce723d371402643c696b331a05b5a950600c5,256
harmonized,437,harmonized/0437.rds,7,bae3bc0a6823ae656ec46a209f37e9369b37293ec1b5177a48eaf1d462ac213c,244
harmonized,438,harmonized/0438.rds,16,cbd7ed354edee2bd900c8fbeb11aa3672dc5afca412d6129445e9f4bd087af35,270
harmonized,439,harmonized/0439.rds,171,ea632b57f6c150b4f913d33c5f43799a508f3fcf5fa445239ce6b30fc41e3f57,520
harmonized,440,harmonized/0440.rds,83,2cde6cf7223b5f03903722da26771054baed818b32962538037c08411be3524b,371
harmonized,441,harmonized/0441.rds,200,2fef7992a9869e4d39081dff3c5382c4dc934834eaa0107ea2306679aa666b02,520
harmonized,442,harmonized/0442.rds,88,9203089b04169adb1f92349b33bf582a0897a13ea0fbe5a0aa8a2a239ed3a15a,356
harmonized,443,harmonized/0443.rds,23,63af8b972de9e4116b85bb9459c8006dccb4b65d67b2006ad7668940508afee0,276
harmonized,444,harmonized/0444.rds,24,0b576a7c19e873affd7836bae6cf1598cbad5b9bd4bf2af0ac108b231c1bc6e7,298
harmonized,445,harmonized/0445.rds,5,a9ac33d11af65312f2724780bc5a170d0bf1820f62c223e1d32e719eb79bbc35,230
harmonized,446,harmonized/0446.rds,10873,cd17fc71ae0d9f2152e611493f42d53b627698c172f0afa6604fa421a23d0834,10683
harmonized,447,harmonized/0447.rds,81,de1f27b734508030a345735cc4dca1357733f008868d1d2662a6ef4ea0769119,389
harmonized,448,harmonized/0448.rds,25,3ed6953311f58b63acbe4f5c89e24a9533225898fab18e4e3affd7cff7d9c5be,290
harmonized,449,harmonized/0449.rds,15,054ddb51c565991fc25648777790d58eeffb8176dae8e2c02ef54730158c1ac0,256
harmonized,450,harmonized/0450.rds,8268,31ffea97f1159234455e49d380009d4869b6991b1b3b9d3f682f42f791d944fb,7819
harmonized,451,harmonized/0451.rds,20923,19a9c035644fcd30324773cf502d51493c01473c1f1ef9c8d02caf850cd88015,16639
harmonized,452,harmonized/0452.rds,14,cb93ea24aa6edc49b0b9bcb39974388a5f30548c9e1d9c1d87901853f913af19,251
harmonized,453,harmonized/0453.rds,12,89f3ca93a8da4459227dce04d02768f6659961d7ad0edcfebb8609eaf278834e,257
harmonized,454,harmonized/0454.rds,2,7a799aef9cc5edd685dfcfb91a602aba15f1823e9e14e2b5c493786e2842d839,215
harmonized,455,harmonized/0455.rds,27,f145b711a879d2cdc88cce94d1d74ae7e5fe705f34e91699a67db27fee529639,284
harmonized,456,harmonized/0456.rds,197,270eb3ee4d9543e03eed452388bb78fd1cdff2be13283f93ad1ab08de1b7cd7d,462
harmonized,457,harmonized/0457.rds,475,ae9732236f6706ef39cb34ae330ad6ec301f74e4c34f04ee21e9c2163e5d48d0,824
harmonized,458,harmonized/0458.rds,12,fc958f0d5cfa8c049983589ce10b099b15019a5e36d7e7cf1cf87d4495b8e407,247
harmonized,459,harmonized/0459.rds,77,50540c2bbdb093f454f330b50f2c6a01b8a46eaef5716c78826c862cda6232ac,381
harmonized,460,harmonized/0460.rds,11274,ecf82512c0694c17f9b89f45d6fcf561e4d6fcb812f1f57ff7ac8f012ef363da,8143
harmonized,461,harmonized/0461.rds,1,7f53b1be2d865012e0f8df58ef13cfc76fe4a85fe2dfe1d7bbc78c4c4f254534,210
harmonized,462,harmonized/0462.rds,28,6e4dc5a5dc8c86a4ca1a2913c999aa48015d5bde86f645685905e4fe9e77d686,298
harmonized,463,harmonized/0463.rds,317,7502c698e90b6828323600df04fccac4bb61c5cfff683917d975b9782cc98d56,551
harmonized,464,harmonized/0464.rds,100,ac7a8d1d37413543bcb9edbba7b9d7e29932bbcca2e5ec3d33bb6189a6b007bb,333
harmonized,465,harmonized/0465.rds,8,569c625818dce662681d80cf6c231bb8c972f6b8326db3d6da22d88a84ea91e0,241
harmonized,466,harmonized/0466.rds,240,f86cde2f3d6804a83c67b595181e171da2c4048c81bfef0f165fa0aa6134d56e,576
harmonized,467,harmonized/0467.rds,633,856b6f85e26358835f80af6a18509c908bfd4bf67fa1bb366d300cc49a063cd9,749
harmonized,468,harmonized/0468.rds,296,f061142f93d63015ca62a3f9316a10ab8b44f506a7fe13218271c3965a48046f,661
harmonized,469,harmonized/0469.rds,3,770424c7895d55c7c72cf7b88455c4b17ae5f286e8bd219a19462167dc5252d2,222
harmonized,470,harmonized/0470.rds,173,df6cac6b8d9aa009105373c395fc4f3647e0cc061a0f7e36146639bf51a29d18,446
harmonized,471,harmonized/0471.rds,43,18bf6a63aefbdde120fd5296e6c9951c472250e9f65fe50ecd8dacfd1d0e1c26,308
harmonized,472,harmonized/0472.rds,13126,4ad8269b694df3cb209a3813692583344d3ea0105391aa0c0c4a4c558b6e5aad,11811
harmonized,473,harmonized/0473.rds,49,66af41581964586000cf005cecccf9c1ba2a17e2e1f855212f7fefb9b578bcba,333
harmonized,474,harmonized/0474.rds,31,0f412beb66143535a2ce248809fa77ba5ad34b4c88c0e2cea5ed5945aa0fd607,302
harmonized,475,harmonized/0475.rds,5,c0465f2b6c2a42a5d4d162cb0adaf6342f3929081f2d5c86e979d7d475b48a78,228
harmonized,476,harmonized/0476.rds,12,d012b7dabd3296884d9a53d1870b08530717a1cea64bff1a4ef3b28d39b9c0f2,258
harmonized,477,harmonized/0477.rds,58,ba0d880eb4cb609c3aa1c640922bb73b4d5c03228ed87a070fe165b41975a2ef,346
harmonized,478,harmonized/0478.rds,93,02d910b2d765cd3a5bac9bd4566f93ca13cd55eb17d2a9626b1ed8a3d4a2bbde,372
harmonized,479,harmonized/0479.rds,4,8bb8905fd47b85e32623260dcc862ba838f7a6ebb328473a95c9e5e20247d016,226
harmonized,480,harmonized/0480.rds,6,d318c2c6e59336ee21cb9b30e03ba98ca5717c171d629e63e3e7f5f4c8250156,234
harmonized,481,harmonized/0481.rds,16,6c2b86920bd22cf962c51e2fc3b7372311ad9c6d3dfd2f824c0497013d479e46,262
harmonized,482,harmonized/0482.rds,3463,0ace30270aa868a87c8e2e17f14d78e14b09a9144b6bd4313c67bc2076d285a2,4760
harmonized,483,harmonized/0483.rds,4,e6cd6a47fd0a87c5479b006fcbe3a73d78edac9099f2548dc6da6dd4fbfb2795,226
harmonized,484,harmonized/0484.rds,296,ab311353c14ee8d1dfc96c5989ece610c4703ede3b00d801d8dc4f6c961f877a,705
harmonized,485,harmonized/0485.rds,1,0507e69279df858a9c47829c4a555392c98dd41510e5575e564216d7a2cf9646,210
harmonized,486,harmonized/0486.rds,118,b83eb725f42dee69c3043e84d8e97cd33e86f49e12f96e5bd29e472123f8d886,375
harmonized,487,harmonized/0487.rds,507,b27aca3e910ace2d630c9b05fb8762ab6c10fb36b64071329717879236491d12,740
harmonized,488,harmonized/0488.rds,37105,0ca94d12bbf3b84265d905ca74d5963f09e6a754b1d99b5f3dfb5d0ebb835b01,24982
harmonized,489,harmonized/0489.rds,447,1bcadd0bebb31eab655b5099358540207e9465d0cca95f3f66da7a150c35b6f7,826
harmonized,490,harmonized/0490.rds,2497,b53c2d53883eab902411b714ae14f86d70ece731fbf9877dbddaafda9d7bcb69,4121
harmonized,491,harmonized/0491.rds,177963,246664faccc8775f237dbeaec0bd8938a89a0c5ee41bfa5e17c7658fdeebb082,69461
harmonized,492,harmonized/0492.rds,347,e935b96f952197db27ec3d9f36df1dcde27e82e9ec906c20d64adbba34bc4649,623
harmonized,493,harmonized/0493.rds,1,fc7dd0bcf8ed2e8c69acf0b440cf146031a3e54155568fc20cbcfccefb3a04ea,208
harmonized,494,harmonized/0494.rds,8,bc30413efe9fa3899a1f983818b677e9ce61f4b68ffbd368ce455c4e26c18c0d,233
harmonized,495,harmonized/0495.rds,44,8e7d8452a8c64b426d92f6efb0ee23bcb15ebd87ff28079e0d1479a8d77b70e4,337
harmonized,496,harmonized/0496.rds,2,8cf9c7d34f357c926a53158cceb78105544a23a111448178a3fbdb1729e0b622,217
harmonized,497,harmonized/0497.rds,1,eebdc306ced62f7ff8afd5277e05c4dd0729700ef82503fca10d1a2aac36b181,209
harmonized,498,harmonized/0498.rds,182,bc47094f9094a5f70199d8990f744ca6cb52daf8b8a0e2f4bd90b5f4e3d3de46,489
harmonized,499,harmonized/0499.rds,94,6d0324e8f97b692800caf8f7eebd9219af506cd6005879f4d2c2f875b99ebfbd,332
harmonized,500,harmonized/0500.rds,66,03c3d5d01795c04d984ff02f264ea2479c0bdbefe7302229f3fd46c0d312400b,351
harmonized,501,harmonized/0501.rds,590,6bc498735fd9736810df5d90df950185f0e21ee53a8ed9bf7d6910956b172071,908
harmonized,502,harmonized/0502.rds,4,64011ef41194ae104de517867ef78976bd71c4ae6315e9fae94d90645d6522d1,226
harmonized,503,harmonized/0503.rds,134,9cf835f2297eb7cc513d586eba75a271c1da4a50b1895d88b0898e02d779d579,482
harmonized,504,harmonized/0504.rds,23,b9c3c1117bd838ca52e405525c67ff10e51ea673f6f0319c9f114b132aa2af81,277
harmonized,505,harmonized/0505.rds,135,06d23302035de64d66c0eebe5ab30549c679a41618b38707750757130bc595b3,416
harmonized,506,harmonized/0506.rds,41,df9ab00efad80a06795b75c73605989183a7af0ed8bf55d0e75c56902459f959,326
harmonized,507,harmonized/0507.rds,3,b30afebef4dacfbe1651c068509184c44d435bdf1ecca227b1ed679d21ad0f37,220
harmonized,508,harmonized/0508.rds,0,adadc686412c8a32c45fc2489b7ee54f6faaaf976b3b04409ca638c0bcd353b3,193
harmonized,509,harmonized/0509.rds,1,c9a3b9f167ee0cdfec1a5a75089a7904e49ab8141532c7328275f4cbc6c50e1f,210
harmonized,510,harmonized/0510.rds,2,c99f16d9d7cf9466d70069df63dd76567bf05dc1e3428166c99902849d4766e4,215
harmonized,511,harmonized/0511.rds,1355,f2f0e4f671a68b8b3de813c9cbbd134c2af1e264fa34989ec6d94a83b2a39ecc,1522
harmonized,512,harmonized/0512.rds,561,7d7b116af9e62037bf4d534ee43c592ad9fc3336d6dc5a4a478c5f76f70777a8,791
harmonized,513,harmonized/0513.rds,8,fce94ce5447c5f48322befa34d92df573dd1080625f5b4341a394ccffaa93fa5,249
harmonized,514,harmonized/0514.rds,4,8cefbda5be649a6fdf688626035de80fb1c079e905a34ae69ef83fb3f63190c4,223
harmonized,515,harmonized/0515.rds,25,ed606b573821369a1a0df898b4b13aeab3d201e793f39e2dcda6b4a23c907d7a,272
harmonized,516,harmonized/0516.rds,25,f5ad19b299c9734a484d0ac371c3a7157d25d69a4ba0a7266dc45b3e962b0496,270
harmonized,517,harmonized/0517.rds,3,d9332f92b4f7fb083cc22fea581e4b4084c7da1dfb24d12aa8976a9d2ad118b9,218
harmonized,518,harmonized/0518.rds,207,9696a308c01ab7dd9700370bce1ae474e2ece22984d44219a877394fa509a77f,560
harmonized,519,harmonized/0519.rds,1,277955dd330539bbf09b7aef140bf6e2682bc770fa1c9a9de022ff180b4022b6,210
harmonized,520,harmonized/0520.rds,1,bd39482ab43ea81292c658621c01674b5e8e25e1f55c1a217ccd9a0bd7cf3c96,208
harmonized,521,harmonized/0521.rds,214,587156ab6e6265ebc09d141fae0aeecaa236041155a15614207267daa696e6ae,454
harmonized,522,harmonized/0522.rds,58,83833e7c57f56a5e7d267f4da41bbe30bbd62a79c34dd3eb7234135559ab9127,343
harmonized,523,harmonized/0523.rds,39,005809489f15a6b7b3a24e2d9498f9a6b4e207e6bc1fb77464ab5fda76380d8a,319
harmonized,524,harmonized/0524.rds,244,398924a204ab39e7bc9e39cfb4085829c47443fe6a50ea6caff3f4d586a04e72,539
harmonized,525,harmonized/0525.rds,3,6f1ce41c91ba0bf70a7852ad4c697810505c3325336a365f1450bfffabae2a6a,218
harmonized,526,harmonized/0526.rds,2,6a0bbb9ce30402a231b4da3c8f2fc15c3e5146bb5f96a7569d1b3384fcf3fdf4,217
harmonized,527,harmonized/0527.rds,52,1d7997fe6a78b637cef214029dca4e93c678bb74788c9287550510edb6f14a16,348
harmonized,528,harmonized/0528.rds,2,33e430f71782d82c5783fd9f5f138eb162e89fac881575c407861a6fe5bff783,218
harmonized,529,harmonized/0529.rds,144,073d6297d8484a81972f4a282e99a603484797331b800e21ca9c94df19480c9b,471
harmonized,530,harmonized/0530.rds,118,071f587548e05b2f80bf9c4fcf42969f3607384d3d1090c4dae771e86175d1b7,427
harmonized,531,harmonized/0531.rds,65,a0610468e0ac49ed02c088ac6c6a63518eeed1b488cf115e0ce7ecc8ff488fba,374
harmonized,532,harmonized/0532.rds,180,46820a54d1ada8d2924e23cd0de4a9f5d722f7dd1b956ef76e65167fb7223e71,544
harmonized,533,harmonized/0533.rds,27,e8a38570dc4d50c09c09da4a9c6d9c9476cd9972423b5ab71ae52ff18778f76d,289
harmonized,534,harmonized/0534.rds,13,587a72257669e99e1a089643b24b53c87d81f4f2f13aa99c444b32c5b5d2e1c9,250
harmonized,535,harmonized/0535.rds,56334,6285455d53824fe80c900781d8c64a16b3c22e379011b7cbc4811d72f5c60154,37667
harmonized,536,harmonized/0536.rds,7,f5a917cf99559d51ba680ebb13d117f3f9708e7f679f07ef13ccd1ad4ad9629b,233
harmonized,537,harmonized/0537.rds,1554,928e443e4dff10ddc54393886955db66a6b94da43f0de2e7dd41a6e3bb93389b,1548
harmonized,538,harmonized/0538.rds,8,9acc3d735a04184e4572f8e8620fb3f76a256076bc7553dd22958a22d410b7e6,240
harmonized,539,harmonized/0539.rds,2,7c4a50adc11f88ff958ffea4e25e189eedb1f01b04cca381908c042e2132c374,214
harmonized,540,harmonized/0540.rds,5,d002eaacc80ed620561d3c2c496ca49594e4f995c5ef065d3949dde239a968d7,223
harmonized,541,harmonized/0541.rds,647,c181e30cf646ae9ec5d36fe2c9b31b4553785a3ad34913d26948e1fb53fd1b43,874
harmonized,542,harmonized/0542.rds,2,15f7199e0115ad86aa812a1843ff11203e9ef13ecf54ab41f399d927a8f49ff2,213
harmonized,543,harmonized/0543.rds,9,0da5df8cfee5a49d64fd7b84d7f3d0632e682c3acf2e111ab1efe919078c7a24,233
harmonized,544,harmonized/0544.rds,7,82e7596886185045632325ef65ebe407bb56a96602debe4833b4c4c03eba3bac,246
harmonized,545,harmonized/0545.rds,124,284a8b71d19c8291f12ab0a3068f61d4a878ea8110827f7f3cabfa5d94bf022a,387
harmonized,546,harmonized/0546.rds,2,ec5dfd4e8789a105f481703227922454f44b4c463135e096ad7457e6852a1b94,219
harmonized,547,harmonized/0547.rds,12,df5612e5fab9e10ab9cedce8ab9c9e3b4bc1c17f99339d5203834207ac196d19,243
harmonized,548,harmonized/0548.rds,74,80731adc24641d76a57516397090161a1aca5b3ce76a5aaf540b945951245175,379
harmonized,549,harmonized/0549.rds,286,a686603082638f74230566bdc2051a972ababe374c5254b296e9c7d1598d39bf,611
harmonized,550,harmonized/0550.rds,12,21032f4955a38126323bc57ba705811253ca350a0182feabd02c7de98e5212c8,250
harmonized,551,harmonized/0551.rds,95,fdd39b8a1085403277191855141483dceceb5b1707d333fb1ad138a703d9e711,436
harmonized,552,harmonized/0552.rds,42,55dad9422555a33d8e6354ced90e8191703b5ad263189bbe2bc683216baf1b54,321
harmonized,553,harmonized/0553.rds,22,798a7e79efb4863dc2c80953ce8ab080dff1bf623c9790b90f1574ecb4be1d53,265
harmonized,554,harmonized/0554.rds,182,09351eb496ca06c981b7a1561845b48ae8b7bd60935b4777b378f023941f282c,487
harmonized,555,harmonized/0555.rds,191,87247a40e04203c6a201c97d8fe6882d9641067cae0b75efb5e83d063315370e,558
harmonized,556,harmonized/0556.rds,37,75ed6a42ac1e5e00363be82969358535e9093cda16916662de2953b3c6fea6e1,301
harmonized,557,harmonized/0557.rds,12,360192be2e596bdd88c1e103c229c078a1bcc4532b39558aa90c80851eeb0631,257
harmonized,558,harmonized/0558.rds,45,b55479c6be3dd9cce6ff5ae45d416b2834ec419afcfdc7fe26cba2b82822dfcb,307
harmonized,559,harmonized/0559.rds,6,6f3d91db855948c77c3108726fe36c4718bbd612a1aef9d2f0597b4a1a58a64f,232
harmonized,560,harmonized/0560.rds,3,edc0f7eb290f825c507ace44c5f25efd36d282f017f4b68c47086efe8504ff29,218
harmonized,561,harmonized/0561.rds,212,e61a851f6f940cadda783cccdf522fb8c417907b22c0f21bac3c15a55c953c17,515
harmonized,562,harmonized/0562.rds,79,4c2a8412e86fc19838cbcb3e8c3a4115074d8b4ff9fa94580f254b439c0585de,395
harmonized,563,harmonized/0563.rds,2,44b1e217bf337fe4c685c1c79b175bc2cf0221bab0c58eb66b6bb549d04f4293,212
harmonized,564,harmonized/0564.rds,3,5b1decf9587bcb771e3a3a71bfa20b3d454b344f827206a871211068b7e1e2fd,218
harmonized,565,harmonized/0565.rds,25006,1c59d88c7ff836dca5012e6b4b4fe149d5a3ab9e51c488134ceb628f298fd35e,25502
harmonized,566,harmonized/0566.rds,8525,d92e41bb1ba2a4cafbba6a721a146ae9ddfd7c6413b91cd8f3e56b9d690806e5,8994
harmonized,567,harmonized/0567.rds,56,56d4fc0ad05bafe9f8c9e7695efaf417b264229497ea201440e6f439f575c250,327
harmonized,568,harmonized/0568.rds,134,5cd17896a5b7ae4bfaaf7a2b6f6a96d062e805e7c654677dfeb8bd989824ceef,452
harmonized,569,harmonized/0569.rds,7,0af2d4f7924952f9b4c18e9a819199884b765f00523ebe6de8733f6a2e23487b,232
harmonized,570,harmonized/0570.rds,12,b52fadfb85daabf994e896e4c202a5299d1f53d5ef0c095a58f80565e956c6c1,246
harmonized,571,harmonized/0571.rds,1338,9d6b0051b75daba4e2e86b4c54289e958352a0b70b4593f5822ead06014cee81,1405
harmonized,572,harmonized/0572.rds,408,b685ada76f7b607301543af1c0439d07c9f3ca976cfd122c0910cc0798fb2f1e,761
harmonized,573,harmonized/0573.rds,1,1a33ea31490886c4b1db7991d79c8ff19f1038fe876950025acf9d4fb558ac18,209
harmonized,574,harmonized/0574.rds,10017,c422fa6a5e783705d3d42a844409e1857fde3a46c01cf8d0980e6407656d98b0,5546
harmonized,575,harmonized/0575.rds,34784,28a3424a6e5c9d375e88244c19d2f32bcbc1d2ba29be664f7687c79e5477fec6,21904
harmonized,576,harmonized/0576.rds,64,165b42c5df7b6527c5588455b08ff6b3759271edf8a4a4360ce97aaf276c36f8,336
harmonized,577,harmonized/0577.rds,14034,63ebb7903218c3ff29bd1c8f1c19c71d1b92ecced68579eddb2bb1de4c7e2c95,13634
harmonized,578,harmonized/0578.rds,35,64e32f1a4e7c95a270c6d0cf1409c179cfae28585a2a17edd7d000110d48fa15,293
harmonized,579,harmonized/0579.rds,24209,3cfed8a1d5c97dcf3cbef0a30f89891218d8753b1e2a80aa3eefa5b52a497610,17183
harmonized,580,harmonized/0580.rds,54,a4358fa4f690ac0674af8747a39d8abce9967be6dae4efeead0a40a4d70727b0,323
harmonized,581,harmonized/0581.rds,180,b6a6a260cc1e0db28f732d618fe1a8508497ec55a6ff3d267cebc81a1f2699f6,497
harmonized,582,harmonized/0582.rds,11655,ce051c73d0fbc0619dfd47c00e38b588b0f069c784bca409d2e87a0b573acc85,11771
harmonized,583,harmonized/0583.rds,325,e25a5caf5e136d043dc8f899511488191ef4d286690fb6e82838ed74d1485877,1120
harmonized,584,harmonized/0584.rds,261,cdf0d2906801b20bb53140cc7aa0bfd485281548ae4908484942e7c4fa34e185,685
harmonized,585,harmonized/0585.rds,30,fe471cf3a6d18dc0f3ae6d7780fd1be7b6ce3ce3b105aa899cc2d94825461843,285
harmonized,586,harmonized/0586.rds,68,68a52a52c2ab92ad108cceaaec753e301fac04464c1c6a7ba40b48eb56b83eec,443
harmonized,587,harmonized/0587.rds,198,bf9bd6fd771c117e33df65911a5e26b70ab1fddd4a3dc01bf1fe4de2f962789e,553
harmonized,588,harmonized/0588.rds,2,2f5addf7f9ad0eebc572a1fecbe1cf49967176ea209c472e0c043bf66aa8ee39,218
harmonized,589,harmonized/0589.rds,3927,31595d77b1a05ff1b5b8f41b89fe8ae2844e2065a823ce324662a2e8b16823db,2199
harmonized,590,harmonized/0590.rds,5729,53f19012c3c1cd5af6041f7af1878e90224ebf75b90029fe35480ce819d61f96,4531
harmonized,591,harmonized/0591.rds,1,cec7cb2c41627a943bc9f8c2bf51615144c64cffd2676eee1aaa8dc00cd1f974,210
harmonized,592,harmonized/0592.rds,2,628a1e18c89f506e1e9697b0e669e74e5baaa9ab41f238d69e30e20ec790e7c6,214
harmonized,593,harmonized/0593.rds,2,bd4b87f6c45e749c47975ba11a9fb9f5bcba3c2a11536efa3527df2f566505ba,220
harmonized,594,harmonized/0594.rds,28,349fda1cbac672cf33166aa47640c308a140794e0625b8d6cb95d012fb928ddd,290
harmonized,595,harmonized/0595.rds,0,adadc686412c8a32c45fc2489b7ee54f6faaaf976b3b04409ca638c0bcd353b3,193
harmonized,596,harmonized/0596.rds,58447,12d784e9e3dbe2b674f3d2e10c06841dbdc8e8225e1a613f28cada0de2f969ed,37513
harmonized,597,harmonized/0597.rds,14324,7745f496cb88ec4398095984530b3c319be4fb0ca2622fa35db4b03ad38ca5ea,11330
harmonized,598,harmonized/0598.rds,86,daade0c16850cfaf35e6e428419acfa029650bce0663bf6f5e2f207f8c6649a7,380
harmonized,599,harmonized/0599.rds,9,80b9ab7942ffc472df7523b999242b2c536dac983263ad72c3d431f3f6186351,234
harmonized,600,harmonized/0600.rds,11,c132d8097a74d87cdc639492825c7cc23f4d6bae529f421e1a657613abe1dd8a,276
harmonized,601,harmonized/0601.rds,1576,b7a2655a6521a3b4d983d6df7b65bea5e3286394b009cff7e64d26732e90b8a3,1342
harmonized,602,harmonized/0602.rds,70,79f891a8b506c70c67956444edc766a6ce83c600df422e68271fd5f5446fda7b,317
harmonized,603,harmonized/0603.rds,794,18e2864d2daad94e119fb2304547b7275a1a355774a11f0d102662564943ab2e,1055
harmonized,604,harmonized/0604.rds,1,8061f9a364d3daeb23eef1167ec741597b2ba7ca06f0ba5d7394203ecbbbb8bf,209
harmonized,605,harmonized/0605.rds,1,3842ff91987b12f9435d93b2f2963ec5eb7c8e000cb32a779d5bf0c4c4dc36b1,209
harmonized,606,harmonized/0606.rds,125,fe42a14cf10e330fddf67257c263353537954355669af85577a934b143b0926e,433
harmonized,607,harmonized/0607.rds,860,d6867b9f6d1c01f00e02f83116cf636e3575f6f9315431939c5a2a4364a5d732,1207
harmonized,608,harmonized/0608.rds,7,1c94d52eac62677d59dfaa127d0155894ff7317ab08966b438842fb3fccf4d9c,235
harmonized,609,harmonized/0609.rds,325,bbdac17f3a7fe69305738b57b7c3ab9f48f386e8f930203045c754c500b60b98,527
harmonized,610,harmonized/0610.rds,72,51735f20c852157036a9a7199d40b6a4cfce0c73e2af2c7bc19dea18b3a9f1ea,354
harmonized,611,harmonized/0611.rds,4756,3d5a4ac1ba9e3102f7c0abbdab445469d7c4d65809712e62f444d973cc9bbcae,4588
harmonized,612,harmonized/0612.rds,12295,2d94470d3ea77faf3fd7947fdb14c1e68d16bf65dca70133da29514da2beb4a5,19470
harmonized,613,harmonized/0613.rds,12,63d194563424a2921b80cee55794cdb0ae6628cb7c27fad0fa8da5c8c921d02a,250
harmonized,614,harmonized/0614.rds,122,5ecb581df777094e29ede891eb915cd918f68174602bbe62b2d154fee72f411e,384
harmonized,615,harmonized/0615.rds,38,219551af8929a934e928e60e7ee2b69b30a8c13e59b96129ddbbc76696eeb312,309
harmonized,616,harmonized/0616.rds,52,3439ab6f21f788f87378f7380a1a8bf3492ec7332a5e09383cc72277c0b79c91,322
harmonized,617,harmonized/0617.rds,117,90a9720ef0d078e35f0f367aa3cbc6630a9f7bafa5c2d03f1d13f5a4750a1729,395
harmonized,618,harmonized/0618.rds,8,065a422be6c01fa3bb1d6fa69de9f9c4528ed9f87da8b29c6c2ed686709ab082,247
harmonized,619,harmonized/0619.rds,171,eb01013bc5d8c5a412a795f0eb89ec192fda0359276b54dbb76c53ed8fc5f6f8,461
harmonized,620,harmonized/0620.rds,3378,ebbe5441bb2c40b015bd2c81b2d59f83fd70b3919e773d0e656b5c6b6705077b,3651
harmonized,621,harmonized/0621.rds,4,423bf3667e693757e912beac62fb283cc982a3f01718898fafa289bee18fd046,228
harmonized,622,harmonized/0622.rds,97,367151e18e83b2753af72c11a739fdb08e51d9768219f4a50077c3281b2cb95a,386
harmonized,623,harmonized/0623.rds,104,bc1bc5648a0c955d55f63904bbe1f5b043b70dd94fd4a3b310bf91f3af34aa81,414
harmonized,624,harmonized/0624.rds,7,9e91c71bfadb6fc120e47c5ef6a00e27ca75fba9c053f506dfc7c5945350d53e,231
harmonized,625,harmonized/0625.rds,1045,8f15edaacb16d1a005146f78b4efd48587592b0dd0acb14466f32e26ce4efcb3,1375
harmonized,626,harmonized/0626.rds,4,4d85817eb7e6fdbde78016bcaf5a808245a3533ade32311d33cc695ec92e3c0c,221
harmonized,627,harmonized/0627.rds,89993,f5a9fcbf2b9dff9daa80fc6e8e3d69fe15c13d4d1502974bda1e934a0a42dff3,52079
harmonized,628,harmonized/0628.rds,1,9707662cc38c57cdd7a1e6fbcdd8c8863d1994be6f474763171c1e4ebf7f94e9,210
harmonized,629,harmonized/0629.rds,61,560e62d2167a28fe38c76d5af3c43a07f0905e890e94fafd4099997b1e75357b,326
harmonized,630,harmonized/0630.rds,23,b9d5683df2263c17f0dd20ee92f2a9a10fb93e1dffdc31f0dfd0d42bb3e408b0,284
harmonized,631,harmonized/0631.rds,602,ffda1947bd2bf2935474a706e9f5a55128578486273aac2d94323164f3bb2564,756
harmonized,632,harmonized/0632.rds,241,e01b71a6fb186e345c3f608bcfe9ff0e5f034a640803f1bdcf16a57cf0ac6da4,526
harmonized,633,harmonized/0633.rds,15,c1d5e9ea6d071faf50c463c3cf40f0edb5a13944d2ba66cfe205ccdc8e7e836d,264
harmonized,634,harmonized/0634.rds,9953,edb8993759618b62b6a45e4a6a6a4d2c8cd2f8e4acd813bfa4986e905dd74705,5405
harmonized,635,harmonized/0635.rds,21,9a4d8ed7acfd0333add9c71e708e2ad7bf82959a8c358e8946d9a92b8808bd00,253
harmonized,636,harmonized/0636.rds,1,dbbb2fbb90d2ab546f5c5caedfe71d5dc01cd1b4ce9eab8cb6b22e01af892dca,209
harmonized,637,harmonized/0637.rds,2,f9164d75e33631a650409751d0516045ad1daeb2c502f7af03be820537f19170,215
harmonized,638,harmonized/0638.rds,95128,cc4d73250854c7ac706d057b1669120286fe7513c4a662d4e9acbe13b25630dc,58299
harmonized,639,harmonized/0639.rds,8,bf8d36b71028dc186c735e23e75ad1d0c3a3a2c777d81c2148cea2b3fc588edc,247
harmonized,640,harmonized/0640.rds,183,d8714b64d5e0d064b3a71c34b5db3a26cc10f70d9548111c6b6b3cb13385aab7,480
harmonized,641,harmonized/0641.rds,3,8d38cee019452655a6286162a56e4a3002d34beafd353b0b2f3fb73a298d9d15,220
harmonized,642,harmonized/0642.rds,3,a791680528e0472238b3b76ea74ee53c42856b5e5018f7135afbbd94d78df38c,214
harmonized,643,harmonized/0643.rds,8,7fe05ac19fbe7cdc269f53adb02eefce2940726f2af93b815c0cee90dde3f35d,234
harmonized,644,harmonized/0644.rds,139,3039c85842b0d03d3e9e3e386360dc1c2d5c7a8092ad3868fc69266d4253d59a,416
harmonized,645,harmonized/0645.rds,1,3842ff91987b12f9435d93b2f2963ec5eb7c8e000cb32a779d5bf0c4c4dc36b1,209
harmonized,646,harmonized/0646.rds,377,ef167dd2f7efe2ca84bdf50aa5631160da5d28b2c6349200a5f7dafdeb518962,649
harmonized,647,harmonized/0647.rds,19,109d9d1a76158e07e3128fd51730cfe1dc67a690f69e611c6989fff0126f402c,261
harmonized,648,harmonized/0648.rds,3,6c740aa5904bfd77a451ecd090d5881f6ffaf9bd133b313eda1ca7c8367b8aba,223
harmonized,649,harmonized/0649.rds,201,0926ab9c2bab379460948d24df5a88a8b3661a81d2efd8f6724e8002715cfc2a,508
harmonized,650,harmonized/0650.rds,113,adfc64f16723e02e06b1da75f503c32ddddefb2c5f3faac91611a0f82103339f,426
harmonized,651,harmonized/0651.rds,19,26d78db571942f2cd57342979b3676efc67652d61be7d02bfac0cbe940d15609,260
harmonized,652,harmonized/0652.rds,444,218d4900a5c7b7e6380174ad9d3399d47a7a2b198107cfa6d3a25b68621bdd7d,869
harmonized,653,harmonized/0653.rds,211,249feafa42b977982059d218b4bf77cc0cab0b25abf104644b7d78b842557cb9,418
harmonized,654,harmonized/0654.rds,312,e938c27b19ec6092408461b54430dee230507898c769a8f913ee681c18b8d620,658
harmonized,655,harmonized/0655.rds,115,c498a812046552b25f5aefdea8f1b0ecaf518da28f40da39ab58b2d544fe9c39,505
harmonized,656,harmonized/0656.rds,1,91431a4ecfe6a2102e7552ca9c6c1d73db854da14bbdca4beb40991d59e5f54b,209
harmonized,657,harmonized/0657.rds,2256,fd6c4cdba3e2f7bb482830f2601b0ec0f4ffcfe53334b1342ec5377ce4500f44,2612
harmonized,658,harmonized/0658.rds,16,02e634a215e153fb99abc24253eda62af29f925168542ba4951fb6ac93bdf013,244
harmonized,659,harmonized/0659.rds,166262,1d9884e0fba96225c47d6498f39a09ffcebbfecaee408fcd7b0cfaf2a18b99b1,89459
harmonized,660,harmonized/0660.rds,18216,573cdc488901f35c847fa37e3a9398fe2ce3384c6ed7d8df390c27b735d2d3ba,11672
harmonized,661,harmonized/0661.rds,6,4bd28ddb9e0a946ce25e078b794d81faaf1f8d29f600d044c962d864e7f9915a,227
harmonized,662,harmonized/0662.rds,413,7f7bc8c7d29e2e14e66a9d0a8afe448978e5fdf39b547d52cd8bd5caf79a6edc,637
harmonized,663,harmonized/0663.rds,2,7a18b87d5ce996916fd2e0e62773475629a6a0faddfa40802be965536d5c426c,215
harmonized,664,harmonized/0664.rds,20,898cf89e54c86b342908391daa4a399ffa876df309d5bb65c66929d694ac96af,271
harmonized,665,harmonized/0665.rds,195,9b54f226849f2853cc2d68d98ffb38e20096ec03291aa7629b342b5797c8e715,584
harmonized,666,harmonized/0666.rds,1,1bbbc8296c96468fe13c0e9e35503e3e2bc337e7b02bc8076c664899e90a45cf,210
harmonized,667,harmonized/0667.rds,243,0ce9e4497464f52bb051321b0ace11057cc08f0cfbce87df12dca13872e52420,559
harmonized,668,harmonized/0668.rds,4,bf80db8481d5d0e07505403c9d1aa51ef4290d2d32d8977d43450f0cf53cef72,222
harmonized,669,harmonized/0669.rds,3,178013ce914ad27605c073e90efdb03b897ff9933f6fcd59c5bf60dfd126d050,221
harmonized,670,harmonized/0670.rds,96,b9b8d0f423fb1556e35daac354e266d140d8d9782a9b126694f9754eff7f7685,375
harmonized,671,harmonized/0671.rds,29,251115f878ecc644153c0f65f8b156e03d2afab547cb9290359c8aaac9313814,300
harmonized,672,harmonized/0672.rds,265,a0be892babf2697f6d3cfd0f0c786b0fff5dccb2725233048a119c16b0655daa,644
harmonized,673,harmonized/0673.rds,1,ff131756478a18052a2638d438a0c1fb97c720f88a1407fa7caef6db42b8efbe,209
harmonized,674,harmonized/0674.rds,918,c415072696feb7fb7928008ff941be9972f03484d002d59e71433c3c0e9a4e35,1257
harmonized,675,harmonized/0675.rds,1,30ef449864e8f708b544e2151d28eb89d97dd79493db39759ccec62383ac303d,209
harmonized,676,harmonized/0676.rds,135,0c20427aeb7787309bfc2c73642a5308095fed264563ede89e11e7f05fd838a7,494
harmonized,677,harmonized/0677.rds,124,39d9d2b20de89f123523ae642289dfaa4159a264cd205e92c9ca699c8fbec42a,404
harmonized,678,harmonized/0678.rds,6,70d28e5d4c21666eb412c8a69ed6f47ae17d2b92840f14fc645382261ca62e3a,241
harmonized,679,harmonized/0679.rds,299,6fade175a32faf23401f051b6ee02aac62b99dd095d1689001bc77473a5c07d6,589
harmonized,680,harmonized/0680.rds,1,cec7cb2c41627a943bc9f8c2bf51615144c64cffd2676eee1aaa8dc00cd1f974,210
harmonized,681,harmonized/0681.rds,35,06e59323ec1478308f98a0afe9b618a82d087b7e782df7884c08ac2b6fae56fb,295
harmonized,682,harmonized/0682.rds,47,ff677e6a372e2997ddb34279e717313925eb0a41cd51d54ce23059c14b540fd7,340
harmonized,683,harmonized/0683.rds,142,92d5bcf4c78ba510b3c42ab677e4ae1262768816699dd7de4ade43495790b888,457
harmonized,684,harmonized/0684.rds,43,ef5128286b155cc791e9522a172b19d14dca6ed964aeeeebe1afe2ae5e136c6a,315
harmonized,685,harmonized/0685.rds,53,58b8468afe8fec324cdd02f26736987f2c15973b0ad4219ee70c8437bff20bde,345
harmonized,686,harmonized/0686.rds,403,93a69dfcf15ad019a681bfad37d552e96e5d6b9832c2247e94f1569797c10cd1,704
harmonized,687,harmonized/0687.rds,118,2a2ebf639ad7f9881c6227638a31b72323a98a997d24568e2dee19a7e53f99a4,421
harmonized,688,harmonized/0688.rds,8,f48b66524611cb72ae7afe230527c8358d04f7751b18d6501242f542bbc787da,246
harmonized,689,harmonized/0689.rds,297,81e568beb823f8cdc53439641998b845c160a6c9a256a59fbc4daa127d1765d1,668
harmonized,690,harmonized/0690.rds,822,200beeb4f02abae993da0ec6b7da6be688220c7a2c54300fa91aaccfa5fea201,973
harmonized,691,harmonized/0691.rds,5,f64fabe6b7626ead0340052b4cc8586a4822d54b34dafa9e9beac8020b3035bf,226
harmonized,692,harmonized/0692.rds,1,09bfe428604d83afcc8bf9164eab06e20f7253ac8bf48f900fd73d162217a341,208
harmonized,693,harmonized/0693.rds,112,ae6afc5204cb8c9d0cb2a5fcda166ffa49ea9a93d77b0b534f0dec9bdf236f0e,481
harmonized,694,harmonized/0694.rds,3,6ee024a52028ddbb863cd11505d748b0acc72a5569e6dc018c9dfc401da5d9f0,219
harmonized,695,harmonized/0695.rds,1,5597405525f038cdc827a4114d16207bc5b6a77837bf8cef68c7b3050de6dac4,208
harmonized,696,harmonized/0696.rds,1,eebdc306ced62f7ff8afd5277e05c4dd0729700ef82503fca10d1a2aac36b181,209
harmonized,697,harmonized/0697.rds,88,48ba92a4cc95d82a6d1bda1106ad8864c05cbf57bf6a83e02f584053cc55caf2,337
harmonized,698,harmonized/0698.rds,56051,a2b5978b86574a38846dad1d0c218e8cd9879004ebc866d11cc6a1411585dd0f,30645
harmonized,699,harmonized/0699.rds,6,d067140a5364801ed979864b6eb24d89f3d683cbcec745144ddbbcac677b21f5,227
harmonized,700,harmonized/0700.rds,10,6f3b83544190b534b02185d9028a19220aeb62baa4281278464ef55a1e0c63c6,242
harmonized,701,harmonized/0701.rds,46,9d5a7961f64336db182f07d1203bb1e84c1346ff037151c99d7b4f8bdffbac65,307
harmonized,702,harmonized/0702.rds,24,d19baf0e28954f07c0a478d4a73fc5384799145800a3d871040e5af78c5d3e1b,267
harmonized,703,harmonized/0703.rds,43,bf72b0b391facd638a3c33a6182cf5dc68c56c28324c4372053ac1ce7406faa4,333
harmonized,704,harmonized/0704.rds,9,dabdefa8e4ec846d84b667310e75d3c0279bd9363ddb2e8310d68fa8891e8a51,263
harmonized,705,harmonized/0705.rds,18143,21275c22259f6fe53beee58e2ad9c2a2bff5e068e0abdd658efb6f320b04a68f,16006
harmonized,706,harmonized/0706.rds,28,f4f3cad2af9f49b0c32aa7ff31752a6b4596a42c2a1a316625343d5db8b21c0c,306
harmonized,707,harmonized/0707.rds,54,09c8e6b8c3f42690b7a5e7540365828fb948ca0e57e1bc1c07b9968842a87766,351
harmonized,708,harmonized/0708.rds,1,414af8d73781c1ee2b8f414534fee9d687ba1867a974d6543c14d733e87838bf,210
harmonized,709,harmonized/0709.rds,9913,5df025413757b3517ccf55ced3adf7bdc5b81eb1761959f9c34b49804b6a66df,10452
harmonized,710,harmonized/0710.rds,3,aa05b15f429713d8b21918d02afcb814a4009241a95d585a20269f196dd0ebf2,217
harmonized,711,harmonized/0711.rds,18787,5bed60e308b3cd8e9f74448d935a94729306f8860c1a8563f24ad8ceacb4471c,12305
harmonized,712,harmonized/0712.rds,77,2a65649ff2611d5047c51b25a1cc9383711155f032e72e5e14ffcc04852ddfb3,356
harmonized,713,harmonized/0713.rds,2,d97eb5766af08f21045649f3deb23a983c02b9d7cc23ec8c3c88b044b0b4d241,213
harmonized,714,harmonized/0714.rds,8728,4a38550b11a93b3ccfcc40b00114e4c47f037e2c80e9d1d45b5177f4cdfcbbd0,8197
harmonized,715,harmonized/0715.rds,9535,f937eec7de8b8b20c4f98293d3e082242afdcf2bc7588d276306663979f149c3,6140
harmonized,716,harmonized/0716.rds,24,62562edf3d13e20b5ea23fb93adb7913141fbb7236b843297ac1d3dca53506fa,268
harmonized,717,harmonized/0717.rds,96,4edccb3d56afc9f64c25430fa4d93ce8cd1838b487e7200d47c72d2c54623d11,414
harmonized,718,harmonized/0718.rds,12656,3d95cfeb80081ed4d88786531a4bf9e61c19a13945c95275fdaf61dcf0b4ab33,9720
harmonized,719,harmonized/0719.rds,19682,5de94f39d8aba3a3d76aa2a8536faba6a55f92aa8683a5807b2e4ada685ee05c,10134
harmonized,720,harmonized/0720.rds,5433,80b5e51e47b85051cc1d26597c246f45f054dc67d24e5dd3a834bddf85e84c3d,3364
harmonized,721,harmonized/0721.rds,7153,6838bd20459ec229fbd0c23b1461c9eafc295b3cbcdcf4cac58dd93d9c5608a9,3836
harmonized,722,harmonized/0722.rds,1951,e427d23ce568a463716f013914572313a5744715af7d1cbb8cca74e2eb88737c,3026
harmonized,723,harmonized/0723.rds,34,a190b0bdb50fa8303b94476565e9f545e91a9a9efe78ce39189040df7064f9b5,302
harmonized,724,harmonized/0724.rds,2,3e277288c275135cc09cdde52666618ab882b77f2549dedb74663b4299b0af70,212
harmonized,725,harmonized/0725.rds,106359,0323486ca289cc5e516bec0e4e2d58a34dd5c2e720a529d3d4bf53f15678147a,62643
harmonized,726,harmonized/0726.rds,8922,693ff78404d9a42fb3d81d57ff7aa93d9301a4158cc6fb7e95104d31fb79d1f2,10012
harmonized,727,harmonized/0727.rds,423,a5d66429552e3d75c074640a49bb358e05190b2a1f7caceeb9c71cddcad59127,778
harmonized,728,harmonized/0728.rds,1,957de9d243a722187e0d3d24f0e60a58801cf98638b1a698ce3d9977b07c9129,210
harmonized,729,harmonized/0729.rds,2,a6202dc175a38e3473d60eec4f08668f1e2d4e12b49496dee4cc36b8498000cf,214
harmonized,730,harmonized/0730.rds,32700,aa28e60671da42e15b0352e69620586264ab2c5998a32443a51a5a7e6ce4d604,25983
harmonized,731,harmonized/0731.rds,5566,a397926c48be6414f2ebb6f4492b52c59e3432e5c44c7b57a9994d96b252a3f5,3957
harmonized,732,harmonized/0732.rds,10468,73a29a60b1f75a2d29df4d0f7f98db300c16a815e96c64cb23bd9fd4fd522b73,9035
harmonized,733,harmonized/0733.rds,4241,71180665f5d23e97d4512506b7f2041a9c14f5d2199007c104a6a184697f6414,6584
harmonized,734,harmonized/0734.rds,8,457e33eb6d8b846d5d319c5e3134de66f610db1686c3d4078b4e49649623b91a,233
harmonized,735,harmonized/0735.rds,114,d7188f149650031721335d66a219d574a8e1cc100cf1a44dc7fbec8f227dc42a,400
harmonized,736,harmonized/0736.rds,94,15623bb59e3135438bcc90f94f508912424147097703e2a94819514119632d21,448
harmonized,737,harmonized/0737.rds,8,918738f0e025adc0c3c2c156d9474c07fb5b74efbbe9acd66b917741149c95b7,241
harmonized,738,harmonized/0738.rds,38,6c1c922321f67467c38e202c4d7cf718d237b03bb2d3f68b4110f6f8878a3505,319
harmonized,739,harmonized/0739.rds,12,b1aece37070a7a9e7798d11c3a5ed32e28fe60def7f810b5a365e75861f8ee77,248
harmonized,740,harmonized/0740.rds,188,7a0e25d0bc61f455dfbdd71840bc2f633146bf2f07c919fbb2d528cbabb2db32,567
harmonized,741,harmonized/0741.rds,200,5c19d454801053f96cae21eca06852a97dea70bf9789a16bec30c2e9b79b5476,573
harmonized,742,harmonized/0742.rds,41,e931678ff5c363d5d52a0460d53ac840065fbad4574332f023082d2457633b94,326
harmonized,743,harmonized/0743.rds,237,f250d3819e030ec2f1bf35bfc5795b32995d218fcd1665a81c6891f95851c0e0,473
harmonized,744,harmonized/0744.rds,57,ea19f44aa50ce442d543b42d3c52640cac31dc205439a52e31a85072dbaf551d,353
harmonized,745,harmonized/0745.rds,149,690115e08812e70ab8bb370ceef8a8cef62ad12221fa435b42a8e655317e8020,402
harmonized,746,harmonized/0746.rds,69055,bb7547350bbcb4b715c3a75d1e8c11a27243686c5d6847405a5b8cc50289f6c9,29642
harmonized,747,harmonized/0747.rds,97727,76a2af9a812dcbe7dd1a298554daa8a4a3da57bfb427941a96f7fefd51a76471,44456
harmonized,748,harmonized/0748.rds,11,258400e934c2ecffe4ffb0d534b64381f382e6afb1d471481755549a2a12d9e1,260
harmonized,749,harmonized/0749.rds,36,176b8ccd59a215ca2c5b9b02e09f9fa48c23735bfe3664dd6fcf89dc56a2e7c2,298
harmonized,750,harmonized/0750.rds,7660,209662072f02667737e847ba58ef0e0953f6dffe628f817813eb67c6b1a5a644,6151
harmonized,751,harmonized/0751.rds,24,9c7f47da2d50599e88d78f42f9da03a6e0f0d98556c61a76161ed7d7e6b9788a,288
harmonized,752,harmonized/0752.rds,571,f8108c0ce3a838acb895eceb1e63c1f7dabaec320287d98c6177abb89bccbab8,1128
harmonized,753,harmonized/0753.rds,11698,ba081032006bb1c90d4668f9b018b6e30e8607332bdff40cef29129c30c00c1c,11307
harmonized,754,harmonized/0754.rds,5479,6d7adca3b7cf28e9f813ba3480a4ad57af30ad91a35b241c3c8caac4d8104d53,4782
harmonized,755,harmonized/0755.rds,7440,a0efb0229e4dbea69690953269676f419e2e4d065c4106d4b84c029e0d6877ec,6175
harmonized,756,harmonized/0756.rds,5,58fd23fac7a1a03f8f02c8402dd5351a4a2d1100e4f5c9d0b34450ce78d0cbdc,232
harmonized,757,harmonized/0757.rds,3,656da45f2785d5d1e40eb945799059b124fae1a8a69e7e4b80ad1365ecb65765,215
harmonized,758,harmonized/0758.rds,11,c7804caedb604daf4d44b97251d3c5f118afda2e36773eaeabd1a0403705a00b,262
harmonized,759,harmonized/0759.rds,23803,880d9fd81675e56df647575c57e6a4ef17eca9c84036cc01cca4d27c56e8951f,17370
harmonized,760,harmonized/0760.rds,208,0959acf5a3ff98396d261f4bb9fe050837205f13b546782208ab168e2e06bbac,636
harmonized,761,harmonized/0761.rds,12,67dd0ceb0a661c385fbb23dcb5407ab716d8bea62568679a74914530e6f45574,247
harmonized,762,harmonized/0762.rds,2082,5b3d519ac1f4d2bf856b818a43ba01d9d33ddc7e042954a8914dfbbf705832e2,2551
harmonized,763,harmonized/0763.rds,0,adadc686412c8a32c45fc2489b7ee54f6faaaf976b3b04409ca638c0bcd353b3,193
harmonized,764,harmonized/0764.rds,3,d82107b1cce3df4c28a9200dc75162642b0990cb875ad0e263084cc8704fcd50,217
harmonized,765,harmonized/0765.rds,3,e7e1c7d86e17b1118fac09e38b497b2a0a4a4dc85597f462e9a0914b7b8e5e54,218
harmonized,766,harmonized/0766.rds,121419,3bc41c782fb48a4fc168ff615572e65c884b609bae00a069a582ac49e78262e1,75041
harmonized,767,harmonized/0767.rds,36,0b88376f4425cf1ecc5be3a24799b0323d0abf52453345738931df2235f8d458,299
harmonized,768,harmonized/0768.rds,4176,dee989df796529ccf552b28b47450ee8d9eec68685e221171fee15094d2fb6b1,5055
harmonized,769,harmonized/0769.rds,3,569d4a50ba91c738b7b297b8a7ebf5b104539ebfcc951a58317eb979948ad38a,222
harmonized,770,harmonized/0770.rds,30,1a8dcab8724e6ac8decbd9ce5535d9f5522e2ca773e917bad2f3066e42df9529,294
harmonized,771,harmonized/0771.rds,183,a3ea0f4e946dd88e67f5d5acf9a4c5b32bc93e32cec37ec3d23e75f9d519c435,526
harmonized,772,harmonized/0772.rds,5,eb4b505134fc8672cca9dd33da0ae37a0c0be097709365328dc476a6562b08ab,226
harmonized,773,harmonized/0773.rds,16,a227390c7cba14cf085a7d7bebf8e97ffcc73b88a681c06eb4e52ea2834e48de,266
harmonized,774,harmonized/0774.rds,26,8460b2878f5bba798c621d9431d231d22157f13d200e94644a03f4d80ea4b825,293
harmonized,775,harmonized/0775.rds,50,68143bfeb8243dd067b184c0b42d9287bb5f84185d78252a3ae23526d8f78ade,327
harmonized,776,harmonized/0776.rds,221,9eb97c2ed7b6b3a1c1debf1bcd9ab3930c0717d69a21094fc0ebb75b0a09669d,410
harmonized,777,harmonized/0777.rds,4,0d2e118c6e3b17af5815d92b896f2a9673e15abc11aefbf2dfb202189654116a,222
harmonized,778,harmonized/0778.rds,66,922c05c51ba9a316e7e62d7ce99f41e703e1a74d319402024b6094ef97b0b8e1,329
harmonized,779,harmonized/0779.rds,127,caebd65cde58ca2528298b5b6c7d06f9b2712b010413c27db75c425f15e9ced7,364
harmonized,780,harmonized/0780.rds,28,5eb77ce77addf8f8ab6e537d4737082fc8ccacdb88c19777c260f074a3ec58b1,298
harmonized,781,harmonized/0781.rds,46,54fd283b1da8e3c118758b48d7bef09d0601147a6c09337fc1cc2909ea826d0a,316
harmonized,782,harmonized/0782.rds,95,f6020d289d7f506efebc40d35b558f54f9e93317c9203e57cdb7329936c7c06f,418
harmonized,783,harmonized/0783.rds,348,38155069d94805b8237f9cb17fe59f4144af3afe8c49d39a7aeb0aacc2619594,538
harmonized,784,harmonized/0784.rds,2,d9d656c464a6a9920d4dec69bf58290a81ffa9a392bff3b09d2d6682c53acd85,214
harmonized,785,harmonized/0785.rds,12875,e8971a06bfc7d766543d43694e3d70cd47191cb72e2dee1412baf17cb8ec5243,7296
harmonized,786,harmonized/0786.rds,1,fc7dd0bcf8ed2e8c69acf0b440cf146031a3e54155568fc20cbcfccefb3a04ea,208
harmonized,787,harmonized/0787.rds,2,628a1e18c89f506e1e9697b0e669e74e5baaa9ab41f238d69e30e20ec790e7c6,214
harmonized,788,harmonized/0788.rds,1,f073bdbe3603589e1868502edd3db1be2e7aba05e5e0f0bc76d4aa2f6249697c,208
harmonized,789,harmonized/0789.rds,1,1c8d093323d8aac37963c0854d2b867b786b86ef92060bba9c8601ca2ddcdcc5,207
harmonized,790,harmonized/0790.rds,128,c5caaf2d57234580f96b9e7fa2b1a5b44ad345a2efd31b100398f02ceee0c25e,499
harmonized,791,harmonized/0791.rds,140,5794b5859e0ef40a41d2164309f4189ff6902c1be38fb9fe1e3396fbb2fd4aa4,477
harmonized,792,harmonized/0792.rds,22,81928d793bf2a7cfc28f4abbd5d6c29f7bff716dc036ccecd821489e9f26cceb,277
harmonized,793,harmonized/0793.rds,10,64add1e8178b089c1069422ac164d6dd28189e6c6b8edf4e4f9087e2ae014715,253
harmonized,794,harmonized/0794.rds,50,72982482a240d56d70465c6fa64f26865c7b4722a4c123ca9617f845c6cc5c87,321
harmonized,795,harmonized/0795.rds,21,3b836b5cc018d03a608158ebcfe788fcd494a6ea7a28a7cc15ec6157ffa716ae,269
harmonized,796,harmonized/0796.rds,1,1c8d093323d8aac37963c0854d2b867b786b86ef92060bba9c8601ca2ddcdcc5,207
harmonized,797,harmonized/0797.rds,41,5c925f4e42e2c6e7cb8888cc4b61bba1895fbd37a88f6f93da7ef4b425cf9cea,296
harmonized,798,harmonized/0798.rds,9,10f10b854461c8e4d5977dfe4adf4838f67226d0b6273d620385249da55b0060,247
harmonized,799,harmonized/0799.rds,377,ddac7b1aa4717d00bc50730e6e95e56574b81439530b680a8c7a295203188431,718
harmonized,800,harmonized/0800.rds,16,2cac4e23b7f8f4f12ee28b60632fcf88964d8817cee8aa73f943d21e75ffa88d,271
harmonized,801,harmonized/0801.rds,4802,f5b898900b047c66e29926edeb160ef849b4550c2c782395447c70d3aa8b9ff8,4708
harmonized,802,harmonized/0802.rds,2,b7bf8000aef5b5009d743fde81a2d8938980d7ff2e2fbeae9800e7e966c1c5b6,216
harmonized,803,harmonized/0803.rds,234,d939e0529030e15552e21eb85b9db5ac38d89d0ea4c82f48fc2e986b704f2f6c,649
harmonized,804,harmonized/0804.rds,154,243d88a2c7e8e3667925cc4e518abffc63a6f531586f22dfaab7eddfb9a27df6,477
harmonized,805,harmonized/0805.rds,1,67c9334d745972e059dfd2c2814337e038713bc30f349402f05d3a94bfb68777,209
harmonized,806,harmonized/0806.rds,262,ea56efd0c2897eba2ea1765eccf8d877f0ed0602fae5ecd5a3ca34313da7a691,553
harmonized,807,harmonized/0807.rds,47,dabceddb93f075254b04cd17c9418014f4682eaeaa3d302ada115279f78b985b,359
harmonized,808,harmonized/0808.rds,11,283fc5b23f9bcf247e75442aa4e6a36cde5b8239ff3aeb0c13f08c086c65a5a0,258
harmonized,809,harmonized/0809.rds,11,531ed6d4448b4e7989bb0f5760ac6b424efe091516b2e2cd6731518db973c5f5,253
harmonized,810,harmonized/0810.rds,147,fe9838af9391d7eb9c0481b81b42acb2996d5a591e85dd96fbef89040349f313,482
harmonized,811,harmonized/0811.rds,184,34ef23b65c6f91ad34dd03474f4c41b3119bd4f6d0597d9bed4df852b767d281,527
harmonized,812,harmonized/0812.rds,42,4561bfba9103661c2a05bbe97136660b288b78dfefa3299760933c54d59af51b,319
harmonized,813,harmonized/0813.rds,337,da9f2b48e748af001b3a0490c61a47ac132894499ac391c776bda7436fcda5f8,572
harmonized,814,harmonized/0814.rds,78,0bf41cb77d7826e9d61acf6098fedeba0807b369cd282a70b44349860b9ecd9b,358
harmonized,815,harmonized/0815.rds,35,7d262c6613026237968c36a04b7c423143f1fda9fce5f5e196ef8ddd1b152e63,297
harmonized,816,harmonized/0816.rds,6,790e1acd0ed163db08c5e6e61d7af6515711f06b0fd780b2d8b39b4e0d734d33,241
harmonized,817,harmonized/0817.rds,37,050ecb7b1393bac67f302011e2a6362941eaa1e60949ab316ac3378598595ea4,319
harmonized,818,harmonized/0818.rds,26424,bf8586239a54c6f8eaf9ad12239a024ba3631b1ba8988b4ed94ea4ad5e254847,17247
harmonized,819,harmonized/0819.rds,6,4ada20a6b3adce0e41115fbb40af7416f2fda838e73eaf1d231ea4e1ef638f70,224
harmonized,820,harmonized/0820.rds,17,96d497dc87593b8c4350d9caf934a488a5a6f6165f2c1d6edfa68a16358976f7,259
harmonized,821,harmonized/0821.rds,23,3af88e793f1e72bcf3f362d0c2d37004cebd93b2cca02cd87ba79cc651ec096d,275
harmonized,822,harmonized/0822.rds,23,2d415979038121172b18146a7331ff2b1553667a1caf83032c0b1e151c8fd6c3,295
harmonized,823,harmonized/0823.rds,43,799e25e8821af5c5931bf25139d5c5afc43f4d90d34f7a633ec1ee76c1e8ffa2,324
harmonized,824,harmonized/0824.rds,9,01ed149cd33b5533baa6d2a7cb050178bdd45bd347f76336f82f33e7e2cc0f56,235
harmonized,825,harmonized/0825.rds,9,eb7698f318a79f87960d7965d3116e77e7b5b7373eb3d958306ddf79bd2d902e,249
harmonized,826,harmonized/0826.rds,15,4d418ebe37a2a09511175a7c5105532ef33a5b7cacbba94b8c0978d95b9e5e9e,273
harmonized,827,harmonized/0827.rds,5,f2f9bf2d3e7d6e287dd511d6d6470ef0144e2e03e88e20abf972164c7bb07063,236
harmonized,828,harmonized/0828.rds,4740,87e24dc8311965291652d6818d1d2b43e56be5be71eaae4298a8cfdb942deddb,4209
harmonized,829,harmonized/0829.rds,3,178951ab301cab90241c446c53797981f6c32de1df44f36bc835430795794a05,225
harmonized,830,harmonized/0830.rds,5,4255a2f141fb12c105a56bb2329c2577addd33139b1bff5d5a85c5f5cf968ef3,229
harmonized,831,harmonized/0831.rds,2,a6692b9e2e37ae4b0458d2594aacdda6c74edeac25cf53440eea53bce4de6e28,213
harmonized,832,harmonized/0832.rds,9,ad141df4ac49e4895a82c61c86642fd8f2d7f2dcb40c7f6ffd1c04b82ad71796,233
harmonized,833,harmonized/0833.rds,8,d21e6fb1f6bb2f6fed1138a95a9e07dc7100306c47d4f5932f59f742491f7edd,240
harmonized,834,harmonized/0834.rds,7,ea4e55fbc6ab850b4c80f0ebc1a06cac0091fcd80fb35c144f8e54cc019e72f3,233
harmonized,835,harmonized/0835.rds,16,797c99c1f135d5dde7526ae15af418b1f8eb2f4f8bba5cfb6a15d8234a175a6a,268
harmonized,836,harmonized/0836.rds,60857,e40a204e63e1ca7d2b6785af829b3f9acc2c02a7132aa1a3576a17de60773176,37073
harmonized,837,harmonized/0837.rds,233,b26b7684d98fd767015a3af200c27c9f08ced548f4e0312d21b6d6fddbcc51dd,537
harmonized,838,harmonized/0838.rds,1,c296dab7ab335b8b6d0590666c51c44a62e14d52b25640bbc72f471d17aaa5b0,209
harmonized,839,harmonized/0839.rds,123682,28554110fdeb6e01f78cc732882d135cd1bbca9aadc54b668fd6ecf85e6e058e,70347
harmonized,840,harmonized/0840.rds,41,a9719d54628710b38df5ffbe6d91f1838ad1bb605f30fc65e525c01e4944ad0b,310
harmonized,841,harmonized/0841.rds,2,04dd73decfc61a9f3b661c4dcd3d6621038b22b1a98cf4c12dd2eafe05c0e7f5,214
harmonized,842,harmonized/0842.rds,1,fa6fa080b2d17a3dc6ad08e92b3a80160b49f7299d6194705953216ea03cd9c8,209
harmonized,843,harmonized/0843.rds,0,adadc686412c8a32c45fc2489b7ee54f6faaaf976b3b04409ca638c0bcd353b3,193
harmonized,844,harmonized/0844.rds,81,cadde7590a45579ccc1ba8935cc5748ff99475e173b627cf258e87243e76726a,345
harmonized,845,harmonized/0845.rds,19,3aed104a2b7f05adabcda43d1e2efdedb69180945ab66b96b59ad1d165ce0e4d,267
harmonized,846,harmonized/0846.rds,1,795132cd3ef4604215536bc68fc787f26a1ecb727367410c9137398c7cda722b,209
harmonized,847,harmonized/0847.rds,8,a01ccc739b7fe380aea2d2edf9827d59011006b40a3c0fbb1d11fb47fd921437,247
harmonized,848,harmonized/0848.rds,8,95106dc0bae38742c7de5eae66be6d9d3ca4088f96b777c5c25eade0cb0d907a,237
harmonized,849,harmonized/0849.rds,1,27161b4c3706a23f0d90ed001b4251aa9b51c516d4dd27978fc766686731b504,208
harmonized,850,harmonized/0850.rds,4,307204c4bdbbf2c8bfdb1446ce1396bafd9a3968a5c783ad928a95cf2c0be7eb,222
harmonized,851,harmonized/0851.rds,13989,ac74f84b1a507d2f5fbc819efe310c4b911dc1ab3a00b6f8e371bcf9587fafd3,11436
harmonized,852,harmonized/0852.rds,3092,4c5c640863c08bcab7d7fcdcfe430174fcea79da948d1bd0dc62c4f4afb52351,4062
harmonized,853,harmonized/0853.rds,3,11e2c56353d56e58fe2e10910062f743b25d9edb3ea4dca8162b558a2539f049,218
harmonized,854,harmonized/0854.rds,42,f1d7115f7ed9fe89ba02079e4f49adbebdef1d2b95b5174dd079919da7711505,326
harmonized,855,harmonized/0855.rds,56,9de3023d50e4d09edfd663155881e0298dffd3479c074a4bb844e534708a4e1d,372
harmonized,856,harmonized/0856.rds,61,b8198184233536112dc458b8b3d8d6837c9f83844da8916df8d495021f6cd2f2,338
harmonized,857,harmonized/0857.rds,13,4698b6d56f9a0d25be76e8a96c428415661f8a2c2d0624e05f680b8d69a78924,260
harmonized,858,harmonized/0858.rds,22,6ff335a0110fcfb41636252cd1d3e80b651757427362ac6c2da09a6387ccef0e,294
harmonized,859,harmonized/0859.rds,84,6924ce468355299c3d13c2c7daa9f523a312b90174324ffc69308b69eca20fad,404
harmonized,860,harmonized/0860.rds,48,e34ff29aec2c5baef6f2d42a6d7abcba07751a715c225d18c0d14de00722df51,331
harmonized,861,harmonized/0861.rds,351,92377b42fff930debfc3d8f8c5e50486bcb8ad697e227bbfc3c9b1642cc446d0,648
harmonized,862,harmonized/0862.rds,273,5e39aa9e2223e23a32d21cac9a0f0cce6cecf1348827469b602ba1593662de5b,583
harmonized,863,harmonized/0863.rds,461,124ba9a8507c0b84b6defa7ca2aa9dc4edf5ccd4f854c3d86dabec84df8f71cb,759
harmonized,864,harmonized/0864.rds,2,c12d6694ac0a83d92afe0dbcc149bdc4bb688cfd75070bc0f638d24c67da6f12,215
harmonized,865,harmonized/0865.rds,1,39ea3e4076c6817b59237bddd8bff0755d62cad02bc319d3739d3fbd5dfccdfc,210
harmonized,866,harmonized/0866.rds,2,5ad96329a22917137387c03b93fee852c254ce24cb6723c4cc9fb150840a48be,216
harmonized,867,harmonized/0867.rds,4,159a914ed2c4719b86fafd1c54a5a27bb9361678ddc0b78fdf81347c7e203e73,226
harmonized,868,harmonized/0868.rds,6,268276a40c4eef20d4256b0b9365c8902c3fa0cdef63f8a22c1b974cd4f7f159,229
harmonized,869,harmonized/0869.rds,9337,8bc6d996952110810e33ceaea9fd98bdde5beb4a20875a3c73fdbf6228835982,9766
harmonized,870,harmonized/0870.rds,189,d7454659e8965958b3bfb7e6fb25460436515cdf23128095239835c2ac129aab,409
harmonized,871,harmonized/0871.rds,103,ad2d1e4602eaa7bb56640a1e0ae83f217819aeb8ce463a065d2496375e998929,419
harmonized,872,harmonized/0872.rds,1,f4bfb4369f5ecd816840313436e4e82862dc398aac69eaf2b51aa44f7e5a7424,209
harmonized,873,harmonized/0873.rds,14,ff58b033a356b1f38f801c489337752a2cddedb1bc7e181fd842fa5b4ec37c8d,274
harmonized,874,harmonized/0874.rds,63,811de95f93dec8cfcf578b8511b717c3fb61d358b6a7a61faae62ff8c12c8628,373
harmonized,875,harmonized/0875.rds,122,e78b6af7a4a018d4e3075ec6f75a48207a95a2019d2acd0709ccad2e100210d6,415
harmonized,876,harmonized/0876.rds,1,26ef528048d4de6938bdc5f89c543f10091bf9743447792f4ee222d2df4819ec,210
harmonized,877,harmonized/0877.rds,36,b37e2444c8dab718aabad0469f05e42223e3cfb8259440430d91d01ccfe732d8,315
harmonized,878,harmonized/0878.rds,21,4f94c295a36daff65d09e484df5c1d94ec3aa40c0b775e19a676269886e31cd0,286
harmonized,879,harmonized/0879.rds,10315,087b30aa689b253581f4de7c9533efbbb864534eaac1baa37863bea879698524,6968
harmonized,880,harmonized/0880.rds,11,79dceda27f334e4e5e409431efec3913d0968b1cae21ff3294f9eec67a561c53,243
harmonized,881,harmonized/0881.rds,9391,5d371932f2c32038454de0b6a2785a9b39c10a445a5ee605251a7bdadbb46504,8835
harmonized,882,harmonized/0882.rds,16499,3878910a00aab8e3309e7618165119efe3b65b7b50511fb75ca13958bab73de8,14247
harmonized,883,harmonized/0883.rds,1193,f47f87ca7aaee76909cb2810da7da3c4a28bb4c1d82bc67b761ed9de75467aee,1278
harmonized,884,harmonized/0884.rds,12,f33439b914c93c1b4442405b3a36ecbb1cd56942ffcf8f38452adb707620b0cb,255
harmonized,885,harmonized/0885.rds,48233,966beafc65d5106df0f35d76c8d8cae032203d9643eeebab77af1abfe6578de3,38990
harmonized,886,harmonized/0886.rds,1,d2334f01a9c013e69d8d8b951921365d054a4b6d8b6456472cbf69937f53a6c9,210
harmonized,887,harmonized/0887.rds,21,27a6c8895f5554611b9a11815bf8bdb865931f3844a5844d8a8ce52a714ad773,267
harmonized,888,harmonized/0888.rds,49,7f44597dedcf39652caca4c76ef5ae5dba7db28eb8fd0d7508d65df00613b4f4,307
harmonized,889,harmonized/0889.rds,112,d42d5d0d4be4c0b39c145c78f4f4d919a0fc3b611d02eaff68e5cd512b2a3f79,447
harmonized,890,harmonized/0890.rds,7,df2f2ef808b97108900a60c27ff79b2c698d1d40989de0a62382711bc975567b,242
harmonized,891,harmonized/0891.rds,11,cd91974c636811f40953d8fa32e2f9b4b8390ee1035c9e13cadecb8ee5408511,244
harmonized,892,harmonized/0892.rds,17,624c57bb4721fc054b9e5a91e1937066224313df8962d97bfdcc75684ea9a152,304
harmonized,893,harmonized/0893.rds,67,32df930cd768bdb3b213150176ab7b389c8036feaa6c7386d101f9a196194375,351
harmonized,894,harmonized/0894.rds,369,22db24e6d9e48f69a4210af115941ba5dc8ecb8469abd248fe87b75190d942e8,589
harmonized,895,harmonized/0895.rds,16,9bfef605274e0d4684905d41fb46d258df25a3326ed4c92cff946cdd1edc80ac,251
harmonized,896,harmonized/0896.rds,259,f64c36700d6d145e426d807c723ef376a2e0ded50ab1977e1507386607c4a3e2,661
harmonized,897,harmonized/0897.rds,121,e97f0f86addff6637ad01a5f50068e6e0bd366c435343ee03307bc5965f0ff6e,436
harmonized,898,harmonized/0898.rds,15,207360f004c93195a8e28f3acdaabf4daab4ab8f7721d766fea9afe0a5a4cca6,259
harmonized,899,harmonized/0899.rds,43,2de6517e49544bedd5a8d5bae12af337a2276f5c63567df72164a8e6838b2f10,296
harmonized,900,harmonized/0900.rds,1,dd740f858e5ea7f6044a14178db039e8df3857a57aaf4fda643ece3f109c1664,207
harmonized,901,harmonized/0901.rds,587,8603e4cd11aeaad9554a73029bc61a1a41fbaec8b49f4bafe3eec0f1168efad8,731
harmonized,902,harmonized/0902.rds,4,d2d715e0c810a7a8943fa0d358c7d0924a0f400c45c9e1d4a677df3ca02c5f93,223
harmonized,903,harmonized/0903.rds,64,2c88617a05592ea2bd985c22475080c443c325f3db5d12ae1ae7330c4615e7d7,329
harmonized,904,harmonized/0904.rds,1,9e3cca0191fc1c02ed4d7cbc89e1ec2bdbc561b27db47cd3dcbdf72edb0eff3a,210
harmonized,905,harmonized/0905.rds,13,1471c962344544df28c302bd9d3c7dd235d7641a0f86ccb821c6790107c96c66,245
harmonized,906,harmonized/0906.rds,702,60bd74f62d0e5bc4b65955c9ca4420e5b3c10043c09b7e24a31a70db6c2d1ba7,1022
harmonized,907,harmonized/0907.rds,9,80e0e1ce1cb6132fcac4b540cf2a0dfae0c84bb94722f861f7c76d40dbbd6a71,246
harmonized,908,harmonized/0908.rds,182,02918af3e025596a733eb6602d870871c6fe90d03f8e3adc20a2cacd723a0e4d,495
harmonized,909,harmonized/0909.rds,79,914567635573e25f4fd8b7cb74cda1cf5724fceaca7219771f3740a9240b604f,335
harmonized,910,harmonized/0910.rds,184,0801d9fa681f74ba4ed372a68f5ca4064f4b049e8aa192875b25f3774353a9a0,579
harmonized,911,harmonized/0911.rds,16,6c66a9e4832aa1daacfc7726abeb3d3d19b00d7071c46ef8b7283bcd3b14b654,276
harmonized,912,harmonized/0912.rds,85,854fcc3df8d01ba7ccdc408e75927391623f21a3ffe2bc8b524b483a4da732c3,344
harmonized,913,harmonized/0913.rds,27,029ef01cfad65d8310f78fc55a2fcaf003a01d7aed677bad95cebd64cce0714f,293
harmonized,914,harmonized/0914.rds,456,d36c2791080d3243e06b4be63bfba8b315e9799c78487657142e6a07bfce346e,831
harmonized,915,harmonized/0915.rds,7,c10feaa2700d13491559e0f5b439c0c305ce5d31a4c9498c0493e7b8ec8f7cc3,241
harmonized,916,harmonized/0916.rds,72,43593c1017c39d72d6e41267ee706edaf77f58532fa8f0bbefe2fbaf85c5dd3a,368
harmonized,917,harmonized/0917.rds,2,8f1d94222f0272516939d5dcc5225dcbe009a269a71c6da407e69fae958c3f79,219
harmonized,918,harmonized/0918.rds,11,a155d237ec9ef842c8c39f61b398cc7519ab7bceb9127610c6dce755e8772665,247
harmonized,919,harmonized/0919.rds,1,979171cb6fa99f56d23ace137134aba5621b24593759c9a4a92039cd1af726a6,209
harmonized,920,harmonized/0920.rds,4,c724afe08ed2ca2281a1dd6ccba5237f01e44c974bba279163e478f7f401b817,227
harmonized,921,harmonized/0921.rds,783,b985927b0b5f4030247156824d0815515eace2aab7cd51c2bfc3fd7cb162762f,1213
harmonized,922,harmonized/0922.rds,39,dd7867911f6cd840b5222554ce12b1e07d18275aa66eee07fe8b0f4bc9f1bad6,305
harmonized,923,harmonized/0923.rds,4,01231dc60de189469fe42ff6523cdacbe5df68aa3c652706cadf91626d0ce5cc,221
harmonized,924,harmonized/0924.rds,6,69638777ce370e3ade34ff7b0e0d49ff686a77f3f05d7485fb08a8432acc7bfc,246
harmonized,925,harmonized/0925.rds,364,2699a3b2b25c66354c696cc305fafa0a58cc943c5a78bef6796ba33c139c7196,668
harmonized,926,harmonized/0926.rds,1,9fb3f8385e8b49c638e560e450e4aacad9ee8769759f823bb963320e898c56c9,208
harmonized,927,harmonized/0927.rds,2,f8817ef0626be7bfef9d995adc3e40f1931a052691ef6c58ea90300907f4a06c,217
harmonized,928,harmonized/0928.rds,1,ef38368de7460bf5e1b4041c50cfb6e0acb540ba579fa537c00fbef739bf5720,210
harmonized,929,harmonized/0929.rds,3,f8a99a3e55696967813f9299dcc2dd83bb429c889d9a6efa4f43c795375ebff4,217
harmonized,930,harmonized/0930.rds,8,ee9ba94a113eb12f1e3131f1ca00a2b97db2a8038d8209f9c2a026659b886f76,232
harmonized,931,harmonized/0931.rds,5012,9ec34efaa15b4b8cf47249593ab7c5bdec95f91545c61d864191f3727af2be8e,3514
harmonized,932,harmonized/0932.rds,14536,6884ec1a2d36a32d27c18fd1e806fbccedf1e71a24da821f007cb4835c782fd1,9792
harmonized,933,harmonized/0933.rds,204,a672f4e32a8263c92074065d189c8a1c1325134a24eaf3b3c3da391ef67e5ca5,448
harmonized,934,harmonized/0934.rds,60766,f6e9308d2563625c9971f31e3b52f556e77aeb94490a295f2f9555d90db913de,33628
harmonized,935,harmonized/0935.rds,142066,91c55de266d32fc7af6ec4d1affcdad6b4f621aa6b52ff28d75083cadb6498df,74868
harmonized,936,harmonized/0936.rds,37,573779cb8b14acc89994fb1c17b0d1cfdb26d6002eb8941c1e33791de8349ff3,297
harmonized,937,harmonized/0937.rds,14700,c9c7dfa495501362f28d6dc6a8275b7d1cf56bce6f07ca7bec8eddc88b33b431,10210
harmonized,938,harmonized/0938.rds,67,e5c85ae17046a143d75c832f26601fc7ebb882ca10fe242bdd336a6182856bcd,388
harmonized,939,harmonized/0939.rds,1,bfa53123034f6588c0973729c4fce3536f118d4d0a9fe4b1ff14c54cc12ed50d,208
harmonized,940,harmonized/0940.rds,40006,31776d151c8a24a340cfc644a6c36807d5bf2e3fe258c2d5a1f3b315e046463f,30756
harmonized,941,harmonized/0941.rds,59186,559afaae37dbef6c76389fa46e2b238a8279cdbc509845faec3edf95f663b442,38448
harmonized,942,harmonized/0942.rds,2,62cb477a824a403073c58f2867529abd9fc50c00bfd251c711a2e17ded4fba15,213
harmonized,943,harmonized/0943.rds,4040,beaa4a9471e9a3f051a5107a37301691b562bacb0546e049d6bc0851897d8870,3065
harmonized,944,harmonized/0944.rds,626,c46150fec98a7bb4bb5009ae9212b1d99b45fbbfa53d5672cf360a3ffb165b5d,761
harmonized,945,harmonized/0945.rds,31869,b024c410d86bbb5398f45c425f294b5646f53a795c0ca424aac3cb4c5307aaf6,30401
harmonized,946,harmonized/0946.rds,1944,0d117ca8f2a8abb9f1447128a13f55d5540c86d74463286ab4dcd04615d7a84b,2019
harmonized,947,harmonized/0947.rds,11,42b305ef9ff61ca349b9e7dd114198c9835ca9bfd181902e33eebfb004f286b2,252
harmonized,948,harmonized/0948.rds,2166,7aeeebc450036ab4a6aac743878c5173a439ac0e4c63c64af5e2a27fedd41cd9,4079
harmonized,949,harmonized/0949.rds,415,c83826dd9f1a69a9f3b0c6d69e4a120de8d824bb8b64a9fc360e37d3661e2401,779
harmonized,950,harmonized/0950.rds,1,b53497b095a7cf1c93f476b33e7a638999d5f447660dccca9b6df4ee97a3df0f,209
harmonized,951,harmonized/0951.rds,100037,e7694ccda3ae22c2b010f785f4d0a441cabbdb61f1b92ab327fdda439aba83a1,55112
harmonized,952,harmonized/0952.rds,11,2172bde1bb8f2e59d54a6dd9e6835a90fdc82318775809cf50edcb5b199f1abb,248
harmonized,953,harmonized/0953.rds,21,a5ea3222700889986d08aa839b8a4eacb18efad51ede0ad07cbb524a7ce9e8df,286
harmonized,954,harmonized/0954.rds,107,680b2347ea717e8dcdc2282436a8aaf07f6bd70e697ab7c8ed03188c0dc82016,360
harmonized,955,harmonized/0955.rds,45,e98e0051ab5e547083c002696c2ba99e434036f75c0a6d6f520b02a0b98ed044,346
harmonized,956,harmonized/0956.rds,53,82b864f63a28ed706f143a7626630285c379cadc2b6f6d2851a27c5a1ce371b9,355
harmonized,957,harmonized/0957.rds,8,df12c7e16f19f75a084c127d26f7dd3c7f5199114e151e2b9d9e4bab78d6822f,246
harmonized,958,harmonized/0958.rds,7,ac743892ce9708e1983f58ae6194108036c834d0b056e5a9204cd4ccf254c488,241
harmonized,959,harmonized/0959.rds,3699,c277957ebf4a48d92fdbe365d0638ecfe8bca95641620e4a9767de3675100f25,5506
harmonized,960,harmonized/0960.rds,2,e406169396ddf280752d833ca198aa7741063763803363b4e4ad48f3732af6cf,214
harmonized,961,harmonized/0961.rds,1088,9824825590a6a65f402dcb5d08fc65049ee613f4980aeb95f463bc16ea1b2deb,1245
harmonized,962,harmonized/0962.rds,176,a9be4d11de03eae4175ad7d1beacfb450c4abbcb3df1ee7f0dd03a4c2948436a,441
harmonized,963,harmonized/0963.rds,117807,5331e219c9354a9c8299f0b0779210f6e65d22848e807e32c7f5ea3787bae73a,64751
harmonized,964,harmonized/0964.rds,1,637e7cd149f2617b363c73b4bba8d0fd0347150c93cd02119ee3fc811e076103,210
harmonized,965,harmonized/0965.rds,1736,b2d056f11bfa01fa0e750b5ad0a3253e60f66ee7c2945eaa5233cff37ab20470,2652
harmonized,966,harmonized/0966.rds,75590,97ef04b1af80d9b524183595d3e165680081197306edcb1c4b40b15260a701a4,51635
harmonized,967,harmonized/0967.rds,14,c58a5c9d4700673bad8c78d1e0317019c06fb5f4363bacd6bb911edf1543528f,250
harmonized,968,harmonized/0968.rds,80,0b1d44f2f97fae83d3196a7205bf8efb596124c717b0d4819289df51a456f558,352
harmonized,969,harmonized/0969.rds,3,a9ddaedcb11cfb6b7c1991797c872500d4c76b289afae68b6226ff8cabf8a56b,221
harmonized,970,harmonized/0970.rds,35,3f3f48a5192d004e6670ea87acb4fda47bceabdc26ad0b089c930c45056ababa,297
harmonized,971,harmonized/0971.rds,29,d1947e1d81b0daa84518bbe4747d168846258148d39e1ae71296e0d4d99598ce,294
harmonized,972,harmonized/0972.rds,72,64cec7a55e74489a03ba6bb61bf575dc2d2f81a9e9256fa97fc60ce6c9d9b83d,328
harmonized,973,harmonized/0973.rds,109,7c54bedf1555bb1c218af5ac2909ca92e5afad8e65d98a4199345a007189327a,432
harmonized,974,harmonized/0974.rds,1,27329c89b6b034124a9b6518f885f035b1d3ab820647e66f5bffc7836aea1e92,210
harmonized,975,harmonized/0975.rds,4,1c25da665bf2255824780a2f594e7ef6fbb30cb81c5e2d8cfd3a5cce152a700e,225
harmonized,976,harmonized/0976.rds,12,41ee7ed8c2ca58971d8c1de95e3ef04c10a2743d192126f172c966784784be83,278
harmonized,977,harmonized/0977.rds,1,8636c51f651222bc0062fe5b2ac8e0c0126b5703552cc9396c5ae3365d71e0ae,210
harmonized,978,harmonized/0978.rds,3,e6ab72f4ce2b2660e2b420f4d94ebd712eb4209a57fc29085baa7628ab6fdea6,219
harmonized,979,harmonized/0979.rds,7,b362d1a9ff43c9401d9f92f6584e075eba56acb8721cf5698d6855a38046729e,246
harmonized,980,harmonized/0980.rds,38,0f9b1e9324a42ea6ec68efbe55ded9a51d515b6636576810566345e0b71e92c7,293
harmonized,981,harmonized/0981.rds,2684,b3cf194b4dc13a907ea971ddfd7a1b16b678f2553265768fa9b03eb0531de699,2867
harmonized,982,harmonized/0982.rds,338,8f3fec934a56b5153b4ed13859127fdfa3649405c60fef39d86c0db476c05226,844
harmonized,983,harmonized/0983.rds,2,e9594b0caf899b4ce64d89dc03045f9b03a90c8c5424839a3004ae2b499cb24f,219
harmonized,984,harmonized/0984.rds,2,4126492c6f203463e2854eb9c378b1ef3feb158f2f3d96fc582f8c20c7934be8,221
harmonized,985,harmonized/0985.rds,65,428d98fb30dcbfc823104e70ed253d1d586977b5df18d09c5c5eb33394e8d2ae,360
harmonized,986,harmonized/0986.rds,1,1c8d093323d8aac37963c0854d2b867b786b86ef92060bba9c8601ca2ddcdcc5,207
harmonized,987,harmonized/0987.rds,30,7b2adce43b699ec15c2304c5a399fb085f649a2850bf85ecda59fee10381d16b,289
harmonized,988,harmonized/0988.rds,1,3842ff91987b12f9435d93b2f2963ec5eb7c8e000cb32a779d5bf0c4c4dc36b1,209
harmonized,989,harmonized/0989.rds,1,b15a01a91ec010d56b9d5101a752aee23f5a0294f6d9aa46985b7874210f14ea,207
harmonized,990,harmonized/0990.rds,1,1c8d093323d8aac37963c0854d2b867b786b86ef92060bba9c8601ca2ddcdcc5,207
harmonized,991,harmonized/0991.rds,1,39db3e047ae89edacd0db3e026171a36ef430a9157e13a7b9c5ea8ed4338f946,209
harmonized,992,harmonized/0992.rds,226,36c0ccdd6f4c4a3735480a3f24f318e35ca8c646683767f3ede574fd120ae3a3,578
harmonized,993,harmonized/0993.rds,24,17ceb09850b1dee21bc509c5ffcb837b98c04bf3616e6d949a6255629679bb7e,269
harmonized,994,harmonized/0994.rds,66,15db49ad84c6f768323aca90019ee9b0e5cb25e51898ce3b1ecc22f4e0870395,354
harmonized,995,harmonized/0995.rds,21,c490da91a5b8e569818a6f0c2f558a7aca59b3cdbf5dc4f167084eb911a59084,274
harmonized,996,harmonized/0996.rds,139,11b6d9f76a056e567a4350c3421298282305bd01234a4f8da3790f7e64fa530c,542
harmonized,997,harmonized/0997.rds,5667,4aad309dce792cde2bda89051bd8d25eb9e3647640a67a19635ee4359dd16ff6,4748
harmonized,998,harmonized/0998.rds,4,7eb4eb81bf56b501490f4a014c76ee9236aedd18129c47deb402504cf2c944aa,221
harmonized,999,harmonized/0999.rds,15,1e8db98a826c062796fc6e2a8a7c5fe5ab088fe08d9b00204eaf55f8b0c5efff,266
harmonized,1000,harmonized/1000.rds,446,9b309b34b1ccd5b30596d55dece1d2d523209e44fab5fa2ad67cd03d3cd74a34,729
harmonized,1001,harmonized/1001.rds,93,d73dc404e7e75585271fdcbef08f9ee37c8ad5298692655f29138869ee7b21e1,374
harmonized,1002,harmonized/1002.rds,457,ff8d04ad3ccfafcdb149f4ceb5a4ec512b1239b0ac879bc87bb1d3a40e43568f,811
harmonized,1003,harmonized/1003.rds,199,037c92d22d988e5a172aa1be75ffddac579d8385282119750f81e953221b7bf9,542
harmonized,1004,harmonized/1004.rds,59,57f82330c1fe365ea40142640812bd2f2254279c2c1d6ca5b972c2925710f0ea,328
harmonized,1005,harmonized/1005.rds,9,c5d019908a4823d4b718571f5ba34b4b3dab4d62f5f3d551cdd8d66aabcf23b2,231
harmonized,1006,harmonized/1006.rds,4,0d2e118c6e3b17af5815d92b896f2a9673e15abc11aefbf2dfb202189654116a,222
harmonized,1007,harmonized/1007.rds,3,112ca7ef537ec425e0fa2486e2c37f046d4b9ab04bd9bb80972d3c57e4ce0e0b,224
harmonized,1008,harmonized/1008.rds,3,40df7ffe988546805ac540e5616e91a8ac3fafd03d5efdc5185cbd8a9e6d1d26,221
harmonized,1009,harmonized/1009.rds,309,97d5d0abfa75f9a66c3a890e53b50948ef0f66c288e67d82b2bea065b0e55c46,589
harmonized,1010,harmonized/1010.rds,2,628a1e18c89f506e1e9697b0e669e74e5baaa9ab41f238d69e30e20ec790e7c6,214
harmonized,1011,harmonized/1011.rds,38,f90750b9d4fa48303309e49c883fd78fb9ec8d1ee7bdc7f6090a65219f2b42e2,322
harmonized,1012,harmonized/1012.rds,1,dd740f858e5ea7f6044a14178db039e8df3857a57aaf4fda643ece3f109c1664,207
harmonized,1013,harmonized/1013.rds,42,7949f7ad7672005b8337ba4db58b03f0100f7eb2bbdb7621e4718c9befbcd8b6,305
harmonized,1014,harmonized/1014.rds,90,2ffd2ca469a11beebb4c1e3cc0ce3971d481c1e2ce0529051a57712eee0da975,405
harmonized,1015,harmonized/1015.rds,225,28340dccacdd7d2016491aed8b67dc68dd74255b3762224e8a027698cade8b88,492
harmonized,1016,harmonized/1016.rds,344,c4bc7a11d8e26345e19b88e3cf9fbe2052e3ed9888050199dd8509ca6b6a3e78,679
harmonized,1017,harmonized/1017.rds,1,ff131756478a18052a2638d438a0c1fb97c720f88a1407fa7caef6db42b8efbe,209
harmonized,1018,harmonized/1018.rds,208,6c76268f58e006c4dfaa47c367c5a3940004ccc3a099db09d4451db9478c3058,471
harmonized,1019,harmonized/1019.rds,220,09674695425c2e2edc09b9f51bfae26bdef74f22ee538e9fc0baa2e5b93a91e0,505
harmonized,1020,harmonized/1020.rds,149,7f26d2be8eced91a80020383d46f35b044d30dd27697fe021f1c3edc61c8e9d0,434
harmonized,1021,harmonized/1021.rds,3177,7cb26962dae708cfd423312c4cf4208dcc92e4a6871d8de67f607c624f388fed,2867
harmonized,1022,harmonized/1022.rds,46,dde4d06b820cd529399059949a7d4da117623b8355f147c4485408eec85019d8,312
harmonized,1023,harmonized/1023.rds,45,5d192fd1b827db543135f6be9e286f93cdfd52d01a3208edefb834c449b30ed8,313
harmonized,1024,harmonized/1024.rds,11,632d4bf6eb7294cd559e6928d62f6ea00f997cad9511601cbbbd417b4562c308,256
harmonized,1025,harmonized/1025.rds,15,7a214b02c4c7bc123736c0eacdb175b7ff4ed2c343d98ce1b2b9c0739d3e5446,254
harmonized,1026,harmonized/1026.rds,71,fcc784eea77f172217223309682164773ff8d329de59af6d131db4bde6073aca,333
harmonized,1027,harmonized/1027.rds,320,eb232257a31a23a963b5c1bc4d0dbc3a9c47d08b3f45d76b8fd868d2873218d5,527
harmonized,1028,harmonized/1028.rds,10,09a5d1118f6243c426e666d7f49e54ab332b293fbf193a07b7c5188c942e4c0e,243
harmonized,1029,harmonized/1029.rds,37,ba888daf78e2cdcc4f09a1277cee2d6c37d239c01a1ffe2e94d18a172e49178d,296
harmonized,1030,harmonized/1030.rds,17,1699c8a1b6010923dcf8fa40386bcceeb0b5dd1e1c4320af04b2bfddf5bcfd69,253
harmonized,1031,harmonized/1031.rds,1,9c7981eb75043c68b422bb1e6d92e08c4b37ea4026eec611631a67b7e507dff7,209
harmonized,1032,harmonized/1032.rds,137,6c24a46198e826d48802e5727bde6da0ac33aad967c52d5eb3122c3ebf212a54,433
harmonized,1033,harmonized/1033.rds,6,90482e9f9c7cf1f89690c7483f9e3ce943fcc50df05578d4b268e90bcd748cf6,232
harmonized,1034,harmonized/1034.rds,42,f956bab04e5587060360b8dfcd1989ab50e679a602f8b2e81ab7fbf17f974fbf,312
harmonized,1035,harmonized/1035.rds,29,3d7a021c53b2fe7ae5d9341554ab0f32f956231dcfb8d3df60fdade254cb95e0,276
harmonized,1036,harmonized/1036.rds,2,1ca61611d109d4c5dd472b309e98e9acec37bebfd425ca25fe8b81efb7c80501,214
harmonized,1037,harmonized/1037.rds,7,6da8189e8586b282eb171d5bc6ad2782d2152119d309bf3afa4465394536e9d0,241
harmonized,1038,harmonized/1038.rds,6,ebded95ae8036f46a52d0cdd7c364f686506d96c24f816266429bb4530535bb9,231
harmonized,1039,harmonized/1039.rds,24,64b887cec6a0b3366974fb2593f46cd375db45f7a3676933e44b6327f421b9c1,266
harmonized,1040,harmonized/1040.rds,141,aa07ad45c32d0210fa0d9610dda965cc8514778208de46448f81fc46dca75fff,446
harmonized,1041,harmonized/1041.rds,19,ce797d33e7c374d44594ab8094aeff12beadb15118cded7989fbb4ed379dcc3f,271
harmonized,1042,harmonized/1042.rds,9,39b62dd05ad02f6c1992a5b0fc2bb6a9fe14dd74bc56c8ad55c60f868b2b8894,233
harmonized,1043,harmonized/1043.rds,29,9dd04e74bbd1a6a55e912cf67fbf3fe4f1b11a28ca86a1e9b87e2e6d8925c795,283
harmonized,1044,harmonized/1044.rds,20,2659eaf4198ad955b53deebfb12492c696dfafe13e2158cbe4fd27e9e3346656,256
harmonized,1045,harmonized/1045.rds,32,5cf2a9a87ea40de5a41594a2282bdea2b79f3e7802ecec789cbc08ce629107ac,278
harmonized,1046,harmonized/1046.rds,3,977666bfef4d92eb2099b9f0b7be98d7c146a0419aab3f5ba5abfad947fb0108,221
harmonized,1047,harmonized/1047.rds,14,c58a5c9d4700673bad8c78d1e0317019c06fb5f4363bacd6bb911edf1543528f,250
harmonized,1048,harmonized/1048.rds,10,b5bed39a7d64d9608df0a87f29940a34790ea8435ab8d6c4932b2d0733cdab21,254
harmonized,1049,harmonized/1049.rds,6,abb89f4e594017bd5b7d05f196d38affa3595543b7c78c952414923418313325,238
harmonized,1050,harmonized/1050.rds,7894,8284e4141ef0d1f08814605398e035357fe4bc37bc54b1b12929b2b7eed7b65c,5696
harmonized,1051,harmonized/1051.rds,4,d62456e17c31461e791c096cdb2a54011da7b108964a57388ab0c48f6d7441c8,220
harmonized,1052,harmonized/1052.rds,14,e1fdfb53ed74382c04178f3160e8fbf2478f06438db4e3f09a7cd67d58687c1e,256
harmonized,1053,harmonized/1053.rds,45,126df8cfd1dbe275f5f0b90b48ab4fa0ef7b8ba685c18ca4e8842127832cd155,305
harmonized,1054,harmonized/1054.rds,52,37aa29360b7108f7808fe13f54a623028f49447ffa63dfe4ad6100854ef1fb5d,304
harmonized,1055,harmonized/1055.rds,7,ea4e55fbc6ab850b4c80f0ebc1a06cac0091fcd80fb35c144f8e54cc019e72f3,233
harmonized,1056,harmonized/1056.rds,22,65e68f745c451c9079c869deeb39901e7d8567111b2959a92fd0c6eb2d5e0d68,306
harmonized,1057,harmonized/1057.rds,71,3897db12f2c7c9e87dd44b8bdfc83dabad7449558fbe705b0608749d54a0c71d,369
harmonized,1058,harmonized/1058.rds,135800,7a665b29a827a086be5742713356d8afc20878d466df70b21b5e445589e0776c,57171
harmonized,1059,harmonized/1059.rds,4,7eb4eb81bf56b501490f4a014c76ee9236aedd18129c47deb402504cf2c944aa,221
harmonized,1060,harmonized/1060.rds,0,adadc686412c8a32c45fc2489b7ee54f6faaaf976b3b04409ca638c0bcd353b3,193
harmonized,1061,harmonized/1061.rds,32,6eb1fe294147ecef82587fbac1a81036e06e6097b369bff3da8e750ae468215d,296
harmonized,1062,harmonized/1062.rds,2,a6692b9e2e37ae4b0458d2594aacdda6c74edeac25cf53440eea53bce4de6e28,213
harmonized,1063,harmonized/1063.rds,1,09bfe428604d83afcc8bf9164eab06e20f7253ac8bf48f900fd73d162217a341,208
harmonized,1064,harmonized/1064.rds,1,70c319e30fdd9751ffa4c3667a3b24b4ed18675ff62ceea101713f415c7c3dd4,209
harmonized,1065,harmonized/1065.rds,28956,cd7951ba452d93db9adf09d71007fafbbca709734428fcf295ad2c2a4d3e756d,20904
harmonized,1066,harmonized/1066.rds,3,3a4990425ff137206655d00f1d6728b9722c78c4a55c2470e9a47b0fefa1c11b,218
harmonized,1067,harmonized/1067.rds,16,af15161a9ffd96df3a9295b2ffe3eae8db87f294079d76e049985f7dd90bf3a0,261
harmonized,1068,harmonized/1068.rds,422,9befda1ed0f8f534a36a6978fb6274f29198a166c79d2f4778ba865537d2352d,656
harmonized,1069,harmonized/1069.rds,6,2c674cd6afb5649f9e6f61e54fd11e8c092834c6336b2990231e1608a3087eee,232
harmonized,1070,harmonized/1070.rds,2,f8f0a73a64450a33d0ee24e4dc475f4106e9068a1c5a10d622e2acee3fced3c7,214
harmonized,1071,harmonized/1071.rds,45,437c74a43bc8e5fe2094e9f525fbd4203fcccbda4773f04c203fef6529c0de3b,340
harmonized,1072,harmonized/1072.rds,33,da4c31938668eaaddc023c98ef2a5cff890e45c14d6bdfc7c5be1984ca0f04e9,295
harmonized,1073,harmonized/1073.rds,43746,b2ba04b6478f87cee8bf0576a548e8629cb73066588daa691b732f10471d8b61,29915
harmonized,1074,harmonized/1074.rds,64,6f162912ce03837589d39d3a66840248a50224d43bb5e49ada515808d16abf26,349
harmonized,1075,harmonized/1075.rds,391,eff257b74d9e8e16f138687731516603598f53aca21e3c721ab56cb83b60fc45,769
harmonized,1076,harmonized/1076.rds,1395,c5bb63ec7545b584e4eac179465b373b1e39351c9fae7819f6e2bd8aa820329f,2166
harmonized,1077,harmonized/1077.rds,175830,41a637d3ed0306ef9fb37db3ea4ecb359d2e2d6d34265b5949dee1eb2c02940c,84230
harmonized,1078,harmonized/1078.rds,1,e7e8a5e903a80ef5a8f5474e68c6565d750c928c3cac060439edebd8189d15d1,206
harmonized,1079,harmonized/1079.rds,37,526cc72c59ba1ef58f2a49a44e2d12d9c026372c360710161d516b623bb381ea,317
harmonized,1080,harmonized/1080.rds,3,bba5ff03519469ce1318388529a39cb933c64043026459888b8cfebdefa37346,221
harmonized,1081,harmonized/1081.rds,13,ea08f515cbaca2a0bca8cc2c96cda01d5e929d7c7fe0e7481b7751a7283233d8,259
harmonized,1082,harmonized/1082.rds,4,0f2572827a4d3f0646f29fc9fa3a5c106affd0981c4a84ce00485ebe9ecb0b7a,221
harmonized,1083,harmonized/1083.rds,24,47f7174b0d83b1921c16804ea4b1d0d8f6982292577de15d6a598cff1c48880a,274
harmonized,1084,harmonized/1084.rds,48,487a77f8a364d807e5a7f2ed8d72e00c6a198bdb8dd3dfdda8aff0cafb0d0ab2,340
harmonized,1085,harmonized/1085.rds,82,39a0f893219d6805f4cf00c63a2f4544a11c8f9c1a5de4b609c97665a56f2c60,367
harmonized,1086,harmonized/1086.rds,15928,0c1e4db58d4693131b9c83262f2c017b55f76d482442719e5a31657b44f310e3,9153
harmonized,1087,harmonized/1087.rds,508,f4bc98853f7998dec557f095fc28c305eb87664b635692a2cd75f823d1c30ef9,685
harmonized,1088,harmonized/1088.rds,60,4c469bf842783992ae2b9de554eee7baad71598736cdb5ab64e01567604c45f1,316
harmonized,1089,harmonized/1089.rds,10029,c05c032a231ea6f4f1eb44ed2fe9ddd234a4adfee25c411fc78f0c4526b59f2b,8572
harmonized,1090,harmonized/1090.rds,34,dc02e35f613598764c46c08e4e9a71fc97057822fcf434922ad769f1cb0e92c4,296
harmonized,1091,harmonized/1091.rds,11,b4add56ea0e91fd38bb47c01f31953224e135a2b019e194de505760a1da7f7b6,245
harmonized,1092,harmonized/1092.rds,34,7a3537e4ba1423c8ccc44905a96692cf07f73b33d5982b92da7f06f8de007b8a,299
harmonized,1093,harmonized/1093.rds,14,36047312d6781b291f6a103f340ee45a67d15b809f25e1bbc2a925a8366b26ab,255
harmonized,1094,harmonized/1094.rds,47,c85b86e7fe143c45d174e2d3b37e18f714cbba27b1efe9198f2e4a377bd94767,323
harmonized,1095,harmonized/1095.rds,36,b1b3cff2e6141a95ec964d2cf4ed006a15148200c863e0201f274f5f7db9d813,304
harmonized,1096,harmonized/1096.rds,0,adadc686412c8a32c45fc2489b7ee54f6faaaf976b3b04409ca638c0bcd353b3,193
harmonized,1097,harmonized/1097.rds,68,fe5e6f05c4368908b3d4db479a006b2f27c35c454220d90c5be76dc71b3d3be5,334
harmonized,1098,harmonized/1098.rds,3,674c199a82ddfdcb472ee2324d94d30ec02532d5f313ced62dc808e3cb071d96,218
harmonized,1099,harmonized/1099.rds,3,1882478672e5875d04b32a0a4832ba87cb78b072098110ddf23e94aab25a8b56,220
harmonized,1100,harmonized/1100.rds,27,cf6c83d6049f3371dd3a58f8acba10f696a2faac65b244c6e590c7f208585ee5,290
harmonized,1101,harmonized/1101.rds,1705,ea7a59aaf3c7cc7536034063898a92937bb7956222bcd09333e3e6527becc898,1891
harmonized,1102,harmonized/1102.rds,3,42321a767bd3543715c2983b268b5be70ecd11267fbe6255290a4d3709a239c3,223
harmonized,1103,harmonized/1103.rds,21,80e46ed4a7c97a95625532e0f353cdcd1cdf2292249527d43410930c0378ce97,292
harmonized,1104,harmonized/1104.rds,10,0102b7b42ea964a4c2a6f3b90d62e9f21c983e0ca7b7c2deef325dcb7ca53e4f,241
harmonized,1105,harmonized/1105.rds,18,bc0b128d1856203d717ae1f18884c98c3d28ab6b2af7bee86272bef53a06e627,282
harmonized,1106,harmonized/1106.rds,139,413047f59da4f3be8e47242de109be7aad6c73c958766fe3d3d448eb931733c6,422
harmonized,1107,harmonized/1107.rds,2,60f01394c3a5aa399987c57a3598e2465fe482e0cf9dd1d7a1d7d7df650523ad,214
harmonized,1108,harmonized/1108.rds,91,8da544ef21f3280176caddb08e1095422bf47f7fbf0b2dc113b24ff456dedca6,404
harmonized,1109,harmonized/1109.rds,2,628a1e18c89f506e1e9697b0e669e74e5baaa9ab41f238d69e30e20ec790e7c6,214
harmonized,1110,harmonized/1110.rds,1,fa6e7a96c5f53984dde23c81fb5b2be1f4411506df419817c104eccf4e488e61,209
harmonized,1111,harmonized/1111.rds,50,1054377c7dec8c5b629d05765e1095c7cd420f5f454a5b50d89a1dd425f7245c,343
harmonized,1112,harmonized/1112.rds,2,919cddf4a0f3e704057288ed3629853bae96888b68b5413e2246ef5549a76f60,216
harmonized,1113,harmonized/1113.rds,27,2d98281ce6fe06d9f4b35d66f6c276d562de2db017e3bc407606fe1993a2e79f,307
harmonized,1114,harmonized/1114.rds,15,e9a6422d7a68b620f9e6d542bbae2bdccc3c954e39bc5693f1cf78d38298dfdd,257
harmonized,1115,harmonized/1115.rds,47,54348ccd9b50b1d4613312279533fd9a0783abbe543f9c157546726da2aae5d2,337
harmonized,1116,harmonized/1116.rds,3,9bc2402cf18c06c31847da8fc99ab4958216ef9a6f391173339ede59101c9f95,218
harmonized,1117,harmonized/1117.rds,528,9b0266d040a19774d0084a4c113870bae32aa4877007f66ff14cd7f1cb87cf13,871
harmonized,1118,harmonized/1118.rds,13956,03181d84b5dccdb59daf09c4203f791b5f478a97b5d679ecf726f3b68b3f5774,12007
harmonized,1119,harmonized/1119.rds,3,460b0902482e12e7dd311e3205a28b383a0fa8900c4f7bb1178234d5cac72695,217
harmonized,1120,harmonized/1120.rds,11,d5c0740218da96cc932e010a8d1e84987a3a4754047632cd7fce230132e361cd,246
harmonized,1121,harmonized/1121.rds,8,32444284acf30a41fa87460a55954f8ab6961118ec2cdce62bc5c74c390150cd,247
harmonized,1122,harmonized/1122.rds,61,e5e120aae007eb5eacbe382c569c2f4178723a75a156b8606242921343e02a43,352
harmonized,1123,harmonized/1123.rds,1,3e15dfa8bf1373266e3f3b26ad19cab97ca0f1ec06a0f2eae73d12075c1de9bc,210
harmonized,1124,harmonized/1124.rds,107070,47d6b771b8b15740484db8181e50b0554b40ba5a1e3ab2db98163b082851b58c,55253
harmonized,1125,harmonized/1125.rds,80078,08e1b08cc51afb57d27c717403504a28ee929131aa3f40d2b7d32fe99c1bf845,49536
harmonized,1126,harmonized/1126.rds,100537,7591d8bdae9026c66b28666477d114bf5543623f96a3dd115d2a734fce0af50e,51118
harmonized,1127,harmonized/1127.rds,86248,e31e85b89915492226f6acb3a20e7954c3157cc7e618ffdafac9a65e8d82f293,50341
harmonized,1128,harmonized/1128.rds,1,ff131756478a18052a2638d438a0c1fb97c720f88a1407fa7caef6db42b8efbe,209
harmonized,1129,harmonized/1129.rds,8193,00bb9ba1b40f05a3a519483595d04a7ae523054ac7a9c64e502338cac5fa745b,10002
harmonized,1130,harmonized/1130.rds,65498,e9776c9754c62ed847eebe4b1427be8d9453b4b19e53874a501cb10afb92e2d4,37037
harmonized,1131,harmonized/1131.rds,178,3ac3db3dd19d65e8f3b46d7236cb8c655d4ab23148ae4b1e8ac37eee191dc094,422
harmonized,1132,harmonized/1132.rds,2,98f7bf1642a1e80c7a6179875f08b40926bce766a66b8b3fbf845ee0018fb1e7,215
harmonized,1133,harmonized/1133.rds,13,ad7cf862119e3c72e60fae257e08b17836de98136c5ce6ec97f37775eb80a63f,247
harmonized,1134,harmonized/1134.rds,53,6afac114c0d7eeb3a10c2293e1d289f869391ad3d15c6cc736e8196f02da2f2d,322
harmonized,1135,harmonized/1135.rds,21,62bafc385502d51e84fefd77069cc9d76b99b1595d286ebc8e185742448ecab9,265
harmonized,1136,harmonized/1136.rds,31,53863baef14406ccea04324344a38568b1c0fddaa1ee5cf4ffefc765c87370d0,287
harmonized,1137,harmonized/1137.rds,17,2152a1a064c220c75d76258c2b6bd8b47ec9008e4e97778a7d91208111deb3c1,267
harmonized,1138,harmonized/1138.rds,6,0b088698322ca4a4842b020648f6f40f08df5a22cacbdae9b9b43900f6a7c675,230
harmonized,1139,harmonized/1139.rds,102,54c0a72b5380888e651d2e5af9918032dfe4c3a2f2abfc02f0727d9e1558685a,359
harmonized,1140,harmonized/1140.rds,28,b5181a847ab00559e047f06d8f5a384e72b737f1b9c7b78a646c6add429d5899,280
harmonized,1141,harmonized/1141.rds,29,7a7b43ff7ff0bd1728d1cca2bcd3e878eebe9b7e301f82f53b80a08df616e0b2,291
harmonized,1142,harmonized/1142.rds,442,77ecf60894a5dec75eea437c20368dc9caa9e99f048d0916ec6f015236b22c7c,695
harmonized,1143,harmonized/1143.rds,3,ccd1fe18de91d9f63846fabfbd9490e35962aa2fa150614e2f6086b6ac8ec75e,218
harmonized,1144,harmonized/1144.rds,28,656ef7919147c78925f551351ac9ddf499e9adf1d4aca98157d5bd514b0bfba0,278
harmonized,1145,harmonized/1145.rds,269,88f1649cfe12988552089255c5431ddbf4750077aa34984726a82039be560750,680
harmonized,1146,harmonized/1146.rds,116,5b401974f6bf0e725df59178f9912f301287174bc2ec4b69127521ccdea0545b,391
harmonized,1147,harmonized/1147.rds,248,1a76286f9af29bfa747ba75feb92457b8bb595292dc26ceed93c53427549980f,685
harmonized,1148,harmonized/1148.rds,388,32b8bbf4f833c6aa1e815e92cac621bffd22e4ff8de429bdf47e4a0e7aca556b,751
harmonized,1149,harmonized/1149.rds,17,bcec6348876333ca3706eb9b62d7d22a31b37eb21ccdc4b395ea00bcf3e8a037,257
harmonized,1150,harmonized/1150.rds,8,7a8ff0736f1d539531f7f586cb9529486f3604b982c4b2b4e115538780ec364a,250
harmonized,1151,harmonized/1151.rds,66,c6650ffc1c43d81684cb22df0a23b6ef8339cd3577d347f5e3a36f26fd1d66ae,445
harmonized,1152,harmonized/1152.rds,27,dcbbf45fd15bfcd131ed35348f03525e551d7bfba6821c134656bf560eef515c,275
harmonized,1153,harmonized/1153.rds,107,28348955a7d6a562c074cd67f27e7258abccdc551e7f667160e2fc644c88e9e7,361
harmonized,1154,harmonized/1154.rds,379,c3df9462397f63a66f5d1a67ab39a48585c77cbc6f6bf5ddd2b17616078343bc,768
harmonized,1155,harmonized/1155.rds,13,185ce3ee4083aa16d8fc2d056b360b2d1637b222ae82e88f02011b755f7a173d,259
harmonized,1156,harmonized/1156.rds,1,c0e449a7203fb5e72a8840eb47d4ceed6f6e71c3884ff4d78f1e0babbcd731d4,208
harmonized,1157,harmonized/1157.rds,10,308ac6a2807b1b34488df8e61f6592dd26666bd18f8efdde1e47a74062c15470,245
harmonized,1158,harmonized/1158.rds,41,068d33880fffde72c2ddd22384757db3e4753cf516ef8435fadc1fc5a677ac79,308
harmonized,1159,harmonized/1159.rds,273,2e4b0eb69b1a5e4138d32c27f77f81e35aac566e3c23176f9f938b078df3b6b2,637
harmonized,1160,harmonized/1160.rds,1,6081a0e7d25d224b79f00fcfddd56183848f744193a8f8d7e83b9c78a81300d4,208
harmonized,1161,harmonized/1161.rds,44,f7e6c229fd0fafe5b20e312cb43289d7ed29feb93ff275e348f3e9f27b579185,296
harmonized,1162,harmonized/1162.rds,21,01ba8920fa7b3a613f1d19d6e8a7459d73e54d49d2b88783dc4aece49167557e,295
harmonized,1163,harmonized/1163.rds,35,9e96eb04ef24a033cdfe5c86d06b2c891b81e2c7d54d2013ac9c3b41cc7653ef,317
harmonized,1164,harmonized/1164.rds,6,82ecf66c58d4c352c928b0652d7bda738ebf65310e97f865a088f3d387f55746,231
harmonized,1165,harmonized/1165.rds,134,63dc05dc59cd3806854c971fee07879cee5bd263297ed1e9d0efa61a3ef83907,398
harmonized,1166,harmonized/1166.rds,38,1f11dd3692d520e63e6cfaef64be211ac86aea3645bee4a593f971813de1e1fd,282
harmonized,1167,harmonized/1167.rds,16,ae1753cb248be5d313d659c914c4d74db2718b53c3526876c98f557e04e80180,260
harmonized,1168,harmonized/1168.rds,96,505c63c9bc68cf0beb1967c32c4919c5c85a58db0ff807a9fc03bc0d093e1070,401
harmonized,1169,harmonized/1169.rds,0,adadc686412c8a32c45fc2489b7ee54f6faaaf976b3b04409ca638c0bcd353b3,193
harmonized,1170,harmonized/1170.rds,37714,93887f7ce33b340858e7049effd77eddb8cc83e6dc63652083c276801967a0d9,23977
harmonized,1171,harmonized/1171.rds,5,2b0cffc14955623d4d88b376c6ec6a8da63745d839f070f85290ee41adbb8786,228
harmonized,1172,harmonized/1172.rds,3,7de0b5641935a987db114fab09bf3f84ed5c9467101ee9cbbc28020142924587,220
harmonized,1173,harmonized/1173.rds,14,2bfee59920729856e4453a5769da07e790b6309e5fbbe2702fe6dfcdae5701cc,254
harmonized,1174,harmonized/1174.rds,1,86c888019c46ed1f757a6767b80f2b1d3da9ed1ab33bf7f8c34c6467abf27215,209
harmonized,1175,harmonized/1175.rds,1,84775316a433a099634b7a85349ef90d1b652c926002118a3aa4838b02f14440,210
harmonized,1176,harmonized/1176.rds,2,8a0a914335a32b81dec7041aab7544210e4b20c4f5c71c772dc7df160e261ba2,219
harmonized,1177,harmonized/1177.rds,9,4905c36697bd5cae33467521a0b93cbe940af386d6ee485b3c339c66e3df8675,231
harmonized,1178,harmonized/1178.rds,2,392634c9a567551dde3e1978053ac66581877de814acf13abe3297422c8f3164,219
harmonized,1179,harmonized/1179.rds,2139,354523f76a9a91315c1c10e5fa9ee2ea162dd0edf820bd56311ebc048efc4822,1996
harmonized,1180,harmonized/1180.rds,5296,8b819167be8b77a79d2cc02e50f5c6e8b7d45bc82f17ea76ca4615ad72b19be6,5031
harmonized,1181,harmonized/1181.rds,1,f641b7565a795e2b7658a7b54644bbc4733dc6a17efc6996f1134f452e7850fc,210
harmonized,1182,harmonized/1182.rds,1,4d172853a8a5501b96801fefd94b41d255ed7796ce867d8defa9af97ef29babf,210
harmonized,1183,harmonized/1183.rds,118,1b73711a16384618b423abecc4e01b44bc03a7fc3c0c12dd2c5eafad6731a9a6,565
harmonized,1184,harmonized/1184.rds,216584,50c13558775ec785b7f2db11ae0c79765fdee7734ab2480bc37138be7d61c300,87837
harmonized,1185,harmonized/1185.rds,38111,18cf03bf1b686bc72074ebf6c74ada1368ed23007deec01f4a281a522c6e97df,33489
harmonized,1186,harmonized/1186.rds,244,c9213a04f42883e3ca30441715775b3b31621f9ffc513dd36494d18aaf761dac,573
harmonized,1187,harmonized/1187.rds,6,62b9924106ef23c914f89de21b25862a7a9e8dfb5e0a85112cef7425636893d3,226
harmonized,1188,harmonized/1188.rds,1,aee70ff180e78475667404e1dcbeeca20049e34e5844cd7073aa5793f4453815,210
harmonized,1189,harmonized/1189.rds,2,bc903ba490e6205df42df0166bb8a483078c4d6bbcf48ad23b4680ae4fb5a337,216
harmonized,1190,harmonized/1190.rds,120,e2525dbd53d4723c72d956b2e31d33323a9b613d960a42517ab458d687213265,441
harmonized,1191,harmonized/1191.rds,1,53953f689e8dadac4dde33c0fafb7628d7d44a93d06cf4cb1001ddc84685d4b4,209
harmonized,1192,harmonized/1192.rds,275,46e3908893f0991653e18af6923bb78225b32f5d5a68181ca9c8d6494e05d171,531
harmonized,1193,harmonized/1193.rds,146,4a9b58b8be8baf0549be1f42c98d3584040198927263002e55f982dd7a023e94,437
harmonized,1194,harmonized/1194.rds,49,5405b8cb0bad51fe503ebb7a5700ab9a262821575fab07744eb35c4e0073f7a9,304
harmonized,1195,harmonized/1195.rds,93,9d9300960d598e87ec1024ac01a00c84a61291da0b4153d57b986f6ce4894b77,380
harmonized,1196,harmonized/1196.rds,147,2a752da7dbea3ab1ac737adfc68cc1762be52f327416f5a465fbdd558108401e,474
harmonized,1197,harmonized/1197.rds,6,97785008d8f3e5502ff3f5ba785273246c225ac80b29791892c783acaaa742bf,237
harmonized,1198,harmonized/1198.rds,8,693d10acf55d22c25bc8a5a513a2b228b56e148d76a8577beeae2d87b73c44e5,243
harmonized,1199,harmonized/1199.rds,12686,b1011e64245ee3aabfa4bbb82c4db2f4d15c1df4b997405f320f310bec91570f,12154
harmonized,1200,harmonized/1200.rds,744,ce5c02721c74ee268d86d565b9f29b78f9d70ab759d1a36f96e74e0a36d486d9,1202
harmonized,1201,harmonized/1201.rds,1,ba15907c765f2a2ce6eddbb826b331d64a2fa9ecf171b84d4a75d9b0a767d4ec,208
harmonized,1202,harmonized/1202.rds,24,94804767dd1f5275c0c34bdb41d388394160add6fe4dfbcccc8ae493581009d7,285
harmonized,1203,harmonized/1203.rds,3,cbe45075f18ed14c74f54567a5d8736f83e579e7fa4fff8909d6401791b625bd,222
harmonized,1204,harmonized/1204.rds,41,70746873dc58ad73bf2e47593a305512cc83ec91f7b169f97c837d5e8b8d919e,302
harmonized,1205,harmonized/1205.rds,94399,537701c7a7438b98bd008033c35d98b376363016d3c9e562afc319c1ff179464,50510
harmonized,1206,harmonized/1206.rds,5,842d422bcf85a8b87ed23b679b9b2c5eedb8d6d6f25e660526ddac05f699f320,241
harmonized,1207,harmonized/1207.rds,6,9405fc9ea601d2f9e71964ece2cef24b7c88b9c6c8ba439585a7944a26f166f6,235
harmonized,1208,harmonized/1208.rds,68,101637f106bf607aef8b575c00bc8e4abc8d00fb17c98045aed42337526e7180,349
harmonized,1209,harmonized/1209.rds,6,4ada20a6b3adce0e41115fbb40af7416f2fda838e73eaf1d231ea4e1ef638f70,224
harmonized,1210,harmonized/1210.rds,3,8d047142a361199f3af13d390875031bf6e35f2dc3bfc409f9d36f484c8b0b96,227
harmonized,1211,harmonized/1211.rds,18,e34618387cf15c21e12c90f3182e508dc7919837e2b3a1d8288d831dc38ec1cf,268
harmonized,1212,harmonized/1212.rds,50,e5b685fd53ffd642a761160a44fa6ab1e3ec5fa86a8f53a016c6e38659d16846,316
harmonized,1213,harmonized/1213.rds,1,bd39482ab43ea81292c658621c01674b5e8e25e1f55c1a217ccd9a0bd7cf3c96,208
harmonized,1214,harmonized/1214.rds,6,9eceb05c2c6839bf8e1b6339d386df2be2412fd5d8a2dbb395cb8a67ce3b78f8,231
harmonized,1215,harmonized/1215.rds,7,d67d7fca08c4d567165759ac667b3e761d69de0b983ae4102eecf8dc4fac9b6e,239
harmonized,1216,harmonized/1216.rds,2,abd9b90979cc806bf8d20b04dc31bdbd90e51d7a2a77f669727fd41dbfcb0c9c,218
harmonized,1217,harmonized/1217.rds,31427,4eabb5d6cff60d475bf74b154c08df50221f3bd7b1f6989b13a1095005a31528,19799
harmonized,1218,harmonized/1218.rds,88,542c0dfc8ba7d45c17f589917b70ecb7ff0bd8f2de8955eb70843eb1b907b1a1,398
harmonized,1219,harmonized/1219.rds,208,3aa5715aa53c9b50f173c8e946b711340c43a5d85fc64ca21203480f9c368baf,565
harmonized,1220,harmonized/1220.rds,46,d55f17d7d6e9b847a0ae5b1828717585d7ea6bb84e0c06728e5425b6b0a80fd5,342
harmonized,1221,harmonized/1221.rds,1,08be0c1d441f83415dc5f145d31044f9729a8a02dc15bf3e5c14d7a42e651468,209
harmonized,1222,harmonized/1222.rds,101,378abf48920415911107c00a7714ab274eda249f1cee21529604e4fccdc35a23,362
harmonized,1223,harmonized/1223.rds,286,ce0c002b03d5f311c4549577ebdbf2451ea57593382e0fe3cde3ceddb7f28718,582
harmonized,1224,harmonized/1224.rds,1,8cdd8a5ad5d13844d2542235c4b87b10cfad5dcae06c2f912bdfe2fd507cf3ac,209
harmonized,1225,harmonized/1225.rds,28,d1dd111b82714e33655155686f30b503867546043bfefbc526ec7ea155706fb0,279
harmonized,1226,harmonized/1226.rds,27,dc3f8c45d65f3e01934244bc65c9e38b8a4f68db0649b5ba4ffab63b6ccc7ac1,284
harmonized,1227,harmonized/1227.rds,33,610d81fdb03c78c0e89417425481805545877ea39d93c3942d86f8661fbfc9f3,367
harmonized,1228,harmonized/1228.rds,1,b6467023096df6770bc56b426ccf19b1571a2c64fb4e12c983bdd4f254dc36ee,209
harmonized,1229,harmonized/1229.rds,42,07a2b3aa1f353217ca0e75205fce4d41620db4c3d40d1de7080e2262bafdeb4d,311
harmonized,1230,harmonized/1230.rds,18,d916e03b98862a51d6ee2a5ce6cf3e78059840f38fd07360c6ae4fe79fd46c5c,258
harmonized,1231,harmonized/1231.rds,78,9cf082d1de3eec0c51ead650693329c51f2d1da5c1bbb8d3d644ab0ba0909b2b,373
harmonized,1232,harmonized/1232.rds,32,25ec2a6e4fcc68cda006cb87f57402ab4f95ce27951d4962edfcd0e4d08209a9,301
harmonized,1233,harmonized/1233.rds,16,97ed5e608b7c49ce955e4d667cf74a4b465b4ff1a15647bc1853299bb4819641,282
harmonized,1234,harmonized/1234.rds,6,e8f832550da0b0f16867b594475555d359cb8a85c30d003ed5ea1bbe14eda302,231
harmonized,1235,harmonized/1235.rds,855,90a7d8dd4c0d97e718aa35dddfe5ffbac0023a15cfb4402703d88117e60c080d,945
harmonized,1236,harmonized/1236.rds,3,8545fee4b4be60188dea1feac59e55d9b8ec48a92bc34a295232cba85f12eb0b,218
harmonized,1237,harmonized/1237.rds,13,13b14f855288aef70a3aea3f018e2b41f8c9986647e141b55f9490bf06b9cc66,250
harmonized,1238,harmonized/1238.rds,5,491c0812a2695bc76a086309a1c5506f3ca842a2076abd9dc0ba82ede370bc35,226
harmonized,1239,harmonized/1239.rds,5,4050902843ce5bf554b0dbb09a8190685246c1ef9bbd5ccbb18493e9d8b1915f,226
harmonized,1240,harmonized/1240.rds,3,a9a793e0223477382ee0151c806d03ae1aec8c288a1ae8f8cf756778cf330867,218
harmonized,1241,harmonized/1241.rds,262,ddc1dad1b28a55268d0bd6cd55dd87354d94d8b063e27fe6bbc2fa1336cc792b,580
harmonized,1242,harmonized/1242.rds,459,d7023dc20ee21be56c736bcb6c6de02534d04d8bfe1573b932e7101e33ff6c2b,847
harmonized,1243,harmonized/1243.rds,173,ea48595da83f10cb652cb50693d8770778439dfeaeacc65933247d3c0e37c3b4,547
harmonized,1244,harmonized/1244.rds,38,1bbae7ab06e74e4ba189ba75b409981ea5e331feadc0d99be69ec8e103626826,355
harmonized,1245,harmonized/1245.rds,97,b32bfc09b52f122db70fb3ef66d001bf7f1b7c8de0d7a0e3079844b2d8b169ce,431
harmonized,1246,harmonized/1246.rds,14140,fa7ba023afcc82dd09d95cf8f00452b696a8b1d948854e008afdda6a2fb936d3,8850
harmonized,1247,harmonized/1247.rds,50498,5a616fc77a67ce04bec112b4a90994227b8c0c10e792562af4f78ab592a96836,34007
harmonized,1248,harmonized/1248.rds,4550,399ce6af26fbd46332e016496d7787725c8f06812e5d05306889e72aaaa759b2,6496
harmonized,1249,harmonized/1249.rds,3,e76990dd897369f5f551ec166311cadc882c555f7d0106f28e92ac7251e9db5a,215
harmonized,1250,harmonized/1250.rds,1,895ed0ad4d1682b8e633a9b321beea2838cbab6756424f01110fe3e3d915373f,209
harmonized,1251,harmonized/1251.rds,3,820d61c5c4e9ece5a207defc473c4bd53d64c0d44284036252adbb8e9881ce21,225
harmonized,1252,harmonized/1252.rds,17,828409216c77ff3c8ebc6178d9212bdfa2d2521b55c54d91a05907a237335895,262
harmonized,1253,harmonized/1253.rds,41,ec17570343eb515e63cfa2dee19702b7fa324b515fa7c46b079808d436a2ea06,330
harmonized,1254,harmonized/1254.rds,1291,d2a65ce290746281d3184b6132e984bca50c1ea998f80bb323a7823a2eaf77a6,2207
harmonized,1255,harmonized/1255.rds,35,74ef73a8e9497a17d48a89442028c811719e1c6198d86b5346146f4360466197,295
harmonized,1256,harmonized/1256.rds,51,131ccd0fd2a6dbe0688a133bc338b195a1b2c5c243a0f0f7a73f894f1838ece8,354
harmonized,1257,harmonized/1257.rds,7,e73396983910a456bf0c5d9255470635ae1efafbe0ff6f636da1769e93c62bb8,230
harmonized,1258,harmonized/1258.rds,8,15707168f05703fa63ac064a1bd28d8c0be0778c45bb7142bf5cb67b81b25192,231
harmonized,1259,harmonized/1259.rds,156,9f85ad968ee1e7e805a8cb8af0ee2a776c10d0469ff5d73ce8f32f33bc3d835b,383
harmonized,1260,harmonized/1260.rds,51,dd50f9e6343d51367e3eb5711bea243905d03298c1dba9e6bfc3c6baa450e61c,361
harmonized,1261,harmonized/1261.rds,3,3b553085c19379134092e7203a57f9e5ff80133d297a1f9ec4954a1df66771fe,218
harmonized,1262,harmonized/1262.rds,53967,99e97df5b23ec857edcc4edad5048d957cbea32b46981db84f30735cba129fd9,33438
harmonized,1263,harmonized/1263.rds,3,feb0904f916fcea9646d041b010ffc3b9ec9a7f6918166212b759fbd18a37eea,219
harmonized,1264,harmonized/1264.rds,5,9efd457ddbf4c1bb7d58638369172aded4dfe77e2d04e86d37cd6c8ed261ec88,225
harmonized,1265,harmonized/1265.rds,1,73732c361251f991e520e25a01e3893f6c73fb35d2b03e060dfb59e0aa5b7449,209
harmonized,1266,harmonized/1266.rds,5,9efd457ddbf4c1bb7d58638369172aded4dfe77e2d04e86d37cd6c8ed261ec88,225
harmonized,1267,harmonized/1267.rds,4,f0eb27b68a6e2374e0c4d9530962d5384ed59d6165eaf61585145782feaf8841,220
harmonized,1268,harmonized/1268.rds,6,f1bee91a78e6f39ddffe7751717ac98541e34e843468534af71083c614f4b8b0,237
harmonized,1269,harmonized/1269.rds,5988,941cc8b5b7795af59f7f60bd4f030c43dc46e805b054c2b6aac0b0699b797b8a,3590
harmonized,1270,harmonized/1270.rds,105,a63ba9aecbc26c7bf3d35a923724f4a70826d6a325a35f9cd0c07c06892efc15,398
harmonized,1271,harmonized/1271.rds,28,f22268b9517d78f1c544c98e859399fd4c1b02e0eac144509a9ba040f9bf3cd4,293
harmonized,1272,harmonized/1272.rds,36,dbb8afa4072350799e0728cd7e015c1d221eede3c03f465917290597c50762bf,301
harmonized,1273,harmonized/1273.rds,289,2d93ec0ab8ffebf9b951deee235dad780d651e16909ae3eb7210cc830caca9fb,578
harmonized,1274,harmonized/1274.rds,35,7c393417feb1ded7018f118d85aa4a52cd3aaae3605fc39fea547d0770b88cca,287
harmonized,1275,harmonized/1275.rds,2,628a1e18c89f506e1e9697b0e669e74e5baaa9ab41f238d69e30e20ec790e7c6,214
harmonized,1276,harmonized/1276.rds,10,25adfc6a89800dcc0324cdc16a97fbc92fe60a92f793f52950d70d56084f53b1,239
harmonized,1277,harmonized/1277.rds,454,531a227caa383edcc669a5c6a9c181372592b48fcd0ce4de97bf504006a1e00c,899
harmonized,1278,harmonized/1278.rds,25,7c7ba2bc35405a56461c8f1537a084637923c3da3be4a127fba653b7070937d6,276
harmonized,1279,harmonized/1279.rds,4,390e809dd408ef4de4b0e866bcddb71bdad79f0e8ca9e1d88afa0aaa062c5059,222
harmonized,1280,harmonized/1280.rds,10,691c955d2a80e9ed9b3d8aaecc7138c2a1eab31a6bacd136ffd301d7373cd7d1,245
harmonized,1281,harmonized/1281.rds,17,2558fe0c98c003cc2c0c6ca2660d5d2401588fe0bfccde98d5868673052d8572,252
harmonized,1282,harmonized/1282.rds,2645,bcbbccc742e9435dafa441366c0439da8a96daaa28042ece2c8f2bcb9c3cc826,1904
harmonized,1283,harmonized/1283.rds,91,69084f745bcd3f760bf589b7bfebe93229c8d78a3e91d25e5e5d79514463ee76,383
harmonized,1284,harmonized/1284.rds,1505,f1bc8fd74b85836633ddcb7c39cfe422ec377e06969039f798f842268f1454af,1498
harmonized,1285,harmonized/1285.rds,18,cadb69ac1a0c3ec5e818bc6b4e878606f995374892bebc88734274bee5ad2d39,271
harmonized,1286,harmonized/1286.rds,7590,3fe86927f6d8a113ded658e593a1b845ec668a4794bb5bf4bceb203c9dcabd5e,9119
harmonized,1287,harmonized/1287.rds,26,6adf76370eae4539f240905691900688f554dce672897e67cf0bf5338a0dc6da,299
harmonized,1288,harmonized/1288.rds,1,eea2e5e4c047f0e9973c9c9d825516566bf8fceaac55a79850a9e710da6a0139,208
harmonized,1289,harmonized/1289.rds,9122,b5a84602b7f68aca13b342705e195d3abd64955de216807089cf84c180c6f843,5024
harmonized,1290,harmonized/1290.rds,55,25ce6a90e91752f4c2f003d2e6bd605df7d0ecb63ac0e468c69b7467a0468d4c,315
harmonized,1291,harmonized/1291.rds,19,3327e2132c7ae12cb6db113504ea4b28b6610998b1e7cf8bd880514559328766,270
harmonized,1292,harmonized/1292.rds,163,20efbbbb70afaa118e5e33987326b38a11098dc207b1c9579c6f5c2aa4f73efd,525
harmonized,1293,harmonized/1293.rds,2,f352b52c4a1fbc4231fa80d0f70f6152ea982e58405dcf1f62adc1a1c573b540,214
harmonized,1294,harmonized/1294.rds,121,8b0139f5954a1545369524ac3be3cb859bc62b7b62c71c8ed3f301e96450084d,426
harmonized,1295,harmonized/1295.rds,3824,1f58d337fb7126d4ce94ef1453a20709fd7a8761f1c33d4b075a89ad28914dc0,3537
harmonized,1296,harmonized/1296.rds,17,30e671fc8160971827dcc2a6a57af6832e3be9ad995fbc703d5f3059474555b4,259
harmonized,1297,harmonized/1297.rds,105,225c349ac6d5adfa304d2ca81bcd9d0bc350ec64d17b592e19005fa504b44b14,403
harmonized,1298,harmonized/1298.rds,83,a3476be79c217f80fed93a7edc6045ee73c852289f20cee8ec73fe91541a27ee,373
harmonized,1299,harmonized/1299.rds,7,95657627db118daacd4445179f5a79ce7c819d85ba2275216eb4eaae23674272,231
harmonized,1300,harmonized/1300.rds,22339,353b602a0f9ce939b60f9eeb6afa705bd1906e3e211e896d1588be30917c45fe,21774
harmonized,1301,harmonized/1301.rds,50,8e1b81214d20115f53482c8be9340cdb34cab9c04d556565c4b2c22b4d54ab1f,327
harmonized,1302,harmonized/1302.rds,2,d81f7e28bb4d5a46b86be44823802926e7c780e7d631e5fbae6f705ec4413869,220
harmonized,1303,harmonized/1303.rds,16,994532a4ab4b4ffcaba2565d5b8241accc8e396d4b0482c62cefdcb5187e782b,262
harmonized,1304,harmonized/1304.rds,233,2e2716ab538f3dc36b4c3b885d3e6de92ab28abad90da597b0611586022a632c,541
harmonized,1305,harmonized/1305.rds,1,8d11cbd9b6444871e620fe2c57622f1cc2b56fda2a51d99e22633bbc211bcc7e,209
harmonized,1306,harmonized/1306.rds,103,189cac89e45f0a109b212b0abebc8d04d95af250ca2fe8ba44442b5eda63bd5a,404
harmonized,1307,harmonized/1307.rds,39,b01502d528d951d65154c7b616def683301f9ce0b059bee9104e378587c878da,299
harmonized,1308,harmonized/1308.rds,86,8bd23ec3f95489169cc5b3491fa811173dc5933da8acf03caa24607ae1bbfba6,405
harmonized,1309,harmonized/1309.rds,103,210a89de52aa0db49fb983fd2df4d3926f05fc80313b5c3ed03dcbb5bf2869ff,395
harmonized,1310,harmonized/1310.rds,56,9f721c34138a437ca775c63ca1e8a0a4fb02269c80ced5e0f298e3b6a6755e79,322
harmonized,1311,harmonized/1311.rds,9,55aa6a0a8a74a5ab952f3d596f35eecab1d9d1b030c129cc0c369da8c63bc3c4,237
harmonized,1312,harmonized/1312.rds,23,865eee588a3b5ad8bc54f2e3d17dbabdc48c52ccd830b2e89d28d501ee117583,256
harmonized,1313,harmonized/1313.rds,2,bc6a3704df20686a0463234eb22c2e8d348879c490c098fc13e50df5f2defc54,211
harmonized,1314,harmonized/1314.rds,5,6d2a232e2a4b796faf2ee3afbd17bd792655ec4cfc76e4c7caa8d903fabf1c56,239
harmonized,1315,harmonized/1315.rds,70,a6e8dc6f9a00d821ce49f73a96789096c3b605dff12694206c1be161200e760a,347
harmonized,1316,harmonized/1316.rds,129,a3d9661a166ebaac071889324ef6138cd4d9a886a959e4f5fca8c1043832b9c0,390
harmonized,1317,harmonized/1317.rds,158,f4bc4af3ab389bf995190274646973a65476d4fe721a7adc51a70137608f2aef,467
harmonized,1318,harmonized/1318.rds,125,5935728d1473721245d32eae693f977e9cc21707bde8dbfcf5480a21b5a29b6e,499
harmonized,1319,harmonized/1319.rds,124,79125227d16bb34e953d5757bf3e5a2d11c77db82dfaeca725d8405cf0bc766c,408
harmonized,1320,harmonized/1320.rds,3,2119cb217f1788c17e57a58451a43bf66281b6597c87402456a95dd3a5ed557a,223
harmonized,1321,harmonized/1321.rds,34,83d8c5492e26a5788f8d59fae13b9e3c8e0f760eb54355fb94b2837ef6465047,297
harmonized,1322,harmonized/1322.rds,188,e349f1ea0ff824d0cef08ae03001f46696f4544abc789d02a1b3c6c2e4f79829,404
harmonized,1323,harmonized/1323.rds,56,c128c658d2b7c5f55c70c51874690d42b3dc236c2eb215754af2bb0a98183885,352
harmonized,1324,harmonized/1324.rds,26,421997a7308f32f955eaa840bcbcafd38253487b7fc8c1add8e7f1b5e5d2813a,287
harmonized,1325,harmonized/1325.rds,35,b347f624bfed2acbb36237c8e178d0382a782efe99e384abe467d5537a4892ec,289
harmonized,1326,harmonized/1326.rds,172,96225d7d95b82433f911d6a6ea0f1421bb9dfa3dada1a6722f1da27ae8e6aa60,492
harmonized,1327,harmonized/1327.rds,89731,408db169df9e5f1b5530f2c173b335754bfb14c8b8f2890fc787cdc15ed7c0d0,51458
harmonized,1328,harmonized/1328.rds,196,c39457938e57fdac7020b7853ba0e8dfd289b1d6a1fd64896a32bd8d2d648f73,510
harmonized,1329,harmonized/1329.rds,11539,fe190e891a087d4df85b364a7afc647f9ce8911231bbb7ca1b1867f63d4856e0,5936
harmonized,1330,harmonized/1330.rds,71,a68272af49f5b3aa8a8d6e85d58b4f83ce14952a61819132b4631425767f57ff,348
harmonized,1331,harmonized/1331.rds,449,91fec7a59b2dd6cb3412bdb850a80e91554aedc9f68a5a660e543af1d3612826,764
harmonized,1332,harmonized/1332.rds,14,38132d6786b98b1619e44939ca2ced910ee62388d02d069ae6ca5bc33ad90516,257
harmonized,1333,harmonized/1333.rds,33,a309c6dc5115203c60b4b5d5def6085cb2bc1554dd681136f71f6f32cc837ff5,297
harmonized,1334,harmonized/1334.rds,320,58a6e152d32a4ec293c5d836ed25f5beeb08138083ef0c9a8cc4b446c0c87f99,629
harmonized,1335,harmonized/1335.rds,1,58321b0a9040f1355039e0f12ae20be61d661bd005af1dc1104459348d263ef6,210
harmonized,1336,harmonized/1336.rds,187,08599b909943ea37cea4b92aaee3e8f876ddbbe5912f595c4c0b38dd8fb602f1,426
harmonized,1337,harmonized/1337.rds,173,71659d51ed6cc445df2a8ea81b2bacd25765b2b6cb7b9bc460a9aa6a0b0eb262,444
harmonized,1338,harmonized/1338.rds,5299,63d8964d7874f59397cd2fd80de6a75e4646692fdd6afa47f70d5dcef893e621,3525
harmonized,1339,harmonized/1339.rds,1,39ea3e4076c6817b59237bddd8bff0755d62cad02bc319d3739d3fbd5dfccdfc,210
harmonized,1340,harmonized/1340.rds,22,ec279b7731acf499e7e0dc5b666b1fa6f666a7174d32f151b784323d4255b391,296
harmonized,1341,harmonized/1341.rds,1,6fcbcd10853dd806dee2b567aab5c362c61fb1cc443d5ba4855f42ca9d48c842,209
harmonized,1342,harmonized/1342.rds,135,d794c4223084134d224f995de21f580cb0ce15776e65357699a3290f6b0bd243,500
harmonized,1343,harmonized/1343.rds,131,ed1d6937855b6dcc954af57fb59e2e4199e961d4cdb890effd718b77d038167c,406
harmonized,1344,harmonized/1344.rds,479,a761fb1f741c03e96a84714eafa62387eca22d341992eb05f21435a9ff2d98db,684
harmonized,1345,harmonized/1345.rds,110,8601fdba329b4bcbb17fa990950136a95992ffb37d8db6d46eb08bcc7f945184,400
harmonized,1346,harmonized/1346.rds,46,66866dd8247d9c7af1c69fc900b2e3deb74029b521c581f25cf603b3f24deb50,321
harmonized,1347,harmonized/1347.rds,721,1bc0aa60908f03019a8dfc38412f2f97104d4aa121a5de7353f65dc7d194f185,1041
harmonized,1348,harmonized/1348.rds,49,dc28dcd21c86e707e5d0492826f1fad5ffd624d704aceb1dda818095e7e5cea9,320
harmonized,1349,harmonized/1349.rds,27,1a178515524b7701da79dcd42a684271672ca5a153ac3b13e59dd4d415f5cebe,283
harmonized,1350,harmonized/1350.rds,109,00d2aa24cc9076bab8c70e7547d8f2f04c1efff068d0b21aded7072ae486bc56,397
harmonized,1351,harmonized/1351.rds,23,7bf86a2d18b871509640440a073ba60a1f147174f8d4becfa0fc1d0ba8e6fc4e,274
harmonized,1352,harmonized/1352.rds,8,7ebde220e92a3f760c3d73ec8b1ace6bcb2660a76dee190841ce70dd57ae75d6,243
harmonized,1353,harmonized/1353.rds,56,237ada7a9bb0b677131c6e82adaceeb136967a747e9850e62d633004098c4fe1,345
harmonized,1354,harmonized/1354.rds,3,d1f58a6628d9443fb0afb6b71d14e1d2b1807c3b92bb075493dc8baaca9fe973,223
harmonized,1355,harmonized/1355.rds,101,50271ccc15f68a96aa455eebbf88f65021dd4b348c46b80ef933ea56d0c5c06b,371
harmonized,1356,harmonized/1356.rds,36,08722663db7e65387d08553deb8048003dc1bf6187a31e3f35ec1de02728acfe,295
harmonized,1357,harmonized/1357.rds,12,f68ad71e96bbae24aa49b36c1ede2eddbc7a59cbe6e795868bca6e35dca0fca8,263
harmonized,1358,harmonized/1358.rds,19,0e86117725118521ed7433d77cb0212671f73e8cdf50df07fbe1619a2814a016,271
harmonized,1359,harmonized/1359.rds,4100,cdd1e6541cb95f6fdd3e9c6fc540e6def83ae64963a81771206cb4e7e27fe678,5142
harmonized,1360,harmonized/1360.rds,39,4b4f1802d530e285abf8b48a027f95bf9de9433bf14eae6c5eb4d8cb1d785aeb,285
harmonized,1361,harmonized/1361.rds,2,73198bbcdfd2011682d78b6d3400249eb1918506c9165f06b29a8bc14792d327,212
harmonized,1362,harmonized/1362.rds,30,43a93d6ec8160393af23098b819f3a00c322e110fe9d5f88fbc3d6a619818667,289
harmonized,1363,harmonized/1363.rds,19,478d85629f91de03eaefb07b41b5ed76fd6a81b8804a170bed98629682eb536f,269
harmonized,1364,harmonized/1364.rds,1237,81b9ea635faeccf88217ba97b142a650b770a78fd7fb14d7473573f27cbb6eaf,1460
harmonized,1365,harmonized/1365.rds,126,be7a2b6d226cc6761228d0cc96acb5f35f34cee82cb73ce45ecab97e9613e573,402
harmonized,1366,harmonized/1366.rds,38544,3ada384162b5da87cc8463a448bca743489125d7669b50a4b29f408b9dc5eddd,32629
harmonized,1367,harmonized/1367.rds,1,8e2b20f2aee263d39de36c4c40683ca7073d07b37c360249f426143f0b18b29c,210
harmonized,1368,harmonized/1368.rds,46,745e8107dfe8189d1759d2ffa6eea4920d259b683c6dada21ef61c936b397a45,336
harmonized,1369,harmonized/1369.rds,129,d97004df7b40738aeaab571998dd64499662b1022ae830f94f6e7afbc7f33e64,478
harmonized,1370,harmonized/1370.rds,60,f6a95dd8703b576161ebd6b2c6053ed43c7daf97e9ea8f55ae7adf664862eb05,369
harmonized,1371,harmonized/1371.rds,52,9f36708e390fa82f762ee0c493f5a6db39d8a7f0345df263a1de61a963e1cf6e,354
harmonized,1372,harmonized/1372.rds,89564,3ae8e5d1a562caefdf5406e497057d6bda36c747e2e947c4bacc10c94e7a2827,56077
harmonized,1373,harmonized/1373.rds,70,ee50ea4eacb61598c8430f87578b4d2d8be0886dd9eae478f2a9a2de660c6b60,371
harmonized,1374,harmonized/1374.rds,2,d5f4c501bfc865b8c0b517e2cc7beb398e055fb691980f42fa89f2671de21d46,213
harmonized,1375,harmonized/1375.rds,2,9b6da900a70425eb6e415c6413ff8b4ffadf55f2cc90c2a8baeebdda21c96323,214
harmonized,1376,harmonized/1376.rds,4502,8164f8e8eba56807b22a42cd9131602e72b9de3b41c62573edd192b51a412f2c,4540
harmonized,1377,harmonized/1377.rds,168,e68dd2f349536c8579cab9a67f98248b5ce874f96ae68a4adcfc31686b0c3db1,403
harmonized,1378,harmonized/1378.rds,5,afbaa8976787e5fa7cf17c4f1cf052655445cb3f8bb248d99d31ab9bbb29a5c4,235
harmonized,1379,harmonized/1379.rds,1395,384af6d7eec1050faefba7abc2572774b21e42c922f7007adedf549f934dd5ce,1539
harmonized,1380,harmonized/1380.rds,18,07945d8b38519be7a0cc485f8f7b4ff9bc6a23bae1a25729d16005cfaab21a94,276
harmonized,1381,harmonized/1381.rds,19654,a258f3d838878fab88a46829feb1b89c71de11971cf6f3cd8552c510fcea4264,17980
harmonized,1382,harmonized/1382.rds,878,f9e9ae5088e7df384fc1c53316a80bd3a51d924da69dc624dd2640da50d8c0af,1145
harmonized,1383,harmonized/1383.rds,24,5446a0b059eb48ea48e066bc4607a6571cbc503221ce4e4f68c2303343c89c81,278
harmonized,1384,harmonized/1384.rds,3,09afae2a4b928c0d430d02a25179d74f03f4ee8d05ed2b5a85476b7cfa494aa7,223
harmonized,1385,harmonized/1385.rds,9867,85113d3361f790c86993f238db8515d7123002638e7bc01b809f40044c52d50d,10667
harmonized,1386,harmonized/1386.rds,70,8d2a5f05c770fdd3b445259afc2edef3d6baa816af792f738ebd5a266eb1bbf4,400
harmonized,1387,harmonized/1387.rds,262,f8df7fff6e92ac07c6e57d9b9a08c9cfc27edd1622106199eb9edfcffd830fcd,586
harmonized,1388,harmonized/1388.rds,31,6e6d1c53a4bb8ea6fb2c13d2e06297950dc641a71f62ece6becd5b8cdc48bba6,289
harmonized,1389,harmonized/1389.rds,19,f628ba219a9d2b3993f5f6fc1195abb1c0cac08db5de8dba50c3e109844b81bf,277
harmonized,1390,harmonized/1390.rds,1123,64ad93862728bbb8529d7b5f85ccb22acba46416dd0b81aeb0839717ba5c6cb3,1737
harmonized,1391,harmonized/1391.rds,34,9bcbe6032eb9e3dd13636de4c7a21397d67b5d3abe2db9610ea3efc6a4676b8e,289
harmonized,1392,harmonized/1392.rds,47,30625dcd24b26b76fe478491f8ded11fd247224b3d1254274c030f7a943f4ce3,297
harmonized,1393,harmonized/1393.rds,1,eda94ed465796360f017978562b04e05963140ccd0cedfd26a40a17f6f0a748e,209
harmonized,1394,harmonized/1394.rds,45,844206a63a3c9bcceea0ab6f1b879276ab961bb1973ec40e0438a2e98d50b2fe,308
harmonized,1395,harmonized/1395.rds,1,a9f4323233f21abdc2d54b116263073714ede03f4dc7d0ef57672a3e9b8df5cb,210
harmonized,1396,harmonized/1396.rds,24,02ba323ac229612eada574277a1593bd9617969703e8aefe7100cd22e0a147be,278
harmonized,1397,harmonized/1397.rds,26,2521700398f7c2e803bfa197124bb929a145cd9fa60d2c74e24d1b82c716e337,285
harmonized,1398,harmonized/1398.rds,8,f3cfdbb98cedfad8dba6088e1fb85662ef52823d8dbc689d3bd370273d6c8ad4,248
harmonized,1399,harmonized/1399.rds,119,00c0a69b8d222336fad163bc4825a1695b5a825dd18bfb5a376d72535b3d7e1d,498
harmonized,1400,harmonized/1400.rds,27,891afb24b668b7869d3e4110b83b117aca725c4c37ffe2578bd7dbb31c81740d,285
harmonized,1401,harmonized/1401.rds,775,e85096e81f3e36292a86a82dfed074c460dc31afcc2db57d2f7d9368f88ed99d,1121
harmonized,1402,harmonized/1402.rds,29,3a9e55be2202e05a1adaa65fcecb790d32f47bca4e7a3a80276d534d8b22154f,284
harmonized,1403,harmonized/1403.rds,32,03be1194f0190f6e9ec4a52b611ea6021f7603755e02df30a4708635ee838a22,322
harmonized,1404,harmonized/1404.rds,593,18d89f34e03a6af6ac079782e18ed3a36a82835f49041a4c4c8ec389a99989bf,835
harmonized,1405,harmonized/1405.rds,1,218f0aa57dcbaee0f47a058ced672e2cacf2b0cb4366ebf4d3511eaee1a52c9b,210
harmonized,1406,harmonized/1406.rds,33,21f9c5db26346d6f20c707dda0990a713cd410e30f60ccda937095c1a8742f07,293
harmonized,1407,harmonized/1407.rds,61,5814cfa833295a37edf926a1545147736aeb62cd92538881dd12ffb47d56b9d1,339
harmonized,1408,harmonized/1408.rds,3,3dfb1dadbe5bc989e6a2537fd3caf4a719ae13a2b86cb4cfc5fd743be550fd32,221
harmonized,1409,harmonized/1409.rds,296,3092246196e836c6aec6ef21f0241164f5803dd5a7298b9d70889deafa476e29,654
harmonized,1410,harmonized/1410.rds,3,91084bccd9bc1d0d7a10e97a2b876174789974e16ade54e7fe6e6800c24480b5,221
harmonized,1411,harmonized/1411.rds,35,17503017eaab864822f7d942f360d7d6d886238df1e21ebb1bb5d99779c441cc,295
harmonized,1412,harmonized/1412.rds,1937,6de6d0d8978b2119e0f8f44b581cfc092a96ca6ddd407839238f0e0fff672392,2541
harmonized,1413,harmonized/1413.rds,326,4b363875d7c8d95f7ceeaa8b684a189c8f5929208df4818f1bd7b18e28252eca,555
harmonized,1414,harmonized/1414.rds,6,b00caa5f1ca073ed737805ddbebc9fd4b532e750d90242101100e72ca2b0c921,227
harmonized,1415,harmonized/1415.rds,15,c7de58925d832c4e1f8514b9040a19e204a6bab449d8c5fda06e58358a25df32,260
harmonized,1416,harmonized/1416.rds,49,93ec12886f645d7fd5e4b8acd900cdf073ffffae144ea003989baf7ecf258dce,327
harmonized,1417,harmonized/1417.rds,99,1dabf042d39bbc4473f7b08023ce3477a5e2bafdf40bfca29af26d0c02e9789a,479
harmonized,1418,harmonized/1418.rds,57,2a1b92da314cc5939f9fef48d7bbed84ae9d41ba6a24520aeb5f27acf4580742,366
harmonized,1419,harmonized/1419.rds,8,7a326d5ebc987d5f74223b9659e28390e6d87baaef825b0f53db861bb0fe883c,231
harmonized,1420,harmonized/1420.rds,2545,6c685d64931042864873913f3b8b12560e299a44e03c9d1e86b91567c8019a9c,3232
harmonized,1421,harmonized/1421.rds,69,9ba1ee485d8ea2a7dae734b05a686c8182f45c41dcceaeed9db96447ff97c7b6,357
harmonized,1422,harmonized/1422.rds,512,fb9adefbfa00f660346b9790dae9e0e7e77d86b7b2e02dd07ee9fba0df040382,849
harmonized,1423,harmonized/1423.rds,5,893193eba715f5a264e4c5a9d76df92a2f6ec8f4284c74a6bf20881e580d58a6,225
harmonized,1424,harmonized/1424.rds,2,186546894d359c9a4710b30b632cc2f7063c3077368de43c25df697840582f77,214
harmonized,1425,harmonized/1425.rds,247,0da6794b72bdaea8dab78a4feb417fbd7b24a0dce7ea8185547ccc8bab8053c5,642
harmonized,1426,harmonized/1426.rds,9,a42eb9eec4301b7170d1a23f66059962bd78ee437eb765344f2c72fb3d0283c8,242
harmonized,1427,harmonized/1427.rds,6,0ac01e1a6eba12cba588457332f4ecfd8149ad7a257120d22a4c4f5f83a37118,229
harmonized,1428,harmonized/1428.rds,329,dcc9af5d19778fb0f7389bc71f2df9c12b95b031827f61ae7657981701654f4d,504
harmonized,1429,harmonized/1429.rds,2,137ffbaf1c83b9e09b815f014f62e42d79d884bca8a1f0ddc92d2962fc4c7d37,217
harmonized,1430,harmonized/1430.rds,81,0acea3690049b35e4bc038fd128c6ada4c6a1a15936a114f7eb4f1ce42a34f37,398
harmonized,1431,harmonized/1431.rds,1,957de9d243a722187e0d3d24f0e60a58801cf98638b1a698ce3d9977b07c9129,210
harmonized,1432,harmonized/1432.rds,399,223cc0b1c22e95534138638690a7b4eb7a6a57f8fc3235e9df49493fdfd2cd12,747
harmonized,1433,harmonized/1433.rds,18,edd04804f02244f653967b5c6c09679237824cdf4ccb97abaf28315b619059b7,278
harmonized,1434,harmonized/1434.rds,435,26c4f0d6e4dc902e654493e0b9cbabc46430edff6f77e7b7969c0f0b1c26187f,721
harmonized,1435,harmonized/1435.rds,1,d4399381e8519858dffb810d9f9dac49184f8570064da37c1ea3fa77a3b95764,210
harmonized,1436,harmonized/1436.rds,18,c94d58ddece9ad2a1fd43613cddb15114d2d13938319ca1d3f5fc9eda0b7adf8,260
harmonized,1437,harmonized/1437.rds,2,628a1e18c89f506e1e9697b0e669e74e5baaa9ab41f238d69e30e20ec790e7c6,214
harmonized,1438,harmonized/1438.rds,75,9eb6f6ea8c5dbac53c7f8fdf86f0a5ddb452147ba1b9fb80d6ebe54e9acb789c,371
harmonized,1439,harmonized/1439.rds,1,c17b9d608f55a0dbcfb1d3cded5302ca66cd238c8c742ab1a9817f406ed00296,209
harmonized,1440,harmonized/1440.rds,1,c9a3b9f167ee0cdfec1a5a75089a7904e49ab8141532c7328275f4cbc6c50e1f,210
harmonized,1441,harmonized/1441.rds,19,bab15dd08faaf256bdef66b9e279bbdeadca86470a2e7f8b9347c4346c41eae6,280
harmonized,1442,harmonized/1442.rds,111,ebd6600c60fd4540d8ae866a729fe8adbb99c003c03bbea311e6b881ed86a976,423
harmonized,1443,harmonized/1443.rds,13,4640e1e2db38d06861fbd25a7dec407c52889c6a49f0b56dde86fe94057492c1,245
harmonized,1444,harmonized/1444.rds,610,4055a1cbd07e98c695a18b32c3cc304c83a3d6912a867e7d3248c2be122237ac,1021
harmonized,1445,harmonized/1445.rds,280,17095728f5ace9f17eaa3fed3b289001cc98b82248c7f982dc2cf7e2eb7d2d43,614
harmonized,1446,harmonized/1446.rds,1,6e5121acc18c6e5a7bdf242a4b2dcd10aba5d895d5b62d63573866c3527a42a7,209
harmonized,1447,harmonized/1447.rds,1,b743291b1be59e4f0a54a37131021af9f5ec8e7234eaf76f49c36c81cc304e6f,209
harmonized,1448,harmonized/1448.rds,12,a96334fb96184e4fa9acf2281b3a215b30bea6d77a1f1b34fdcfa1dbceaba81e,254
harmonized,1449,harmonized/1449.rds,118,6549a6a267e54cb22b344bc5bcb216385c62f383ad9295e48cab731fb7bc14e5,379
harmonized,1450,harmonized/1450.rds,47,9f5bd25b457650cc4f98df3c515e57d5f93d8abe9df275a035cdf828a668284a,349
harmonized,1451,harmonized/1451.rds,79,8c7accc8444bf5519bed2ac7eacde750d68f521e6c4c7bb2cb53847df2b4fb41,356
harmonized,1452,harmonized/1452.rds,1,d6dc474fc2772df7ca9dfa801cd48a86a9b22d148800fc16fbcd7aa8fda18302,209
harmonized,1453,harmonized/1453.rds,23,b0f940c73df3e78ffd3ba761a7e9f0336e68563c18c8d951c0b53e65c32cd8f8,279
harmonized,1454,harmonized/1454.rds,1,cb6ff5fa9388f3d0acec83c20122b8730398a9981381172915c74b3dc24d623f,210
harmonized,1455,harmonized/1455.rds,9,6601c0db3ee6254639f8af23ecaf8f5c37688f0639498df0297327acdf760848,244
harmonized,1456,harmonized/1456.rds,28,88b06ffcd4403a9c575fbdef18e4b1a3fc4b7c56531d4ec5643e3d3389404ecd,310
harmonized,1457,harmonized/1457.rds,76,4995b9c6694a00886859074f446314a73338411d526d705b6a77c86ca6626609,355
harmonized,1458,harmonized/1458.rds,883,610e11e8c85572cbbb573b6aa58450f9093adfcf90bf754a5f126839c1c37d22,1212
harmonized,1459,harmonized/1459.rds,1,7276953d3b935d880fe0e499e4da5c49fa5a370f15f59fef7bce6975b6f47892,209
harmonized,1460,harmonized/1460.rds,3,f3a2da761015fdedeff8e163d56f04b13cde215a3f16d8c712ac553c9d5ecd03,216
harmonized,1461,harmonized/1461.rds,145,be529c5f93f41fa390ee47f3d1aee841d6f4ebe3bc3f5cb0adb5ba01997e038b,470
harmonized,1462,harmonized/1462.rds,519,53ba8f2b1fab136572fd32fec752de19c4456753fa74fb50f50e43734ee5428c,857
harmonized,1463,harmonized/1463.rds,420,aed2e19c96051ce23bad49aacdd8759ad19c8b1b65d702bf52ccf43ce59e4a78,927
harmonized,1464,harmonized/1464.rds,23720,2d33ce62ec1a455876a8157ffaf2b4f2630ba6260f67d6c64bd360ae524f459c,11831
harmonized,1465,harmonized/1465.rds,121665,5c957a10ef5584264449fe607ba2cf360715abc09e61b874f79a280786c6b188,75552
harmonized,1466,harmonized/1466.rds,5442,55bcb272248e93be80645ab4945d9ca03ec4ecf1da545e5d333e3bd56caa790a,3461
harmonized,1467,harmonized/1467.rds,69808,27524c7843b71de17cf1ab3010151aa6a96c192fcaaa60db3973266fbd0c7257,40625
harmonized,1468,harmonized/1468.rds,5,f3c982d5207e9135b808b7968b36652dbc55198b50e6c2d0b2189432b272e4d5,227
harmonized,1469,harmonized/1469.rds,218,0e7beb3f729456633fa5fcb07842fdc7702d371a80b3b4787c788aa088897450,547
harmonized,1470,harmonized/1470.rds,36741,7d87dec822e7851b82239dc1f5974fdb44aeb2beebd91b8bfae6571fc0e343b0,24754
harmonized,1471,harmonized/1471.rds,1,f74726b9cafe1699bf12cc122690fc7e3b2e9950b0b4e941bcdbe17dba2d0752,209
harmonized,1472,harmonized/1472.rds,364,0c94895e3429383a13c6dc4c8d340beb23c29fa6a70bceaf24a251175a5771a7,764
harmonized,1473,harmonized/1473.rds,1302,32fd24e73ae8cb3f03f8d41ed53bc2b18397a468ff4a922dc38cccf37d983235,2802
harmonized,1474,harmonized/1474.rds,8,0e4c3536be020ca4adc4761c659a66fb01c586283813d2c97ae950c725532528,245
harmonized,1475,harmonized/1475.rds,53,664b2b9942b172c77e8c9d16a7da43f30a0e38b41f762bc26131a9244f2f8df5,325
harmonized,1476,harmonized/1476.rds,85373,1ad005cd96425ed2339782cfc23ff0c96ab339b2a98283d975701f4102e252cc,59350
harmonized,1477,harmonized/1477.rds,100,750fb4cc1518f36266d0fc22dfc48d7aa1f99800a3c2c1ef84f80b1835acd308,430
harmonized,1478,harmonized/1478.rds,3421,4106895c30a6f6e440ca2e4d2c3e82cc8ea7c1821299f4cd8ab4d4947542ea0f,2922
harmonized,1479,harmonized/1479.rds,1,346ce1b7fec994520f7bd2f3e13ecf3544d8f72a51a4afdfb6a9c2dcd281cd87,209
harmonized,1480,harmonized/1480.rds,65,b02d3715cad45f13c426d73057d3d25f0c5455b942d2aa0aed1478655d4ea994,360
harmonized,1481,harmonized/1481.rds,9,23dfb8a14a96918e1a3a50df60cc8a284079ed8aa241ce32c2299dcc7f01269f,243
harmonized,1482,harmonized/1482.rds,180,018a9b5e411b8d8233457634879889340c0ba95e6eb0df58a4d4c33d2cbf2073,535
harmonized,1483,harmonized/1483.rds,2,aa1829c97405b2f6634b326f259847f62e9ad319737a6294d0701b26a2f74edf,219
harmonized,1484,harmonized/1484.rds,78,8883c7efca9e0038a91759be893962b30802db49b69e965d5a63236d5772f4b5,352
harmonized,1485,harmonized/1485.rds,37,b8f4a65f1edaaa6e73acba42610d782244e94f747fd529113c025096e73a371c,362
harmonized,1486,harmonized/1486.rds,9,45fb78eb339cc7ed2c1a999d1564de8e4012764696fa120552941409470cf9e8,261
harmonized,1487,harmonized/1487.rds,13,990304e087f737d01a32e04019a341eaa2f55571b31afd8f01520f34b14f3e9e,268
harmonized,1488,harmonized/1488.rds,376,166d0dbe4cac7d85e3c820c1780e94bfca638510600927c2e677bb590590da81,635
harmonized,1489,harmonized/1489.rds,487,4208558b3c4499f0557e033f1c642975924cf4accfc50c563c357dfe3b866b72,783
harmonized,1490,harmonized/1490.rds,9,d487f02992efe7483cbbe4e8f64ced0cda7e74eff7ba27eda5a26d1e294365cb,246
harmonized,1491,harmonized/1491.rds,37,1d16edf8075ff22305459cbc31410ad4081d48ffd235f5f979d96deda841e5c0,319
harmonized,1492,harmonized/1492.rds,4,6d9e4df7bed0dabb3cc3c28abaa86d7b5f7259e947b58ab61964f52a7f616ae8,225
harmonized,1493,harmonized/1493.rds,17039,898023e0f9f595d92d919effc9883fba83783810d000b370a73e48654de26f03,11789
harmonized,1494,harmonized/1494.rds,1,58830f925341fafe0a5912410c2a224673d9d1460c40ef2e88ec66a9afefaaf1,208
harmonized,1495,harmonized/1495.rds,418,110e074cdb7ff6674fd924ed56f9faa6728d5cac0270e7b04e009ad8ca0c39e0,745
harmonized,1496,harmonized/1496.rds,171,ea0683aa5bddaa3fedaa1c3c2a2296c777a52acd00a0d9b244ead8b99204f589,447
harmonized,1497,harmonized/1497.rds,42,0e517b7bd9def28e59d40db82d679267a6328338a4c4c9603636eb4f5baaed9b,322
harmonized,1498,harmonized/1498.rds,227,7812021d7d2ceb2a13dbd0865ce67813ea45aa5b3ab56551592182131e9107e9,519
harmonized,1499,harmonized/1499.rds,10,65e2ccadbca56509945428b612dbcd689c76dfddef0b6476d5d0108c8eecedb0,247
harmonized,1500,harmonized/1500.rds,3,33d4ee0758b055007a4c8aa2ffbe0d475fc6747964398d3f81421cee4d07edbc,218
harmonized,1501,harmonized/1501.rds,10,93ce355c3294baf723d339523c29c756edebda778a3b66468aee0b04838862a0,239
harmonized,1502,harmonized/1502.rds,25,af3a82ceaf97b48e4e4a8835b4ac60a41db68a56c63739834bb5d7bdcef48596,277
harmonized,1503,harmonized/1503.rds,653,cd6a45e60d6b0b02a6db5f42568adfbc9aeb270ce94496b4408e2babff8dcb8a,1093
harmonized,1504,harmonized/1504.rds,1606,6618b84b806d22464d87b82d0ea3e94230dffccaff1088db06384b40348948c0,2444
harmonized,1505,harmonized/1505.rds,5,e80f7e254f875dd456417b666948000d1308d9d546df773de162db51dcf30975,236
harmonized,1506,harmonized/1506.rds,14129,044c4c34906eeb173c1ef04400384fcdd87ecfb09f48eec28349e4af63536670,11858
harmonized,1507,harmonized/1507.rds,13,96866005c100f93b91925c10a8036fb6fa302bcc2270c13356e5cc5950371f5f,246
harmonized,1508,harmonized/1508.rds,22859,4bdbcf6765f3a0f249ff139a1d51c65164bb9cda2c60a28364343b300c6375f7,17605
harmonized,1509,harmonized/1509.rds,11,c19334f1219e3662a9a134048a1816c93542ffa2732dd4513f237168ad92c4df,247
harmonized,1510,harmonized/1510.rds,8,95106dc0bae38742c7de5eae66be6d9d3ca4088f96b777c5c25eade0cb0d907a,237
harmonized,1511,harmonized/1511.rds,11510,f2bb946ffdbb1baf5f66a5bd3ee28ad201bf9c8892762524aefed954eb676552,11620
harmonized,1512,harmonized/1512.rds,135,5a465e30d8e671cbf4cb2d865e053f7767784543d46a616e107604e008c53a7e,487
harmonized,1513,harmonized/1513.rds,21876,b2482a25ded014222158035fc877f96cbc6317c3fa235c0967a2f56126b971b8,13819
harmonized,1514,harmonized/1514.rds,30,f2303713e1954f95a479cf8368a0e691004f06f7a8dd71d98ab0d899f0a5f3da,287
harmonized,1515,harmonized/1515.rds,349,9e6d16e50d4d1077427a529253746b6d9c965a22688161cddb34f48d0166f556,625
harmonized,1516,harmonized/1516.rds,40898,1c12146599bf48d4afed48154055bb3a4e848778bea82eb704159e5cbc43a92b,38369
harmonized,1517,harmonized/1517.rds,20,561e7d0fa4c596513002b319332b05d76df3d1b17ff282e1752320899399ec0a,246
harmonized,1518,harmonized/1518.rds,690,5a8e62b53bdf5cad6b8da2b690287fd91cdb35287f1bbc244e050171bf33a682,891
harmonized,1519,harmonized/1519.rds,164,db3cb7be1e59c95d19fff1be7d955911b281e712fd039095272390284b9b519d,512
harmonized,1520,harmonized/1520.rds,1711,a71f07771a5c7f6c51a65d7dac9aea284c3623fe4538c274ea83845cadf606e0,1741
harmonized,1521,harmonized/1521.rds,7,b3b567814b8cce03ee6ae4e715b6e83fcb1771873b7fe3f42f6afbcc66ef8867,235
harmonized,1522,harmonized/1522.rds,2170,ab866582295adc4acc42d05fa25cb0a10bab540afd9423abf3ae8d51782d417b,2218
harmonized,1523,harmonized/1523.rds,25,b80ddf6303e35cadd4f28a6514e5c60faede9ce540d60c197b1f65815b048c31,301
harmonized,1524,harmonized/1524.rds,65,cf30e6298aaa6041d45a6176471fdf796f5da7b4290466bc0ba61f548b256a5b,349
harmonized,1525,harmonized/1525.rds,39,514c1136700a6fd50c4f5f62234b62dbb686fc013b76f86c06a0324bb6f7f83c,327
harmonized,1526,harmonized/1526.rds,285,f14a9c4d0a63711beefc7c8d77430b16d6b41ba06912c8c53829886a5b778a81,625
harmonized,1527,harmonized/1527.rds,1,44d6151f229e8664919c4769cc32e4c85c14ee052484eb324d694a8246efa041,210
harmonized,1528,harmonized/1528.rds,1,2909b318b5a161a56203590bd68ffacaf34d14b1ec92ffeaad22b5caa337cd33,209
harmonized,1529,harmonized/1529.rds,338,e5136f32c3139eb11297c50da75ab681233209c9338e5cad0576caa932161db7,578
harmonized,1530,harmonized/1530.rds,96,a1ebf4f144a3786519c80ee1506ef202d70af007bf55213a2fca134c4baec3ac,364
harmonized,1531,harmonized/1531.rds,408,e2c57ed61b31d9da7ff74ef94f263b98119f4a594c54aa554f2f499ee8db7339,726
harmonized,1532,harmonized/1532.rds,31,b4b0b2399ff2b18f6ab8d28ad761ceef04dfa3e46b983160ac63bcbc1715530d,296
harmonized,1533,harmonized/1533.rds,1,3dd8d54cbc44ae7b366bbd0b61f8fa8ae1982ea7df4398926a3c1c59dc947ece,209
harmonized,1534,harmonized/1534.rds,4,2c90ac90211aa137e9847be0d34e705fbc6cbf4b083ef1e9d0d8851993261b7e,236
harmonized,1535,harmonized/1535.rds,5,9efd457ddbf4c1bb7d58638369172aded4dfe77e2d04e86d37cd6c8ed261ec88,225
harmonized,1536,harmonized/1536.rds,156,64a7a8cd702d2f4d61b83216dbeae17ddbafe9b734f1f750c0e12384cd62b99e,452
harmonized,1537,harmonized/1537.rds,72,986a1e41e084b5d03738029d208edd351c65d6a9b21b7735496c7628b271e662,383
harmonized,1538,harmonized/1538.rds,66,047c1fea76705f65271902db47421446d5baf654c467bc28be2209d48b059ba2,390
harmonized,1539,harmonized/1539.rds,9,aaf43c506ab90af1ed66c287b255058ed19203c26bc15b9a111141e64b147ded,252
harmonized,1540,harmonized/1540.rds,12,2f9164ff5a336e9e84d6c54a42fcaf5db59dc6e9c688a0db12a160284e5ad598,254
harmonized,1541,harmonized/1541.rds,4,296447e9bde5067048b5a4cf7432f8ef165aed7e973cfc1cc1cd6772aebb85a8,223
harmonized,1542,harmonized/1542.rds,176,5e2c683c2d193ada9d8c0c4841eaa0071f6c7d9bcda79fab106624779b301d93,485
harmonized,1543,harmonized/1543.rds,109,465c4b66aebe8e0d384c95e69f2a4c335b8365de13eefd7cc68f4cebd35f6150,404
harmonized,1544,harmonized/1544.rds,23,f829492b0c03e8950296859063b31c8e58f545a350d2afa875d2e6874c52c7dd,284
harmonized,1545,harmonized/1545.rds,7,2f1b5701f6ff280a134f955456d6b47ea35cd504107387f72bdabcec2b12c687,231
harmonized,1546,harmonized/1546.rds,5,b6312bb5df1b711ff6df3ce760182eee4cac902d115ab61374eaf21de519ef45,234
harmonized,1547,harmonized/1547.rds,2,084d0b6a7a98afdb9356a8628315aef57f9b0e30de5979afe70028a456500f9f,213
harmonized,1548,harmonized/1548.rds,295,4da2eee2e4994254bb4c60d3d87f774086feb5cbcf8db4ec64245540e2fad7e0,689
harmonized,1549,harmonized/1549.rds,1,24600b99f48f07d2456df2cb759edad893f41c44930105af4cb00cb6dec6c45e,210
harmonized,1550,harmonized/1550.rds,14,1209d18696806475069820ef81bd0c210b686c77f37ea6eba1d3e4801be326e3,250
harmonized,1551,harmonized/1551.rds,2,3ae0a3a9f528d4890c81982da103146267e27088bd689e2f5b81627cc152ad63,215
harmonized,1552,harmonized/1552.rds,158,57967b315e61a71fab2d3ffccf14d95a8cf6330698d39f9cf32dddfcf1451d46,415
harmonized,1553,harmonized/1553.rds,10,60d77dd9f6c6755ea0fb94f9b8e3c9ca0e4e3a1b60d81950b1bc0d0e30a64223,246
harmonized,1554,harmonized/1554.rds,1,6e07fa631e84f8bbb7e492ab829a6985af3067e88fdc1be0028446c2d6de2ccc,210
harmonized,1555,harmonized/1555.rds,155,d79a8a5b2fb2f5ccf91d1243f866907711688bded846197f6b05be619df08b4f,464
harmonized,1556,harmonized/1556.rds,2,628a1e18c89f506e1e9697b0e669e74e5baaa9ab41f238d69e30e20ec790e7c6,214
harmonized,1557,harmonized/1557.rds,2,a4719d8e258a4623249c2ec2f1b084f690e8f540c696460fca8ea4f6193ce9b3,214
harmonized,1558,harmonized/1558.rds,90,15ddbfde9a8da3a132bbcab25ba592933bbe4c113b844f3497aba8e6929f2629,375
harmonized,1559,harmonized/1559.rds,44,0833160f5bcd75aee2ded565ddd1efdd2f64805172d085c3aaefa52f9b8f6984,307
harmonized,1560,harmonized/1560.rds,2,c4921fdd1bcead0c7c443388cb66e4fdcfbb63c84a7b4ffe92be20ac4243b440,217
harmonized,1561,harmonized/1561.rds,1,a8b5366d077c8640510dbf915d07c8c33ab2eb55a6d3b9239e1ff8973c14f7a4,209
harmonized,1562,harmonized/1562.rds,10784,89d6b37a8605ce8a5ae51e078a4a3cacf573fa7d69ffe92bd639ecb8bfd619d9,9129
harmonized,1563,harmonized/1563.rds,92,7466abee2293d1bd8a7b174a609c4ca93cddd07f7db6b970c9fa7adee11d21f9,376
harmonized,1564,harmonized/1564.rds,30,ee1e48474606ff3701c25adf13c8179079bc81bc1107e5f6596f7bad313b014f,290
harmonized,1565,harmonized/1565.rds,231,f73a766f146d8ef326846cd5ff8f393b7da1479e0eb8a8eaf90e74024f2ad3a0,450
harmonized,1566,harmonized/1566.rds,1,c9a3b9f167ee0cdfec1a5a75089a7904e49ab8141532c7328275f4cbc6c50e1f,210
harmonized,1567,harmonized/1567.rds,40,cb911670af2ef6ba4f1e4bcd4a270d774dc56da88df54f7bb976870aea4c7632,307
harmonized,1568,harmonized/1568.rds,50,61e9ab2a214dc1f38f6aae68090e7f8e859b617009f5ea07c2847ce2919eeb3f,327
harmonized,1569,harmonized/1569.rds,15,67a467a85fd68800e6d50768cab374904f6559ad08e3148043c2bbf745884691,266
harmonized,1570,harmonized/1570.rds,49445,0e1100b8b9c89bb0aa73996b1901c75a7cd6473816a53359e764f0f91b827a5a,35612
harmonized,1571,harmonized/1571.rds,485,fe04ef120886a09408ec68c5a2223eba4b58351959951504347962592d5f6cad,878
harmonized,1572,harmonized/1572.rds,1,d47a86bd81b7ffa83fe2e83e0928640a24c54a5ba044dc2d8caca9dfe3890c4a,210
harmonized,1573,harmonized/1573.rds,1,bbd47f166a021b434a8b4861cbad30fa5ec4f43585c6e69a7795646bf241f818,209
harmonized,1574,harmonized/1574.rds,53,1a34eec70faef4fbc4345763b95e90bcc6e4edd3ebb24aa820d6d73522dc1bfe,338
harmonized,1575,harmonized/1575.rds,1,b53497b095a7cf1c93f476b33e7a638999d5f447660dccca9b6df4ee97a3df0f,209
harmonized,1576,harmonized/1576.rds,1,b15a01a91ec010d56b9d5101a752aee23f5a0294f6d9aa46985b7874210f14ea,207
harmonized,1577,harmonized/1577.rds,1,89f5cb0976ba4f4e5aeebb98f1427669d77cde94908dc7f581d4a1a445ba5bdd,209
harmonized,1578,harmonized/1578.rds,2011,8ca71c9f37f64debc38428f911034d4f47425f849cb9ca5a6c37e8fea8fabf29,2431
harmonized,1579,harmonized/1579.rds,11,68596db82f478982d4b4779141c0d6ed7442f20009bf1fe1a8adc22a45eb9d7f,247
harmonized,1580,harmonized/1580.rds,3,9f361f2cef88b50b7a255b39ca3010ee29f40711fabecebb0358e21474652c63,217
harmonized,1581,harmonized/1581.rds,3,44790576e29c2ef811dd6224d3cab29ed83adb6590c2dc6f061baad3abd13cd7,224
harmonized,1582,harmonized/1582.rds,82,c8fc6f7487750ace497bf0b6ae9f260fb5ff3590ed1128983dbb4105a51d3f1c,344
harmonized,1583,harmonized/1583.rds,3,b30afebef4dacfbe1651c068509184c44d435bdf1ecca227b1ed679d21ad0f37,220
harmonized,1584,harmonized/1584.rds,0,adadc686412c8a32c45fc2489b7ee54f6faaaf976b3b04409ca638c0bcd353b3,193
harmonized,1585,harmonized/1585.rds,267,01fade2e9e2b1c6fb830f8b88600f8c2247ff57fd040111f684368d3ea5ddbc1,569
harmonized,1586,harmonized/1586.rds,8,7fa38b20e169ce7e6c1a4081767feb7917bae626eb81c99d87a81753f343b499,234
harmonized,1587,harmonized/1587.rds,54,30efda0762a09c04d575abe179abe8a9d8b9e4ae080f0d1fd20dedc2190fde0f,334
harmonized,1588,harmonized/1588.rds,25,8edda637830fc45a281fb272e2f33db66f339b11b913cdda15966c270e794d58,277
harmonized,1589,harmonized/1589.rds,451,5cf6d08fc56b7a3c04e2abcd2d2d0174cdbf6a8086877ecd05634730f3929cf6,690
harmonized,1590,harmonized/1590.rds,15,337a3bac40c249dd41fda6a0c81e0a17c84458320e47b988ef8045f5fb0b902b,256
harmonized,1591,harmonized/1591.rds,62,772bead7ee45ef2dc3d0b578a4eac0ac68d759062729701e14537cd5971765b8,357
harmonized,1592,harmonized/1592.rds,43,71fc6c2bd995a19216ccfa7995cb07c93f16ddec3450e495232e722478500b92,335
harmonized,1593,harmonized/1593.rds,35,aa0154ccce11c1f4a686fcd3f39be11913589c6091d54eb0f884175fdbfd2dfb,306
harmonized,1594,harmonized/1594.rds,134,b74b46807ed29d7b75535c4e990dce920d8074c0cf6505929ce17dfd1fc3189e,489
harmonized,1595,harmonized/1595.rds,1781,b24434329c33cb9657d6b645d6c5688d94b9ec94c04902f8201ea32ff1677c5e,2239
harmonized,1596,harmonized/1596.rds,2,fba84967b2a9e06087452ec4806811e4cf6071587fbfd5d8ba97d99409b2132a,214
harmonized,1597,harmonized/1597.rds,6,1756ab481fa0908c119eca23a2cb53edbfe7f66496828c4994e88b99c5504b41,241
harmonized,1598,harmonized/1598.rds,2,3096c4f1e6c7acf5847509baad365bccb9027bd266a277326d5b0e31e4ecacec,214
harmonized,1599,harmonized/1599.rds,1150,626e148af8869b2fe9c876b7930e39da3aeac8b7078cbeb818262c226e7887c2,2607
harmonized,1600,harmonized/1600.rds,135935,209b28a6ca91382bbdc78ed9eed4060990f8153f7c93bdf97ea04392b257bc12,78588
harmonized,1601,harmonized/1601.rds,6,373098993a56aebe488ba3d06a49c066b6436116db1539b59bf9df6861e7fc6b,247
harmonized,1602,harmonized/1602.rds,9174,51cfd7907e8a008e9119484d4aadc1c679d1efa5309dca81bb1c0572be247abc,7969
harmonized,1603,harmonized/1603.rds,27,64a8de72cdfa41e29c694324029a3941c33b05159f553381e805d28fc0418a84,276
harmonized,1604,harmonized/1604.rds,7,7d933c2b8d4cca56b0eb9a4b2d61c58e547f9f8c954023f972b8f9cfb24918a2,229
harmonized,1605,harmonized/1605.rds,2,628a1e18c89f506e1e9697b0e669e74e5baaa9ab41f238d69e30e20ec790e7c6,214
harmonized,1606,harmonized/1606.rds,194,8c785ed00e59acc7c036e968e13c8ef0cf33c88030cbee2b03e8353499536345,494
harmonized,1607,harmonized/1607.rds,5274,69e25fddc06ef52e29ff19606d5e8eddf197db84bd19a40b5a8659b686277997,4767
harmonized,1608,harmonized/1608.rds,15,2032b524ada5e8290e216efd8382edad5e390de27e73a45861b2c44ad0c21a56,267
harmonized,1609,harmonized/1609.rds,2956,bf631c962a8975479907cc917009d90f288a644f146ee42adc83a9fa3d6f6553,2925
harmonized,1610,harmonized/1610.rds,11178,0a360096ab93bb20d3e4888ad180ef4ea146ddb549acde54761de988125b17cd,10359
harmonized,1611,harmonized/1611.rds,18,395d3dff56649a90400cf9e4cbe4bf6e9413a8f464cae730c08ea3e924936bb5,285
harmonized,1612,harmonized/1612.rds,40,249ddfe154c2ddad175da8555657912001421622d74b53b4b53c2e5de557ab40,301
harmonized,1613,harmonized/1613.rds,114,e78ca5aaebcbd65dc103c28815e1cef640a1bc30a8fae8c597fc6c8eb4f6675f,426
harmonized,1614,harmonized/1614.rds,36,1d16277aff4aa0efe68ec541f1e4d8016252160c5e9e29a32d44bc2bf36ea0ba,297
harmonized,1615,harmonized/1615.rds,52,797d92cba543c33e9bdce10b2afdbfff9b9f2e4a4a0faef3a9370d861dfbcc28,334
harmonized,1616,harmonized/1616.rds,94,5d5672578edc64923e8cdc76733b33326c38d1d19a8bff09efc46a8ea90858b2,425
harmonized,1617,harmonized/1617.rds,326,d5fd81e54c00f0846d7589a8a6696a34a9f7e0ccc99ef619e246e01244a57fa3,509
harmonized,1618,harmonized/1618.rds,3,0fe43d5f3df9a6efce135bdf570429d863763b36bc091885b62e8abb6c29e2d5,219
harmonized,1619,harmonized/1619.rds,163,ef148fdffbef4be17c9a3ee7aaf36424abd4c1f70ecf45df1607f84ec1dc864c,416
harmonized,1620,harmonized/1620.rds,164,3bac6934c2592f617f4d1c50c67865c2a444d68e32725f27f9d2e742de7583ee,413
harmonized,1621,harmonized/1621.rds,83,9a8ceaef030557e1a967997b5da133a07f5304b99e5173e59d8c265ac121c890,371
harmonized,1622,harmonized/1622.rds,0,adadc686412c8a32c45fc2489b7ee54f6faaaf976b3b04409ca638c0bcd353b3,193
harmonized,1623,harmonized/1623.rds,1997,c157b8ed5d9421df625af235d01c72aad2752ec2d7aaa22a6e160908100680ae,1537
harmonized,1624,harmonized/1624.rds,1,28e6fd004b3f16a13e5f7f6ce78fac0de79e6ed6ab70892bc9b74cc7cd951a79,210
harmonized,1625,harmonized/1625.rds,100,11624fd30671f9c31da8fa6684281b5cb43a296f7fde1f8f35a8f2cb258116a0,441
harmonized,1626,harmonized/1626.rds,6,be51700d5baf1939a9a8215377a541b52ef870ba9291301383dfeef0fd4fc89d,229
harmonized,1627,harmonized/1627.rds,6,1c47553128d75cb4fe2aaee2e2bccd5598338e0a1f45ba2ba466f9942ad0f327,234
harmonized,1628,harmonized/1628.rds,14,4701021e80d691cb6ea6d12ed425b3592129399757ffea484239af0af870a966,263
harmonized,1629,harmonized/1629.rds,2886,065fad815e64880e352351109936b2387a92f01247eb71356e6ecdc06be2c4e3,4973
harmonized,1630,harmonized/1630.rds,1524,71bf12ff6220223c8f2db9d8a3a0f494237570bdc0517b9c729c69b8495d8fe8,1935
harmonized,1631,harmonized/1631.rds,4,aa022d6202d8b7bd915155b297fb976db20b32601a7091251ff8495d47ecd237,228
harmonized,1632,harmonized/1632.rds,1,d134e2adbbd7c2eb317be2c599d8ac46b034b5e2ebfadd9da7e45a274b967721,209
harmonized,1633,harmonized/1633.rds,80150,88933f9ebae3c39ebe7db8adc807debcc1321daa6fef67d863d253eed8952efa,49254
harmonized,1634,harmonized/1634.rds,3793,c1ce9931c652c90e38767801463793e9806688b5e5fc9e12b05d596bdcac2756,3564
harmonized,1635,harmonized/1635.rds,65008,5d8eb5422f592c6f0191cf24376e336fd4c09406016eee1ca697162cf7b8feb0,35283
harmonized,1636,harmonized/1636.rds,14,37846053fc2c354d4a8a4f0efd08a2b5caffc3a0206d9b27a3896e65c13d6d75,257
harmonized,1637,harmonized/1637.rds,50,385ae73bf1ebe4394479e0e46ac5d2d25ba79451378d6fb13ec9cf7205cfcb7d,315
harmonized,1638,harmonized/1638.rds,55,5a3231e5689b7cd5927c86166776befba9a7e20ec054ed4ef15f53d51c744769,343
harmonized,1639,harmonized/1639.rds,8,1f5e1f1f0e0953979b5ac43889cb8eb30a0ce50c56a30f5661d5331a4a588819,234
harmonized,1640,harmonized/1640.rds,37,f91c62eb3f3c42fb378365791db10d640a7ec6fb54e06e3fa3694d844a01c534,308
harmonized,1641,harmonized/1641.rds,73,e6196642ac6f7aab836e9e8f6d306eb7769614b9e14b030710a5ff22e94bc06a,353
harmonized,1642,harmonized/1642.rds,37,b24a7eeb28447b27df292f7cabfc742b86f52f9e43bf46af9667ace5bd5458e0,297
harmonized,1643,harmonized/1643.rds,24,4c4e93347ed5052e0dd5d5dde4a2c63a2b838287899f4075a2fbcf76b3769d06,285
harmonized,1644,harmonized/1644.rds,40,2e158802a2fa59e11d562bb83f25b1741ba429b1dfb14623e4193dc592fdf92c,312
harmonized,1645,harmonized/1645.rds,35,df1207cbe439b4fd22d64ecb710de6fd3d4d1412a8b129fdd845b1f1080896d2,305
harmonized,1646,harmonized/1646.rds,23,6ad588af5ab4f43e15724734dfa53cf6e6069716fb39b9306d122e68af75978e,266
harmonized,1647,harmonized/1647.rds,23,6610b6c6dca421a58af8a4aedd4ea27f470f939ee5d95d95574ccf656f0e4406,273
harmonized,1648,harmonized/1648.rds,88,bbbbfffb8c00865a7a69de630e79c3b5b13f2e87647cb916b849141c87a22f8d,351
harmonized,1649,harmonized/1649.rds,28,08b9dbd4352f126d85b6b3ba7e9689cbf0eb21ce6c6b5dd7fe746e051117c6f5,278
harmonized,1650,harmonized/1650.rds,97,e89c83151b2ac238d202dca43631ece66b1008581217a6ecf014c34be79213d5,406
harmonized,1651,harmonized/1651.rds,182,c8011aaedb576a66d2f72965ac1032b6f0645da63136be1462411d0a4f42db52,412
harmonized,1652,harmonized/1652.rds,1,4941fa25afcd762a23499d2c35d58c135c9b28c3afa67bf5df551f6551016686,209
harmonized,1653,harmonized/1653.rds,2,628a1e18c89f506e1e9697b0e669e74e5baaa9ab41f238d69e30e20ec790e7c6,214
harmonized,1654,harmonized/1654.rds,94,a470c416b60f306a279f27603bc48d431b8736e689e09e5f24fdf4759ee1c158,407
harmonized,1655,harmonized/1655.rds,53300,1564c31b9a21b5fd50cfed9f7818dda5b18daad38048075078b34764513066c2,32608
harmonized,1656,harmonized/1656.rds,124,7e0ce62b62d345155611a62363772a8f670b9a62a1bc46eed4d815210000a959,402
harmonized,1657,harmonized/1657.rds,2422,0baf4e9d5eac39f9aed75c7b6f1b6aead6954d66b5eb3d2a04322fd33675f611,3317
harmonized,1658,harmonized/1658.rds,77,c95e2f0fe3f9a1f83b9e7b3f962086f456c8a9ddf0daedb49769766cdf85de78,386
harmonized,1659,harmonized/1659.rds,52,918f43fe92e34c818f00a682b43a7d6a7e9dd22c3786bb122288cc565aac5a1a,364
harmonized,1660,harmonized/1660.rds,18759,1e3b32404da9737a389b1e777e89e23d13044ef2fcfb92613dd1b36b7ca5269e,14075
harmonized,1661,harmonized/1661.rds,34,2b43b8ef41362900db3d969648b7eecb48a0e6b1b6604fa00b8b81debbbef464,304
harmonized,1662,harmonized/1662.rds,399,db90076d6cb473d434f7efd8de66266e41d2576fb541ffb0acabe2fe005915bf,933
harmonized,1663,harmonized/1663.rds,1,7da2704beecac8ac9610ecf786d9bcdedcf330fe62066842c99ae27de781ce57,210
harmonized,1664,harmonized/1664.rds,29170,019b978c391b01694935884abe7a50bf2071ee32a82f0ccfb2b05a2714e9018b,20328
harmonized,1665,harmonized/1665.rds,15,ae4880b60fee33b26f2ab824f3893e650dc87927d461139588cae9e1ab83f66e,255
harmonized,1666,harmonized/1666.rds,106794,ea2f41ea386cf882d028dc33296fb69522a86deec93e7a8474ec317050ca65c7,64673
harmonized,1667,harmonized/1667.rds,28,352b151296d405ca08ea84a028895b85c0c27a154878ea3c145ca2c78a9b21a8,313
harmonized,1668,harmonized/1668.rds,69,5c3a5315111ce597bfb0416eaad432af305e54e497841fae24a5a02b6cf81928,352
harmonized,1669,harmonized/1669.rds,122663,29b7926e579cf731d648f9db90a853f214635b7ddca04d0bc0e76ca383f3de75,58156
harmonized,1670,harmonized/1670.rds,200953,7c16b09c5484de2cf123d50b7c2b44f4a8e85d6b8c6a2f588a50c6817782d2b6,81583
harmonized,1671,harmonized/1671.rds,93636,e544bb340dc7148ff7720f283345655b4ceeb6a734de4d0a65b97e9e7775b29e,55694
harmonized,1672,harmonized/1672.rds,99,522f9873d5d0750fbcfbc41039637392679c341537758caaf91174431a1eedde,429
harmonized,1673,harmonized/1673.rds,67,85bafb3ec4848b0b17a99b8213777bc6b6cffd9b9667068f0866d99ea34b79df,385
harmonized,1674,harmonized/1674.rds,10258,cd8837b461e8303d4bb76d50a1b1a65ce377f5eb6c9b8cd456f4a9b606d1cfac,7422
harmonized,1675,harmonized/1675.rds,11988,62d24ad0be80485cf8e9daaae319c0403ad0ea738bd42dcbbb7a13c156020529,9935
harmonized,1676,harmonized/1676.rds,0,adadc686412c8a32c45fc2489b7ee54f6faaaf976b3b04409ca638c0bcd353b3,193
harmonized,1677,harmonized/1677.rds,166,587556da769ec4924f8221713adaef042a457493291310e09a8858b1dbacb1ca,456
harmonized,1678,harmonized/1678.rds,11,f6b27a92572ab90ab08d0db0599cefa2f1b6050ada95763f103648e4bab6ab91,249
harmonized,1679,harmonized/1679.rds,26,71be4742e4a296afa9934733296d51a841633f4fa2c3ed5f68b5ad349ddbc90b,274
harmonized,1680,harmonized/1680.rds,8553,73321b5be89259a4768eda7e7a63c863d6732083711bac16072222ea6a7a4ccb,6535
harmonized,1681,harmonized/1681.rds,125,21879cf30cce009080138c01addade54be33fd32fa4a2503f8ae2fc92d4d4331,444
harmonized,1682,harmonized/1682.rds,97,3506683da798670ff86e8eccc3b22135fea78e442e4f1bc71080d830f7d868df,402
harmonized,1683,harmonized/1683.rds,1,1a53f6755e95422acd68703be572c40ffaddb385ac8b0b777860995c29fbd219,209
harmonized,1684,harmonized/1684.rds,73530,697b2326363479864e3300fe0a41a9d0623109946627757770a236a5a30ab9b8,37433
harmonized,1685,harmonized/1685.rds,10,3a3cf8e4ebb71cb8a5012ee80bece13503231e3f039c5a80ef6677a8720d86bb,243
harmonized,1686,harmonized/1686.rds,13,6e9f59e169a7ee99baaa82b7b3dbf64f07e59aef1be97ce5fc93191b0b225c3d,248
harmonized,1687,harmonized/1687.rds,82,09a57e73cc379cf0693d00abb400d744fd6e8c646521b4bbcb6e4131593db468,350
harmonized,1688,harmonized/1688.rds,27,c347ccc918b95109970912df25a158aee6638de0096bcc9caa33be0267de93e3,275
harmonized,1689,harmonized/1689.rds,158,6823d469534d9b616bec8a8ad020c72d2058daf0dac045ba75e34d1dbb22ccba,337
harmonized,1690,harmonized/1690.rds,35,f2dc0520d8d10874c6bfca935c2d8decbc2902c0a959786c2c89435a83032d1c,354
harmonized,1691,harmonized/1691.rds,21,f77baec8df6ace6cf89228e78ac0255acf567d2d4e8ccf249164d579488fa8cf,286
harmonized,1692,harmonized/1692.rds,2,37038ea9d6b0b4376ff98070f30032dd9c309d1050227ffa9b32e9014bced6d0,217
harmonized,1693,harmonized/1693.rds,449,b5a3cdb6a281231a1613de0927f07c51c93e30155d33608ed2b0814d5569f29f,775
harmonized,1694,harmonized/1694.rds,3,4668f2a809a3d23de4b9a4fa94e79dbfdb13502d6ba42f957bc431acbd7a0dcb,225
harmonized,1695,harmonized/1695.rds,59,ee7e97df73a724e5b098d81d4cdea87e83b40a859a877d472b8c8efc922375d8,363
harmonized,1696,harmonized/1696.rds,4,c0a424d71d7a3e808e692f73eea2ce3f8787cc3525778533b2ad88b251ed2777,230
harmonized,1697,harmonized/1697.rds,1,fc7dd0bcf8ed2e8c69acf0b440cf146031a3e54155568fc20cbcfccefb3a04ea,208
harmonized,1698,harmonized/1698.rds,1,fc7dd0bcf8ed2e8c69acf0b440cf146031a3e54155568fc20cbcfccefb3a04ea,208
harmonized,1699,harmonized/1699.rds,1,fc7dd0bcf8ed2e8c69acf0b440cf146031a3e54155568fc20cbcfccefb3a04ea,208
harmonized,1700,harmonized/1700.rds,1,fc7dd0bcf8ed2e8c69acf0b440cf146031a3e54155568fc20cbcfccefb3a04ea,208
harmonized,1701,harmonized/1701.rds,1,fc7dd0bcf8ed2e8c69acf0b440cf146031a3e54155568fc20cbcfccefb3a04ea,208
harmonized,1702,harmonized/1702.rds,1,005b0984eaef977e936109f1b0fc7eb748e3a35f7656a465aad558af96994d0d,210
harmonized,1703,harmonized/1703.rds,4,335877d42870d1039ec380787e14436dc1109363604db028449806d7f9376083,226
harmonized,1704,harmonized/1704.rds,1,fc7dd0bcf8ed2e8c69acf0b440cf146031a3e54155568fc20cbcfccefb3a04ea,208
harmonized,1705,harmonized/1705.rds,1,fc7dd0bcf8ed2e8c69acf0b440cf146031a3e54155568fc20cbcfccefb3a04ea,208
harmonized,1706,harmonized/1706.rds,1,005b0984eaef977e936109f1b0fc7eb748e3a35f7656a465aad558af96994d0d,210
harmonized,1707,harmonized/1707.rds,2,56702901399f70d35920be0be42abc21631f8f5974e72aa96ee4bf5b150c18f0,218
harmonized,1708,harmonized/1708.rds,214,cc06aec69d41c1e22c4045a1fa6472e5ed7096c90ac71c647ee04aad819f1733,488
harmonized,1709,harmonized/1709.rds,12,159cd71fe514a2c061f7dd9332a3393834e154b540c7fa9d37a016ae86b718be,252
harmonized,1710,harmonized/1710.rds,499,1579db0ed18409bd710e18501667a4e276452133e5dcda78ad02f0610219c109,624
harmonized,1711,harmonized/1711.rds,262,31a935e5bfd66f4785f67c23673e9975c36abc58f362f4f3719db5ea505f0992,514
harmonized,1712,harmonized/1712.rds,161,5cefacc4fbd23d9f8ec4681a26967beeea4ab3a266e5a8fc0442a48b55c9295a,487
harmonized,1713,harmonized/1713.rds,6,38191cf5ddf259f9e18cf98990d1108184e084b0bf2d5d580ebb07dc78dcd464,229
harmonized,1714,harmonized/1714.rds,3,06ed829178a8e05c10a2ee4e80d8052c342a6050e5ad63a2d8ccfd0061ca65e6,218
harmonized,1715,harmonized/1715.rds,1,ea553865de9d8988c43b6cde4e41de17af53dfbe8490db48f2c168038b19674c,210
harmonized,1716,harmonized/1716.rds,1,ff131756478a18052a2638d438a0c1fb97c720f88a1407fa7caef6db42b8efbe,209
harmonized,1717,harmonized/1717.rds,72,4c992f8df5668a95068feb37cd915b7635a803524c2bb83828fdabb4ae1c7bc3,342
harmonized,1718,harmonized/1718.rds,1,8f7b2587123de7c1565d2a74caae158b8f44679311f55b08fb87aa8b2b9cbdac,211
harmonized,1719,harmonized/1719.rds,36,3ee7b62c738c4e839e68ea2422a8dd867839b94440aedc2508955911afaa06b1,302
harmonized,1720,harmonized/1720.rds,41,26f3ffafe23d4202ff97bb2c9f7e39faa01ea6320ba762942c6c0fb6b2d29546,311
harmonized,1721,harmonized/1721.rds,1,1c21c9700364d280c222bdb1ec0dc8e543c8680f46f3e55e9b8645d126834cfe,210
harmonized,1722,harmonized/1722.rds,34,891deaa0b722bc23024c485737de01c315e5532b3165032ebd6fc3e1510ba2f5,286
harmonized,1723,harmonized/1723.rds,579,915ccebf751159decfa839bac92a862be08b142c66dae65ab887e83d2779fa21,699
harmonized,1724,harmonized/1724.rds,3,a394796f31b9712d9f1900742731f081a85ea23cb0556c20912883d10ea3574b,218
harmonized,1725,harmonized/1725.rds,31,833ee1f23c230511b39e4bc604ec4ab3dadb6d9ff907e4671cc48633d49aaa48,317
harmonized,1726,harmonized/1726.rds,16622,cd8dc8a46d713cef22a87033720ed1bd6e118a770d266fb462b950257dbb9390,13866
harmonized,1727,harmonized/1727.rds,71,eb805df5ffd594f15631f590394bab843246d441daa79bfaf36add0fcef15b39,376
harmonized,1728,harmonized/1728.rds,149674,260e9e0033d647a23b262754859516b6aef89385d9fbfff5400e0f842cfb52cd,85398
harmonized,1729,harmonized/1729.rds,1125,846ad0a37f8ba40c9579fcd090dc36d76535c54478f699feeba3c5041e03e307,2216
harmonized,1730,harmonized/1730.rds,465,8fc4a47cfe1cc27dc3f14639f5ad643c6d9cf7c6f6ba1ea0846505da607d10a8,821
harmonized,1731,harmonized/1731.rds,53,044926863c47e3e857ec295ccfce71e3f7d813e9d9de76c049e629ea85ca1e93,355
harmonized,1732,harmonized/1732.rds,23,f479e93aeccad27a93d9d198f1ca916788efa1eb95b4da4ceceb59dfafbbb084,301
harmonized,1733,harmonized/1733.rds,155,261c98789ece783b78ec754f9c18cacb27a99b77fd8a625d677dd705db7b7467,444
harmonized,1734,harmonized/1734.rds,14,4adbf3fdd58c2ca6e448e0b67e0e3cc43b5639f86e33f037ba20fe236547dcbc,253
harmonized,1735,harmonized/1735.rds,102,0a3770887c00d7fdd252e97e4ec2c3270c5c36c1363a28f2e6421c0fecae558c,385
harmonized,1736,harmonized/1736.rds,13129,e5ec68e0e99da6f569618e36ebaa5d5e6618d27a9d1f277005b8ec4b5b8a1547,8407
harmonized,1737,harmonized/1737.rds,35,392b819d97b662403c23c48ddc642d84bb58e93d842cf2f0a44902a216a160ca,315
harmonized,1738,harmonized/1738.rds,60,0e55af349de6756c0fc05577ddc8dc09986b616328dbbad9e94aae972b938112,354
harmonized,1739,harmonized/1739.rds,159,d201b2473f67b77d2f7dab9238a6750d975528684324209ea25c8039889cc808,479
harmonized,1740,harmonized/1740.rds,40,9ee330b78f3130c9608757d412b4f58af146c8c4f23bbc803e53dea87578c98c,327
harmonized,1741,harmonized/1741.rds,13925,b21948402a9321067f17471c7e25c547295c63324b173cc6e38c1abb1ab6013f,15987
harmonized,1742,harmonized/1742.rds,9,ecc21421c6bfd0da439d9a429ccc0999e33767a8d2dd0c65e34b48da99aed2d7,243
harmonized,1743,harmonized/1743.rds,4,e304e048062883e11bf129fe268f264a9a3ece11830280cc1b1e9f84da9356d9,221
harmonized,1744,harmonized/1744.rds,2,786bd25d5170c5250f9329b05e07e3ccaf3b4593a92b9b17132a11fb3a3343aa,215
harmonized,1745,harmonized/1745.rds,37,9aa2da0d179c98bcd37313f8f007e23b17218b54ca75c6187677d2a50f88cf4a,324
harmonized,1746,harmonized/1746.rds,103,18611f6b95354f3b838cc471447ca84277c029def33ea27386f7b123d5be3779,450
harmonized,1747,harmonized/1747.rds,17,fe308b5fe0b43d8455dfd81a025737e18704803d74fa765fef325b4ab515ab94,263
harmonized,1748,harmonized/1748.rds,17,766cd67b38712f3c8f39129d2567932bf8ad5b405e205799add3ec9b40633422,274
harmonized,1749,harmonized/1749.rds,10496,8b08bd131a5d59512ff08ee1675d5b61aaf2e9aa363538e2b5f0672d2ee1c9e7,9506
harmonized,1750,harmonized/1750.rds,35969,7b0526785bc8431b994f75bb18495ea48646b8b77cc549e37caa833dd6071d0d,28001
harmonized,1751,harmonized/1751.rds,5,540a25bf8f478d5bebf67b94100a4452212f1fc08a7bb1303f935c5e844e3e7b,225
harmonized,1752,harmonized/1752.rds,64,33ab05a54fbac2436a2f8977df187ea41db035f3e9edb4bc76355622857f7380,334
harmonized,1753,harmonized/1753.rds,911,eee3556d438d5fb67ac71ed332c5f4aace51e949950a6b67443ddb6ec20763fe,1316
harmonized,1754,harmonized/1754.rds,12421,45166029db92127a1a21dcea9e7438c5e884543145e883573aac8a3a210979b5,8346
harmonized,1755,harmonized/1755.rds,5,9efd457ddbf4c1bb7d58638369172aded4dfe77e2d04e86d37cd6c8ed261ec88,225
harmonized,1756,harmonized/1756.rds,33,76beca5070a1cc9a6c2728ce1163a1315e3f7067eae7623e0a0ca2e589987bb2,291
harmonized,1757,harmonized/1757.rds,2160,f1bf1ee377b543e93128bceb68805b5d73dbf5de32de0cb222a6ac245d2c1433,3030
harmonized,1758,harmonized/1758.rds,25,c633e4b65e8c0e875f09d3b0c9e65b063fff28a5b7e661e1e743d43f2cd39806,291
harmonized,1759,harmonized/1759.rds,176,1ab45e148e64a88be9e8b8863259bd2992d10301af15967fcef64bcd0695fb84,449
harmonized,1760,harmonized/1760.rds,33,e1d525128365700220648e8df3a00793cae5ee087dea1c7aa0ad4c70d1bfe8b2,281
harmonized,1761,harmonized/1761.rds,13,368c0ca60391161119061428ac81d2380bd4a0213b3e351aa24bce589e4d8833,246
harmonized,1762,harmonized/1762.rds,11447,c478479fd995f706308bde03e34525c692dcec63a0bf46425fe12e4fc0277c52,10646
harmonized,1763,harmonized/1763.rds,18,9ce47ac66901e31db2063c0931365049c22cf2475a53263c2cd9bcae2dc4d415,269
harmonized,1764,harmonized/1764.rds,8377,b256392bcba1c832160f8f55fc8ae21c004815eb67af191952d137f53ce2f69d,8840
harmonized,1765,harmonized/1765.rds,840,417c3939361e0ddc9cb820241fa75338406a8b79a89a81d11b96a4fbcce486c2,1377
harmonized,1766,harmonized/1766.rds,23,8409503b30a52523d76a545fd4a9ed40f9a8c3fffe1d2d03253b61c9fc3f1914,329
harmonized,1767,harmonized/1767.rds,1,6e07fa631e84f8bbb7e492ab829a6985af3067e88fdc1be0028446c2d6de2ccc,210
harmonized,1768,harmonized/1768.rds,2,c2856401a5a91301536ea597c9866bcdfbefbc9734e6e1801c3aa94902900492,219
harmonized,1769,harmonized/1769.rds,9,55707d6323029a27873686238c1fb26476fda53d4fbad4d1ff2b530bc3a74183,242
harmonized,1770,harmonized/1770.rds,2570,9020a402a3563b5b040e406a3fc38794870bef0e6ffa5ed0042588505d325e34,3901
harmonized,1771,harmonized/1771.rds,35466,6fe34eb4b5733cd6c5853b40982e515b48603d278a6f8c2fb81f7717a5c185e6,25973
harmonized,1772,harmonized/1772.rds,2222,8d9723b5b4e711f4f1470d1701cb6d2b0845ddea51533f999f55b216f6dcea84,2356
harmonized,1773,harmonized/1773.rds,13,e3c66dfa235da1fcc9270567629cf9e9fe4fd2db02b0b3f302741973bc1cbd8e,246
harmonized,1774,harmonized/1774.rds,1,95e04b1b7b4b53898cb5bb1db3019851fce0563b03ba589821c42551a4257dd0,209
harmonized,1775,harmonized/1775.rds,17780,d3ed3ffc393b8d13097cbc4c6b195abed53cfce619018178f48a63e9f8d8a78e,11680
harmonized,1776,harmonized/1776.rds,8,3e6f1182c7eb8da2cf5394159ac1f72e40bf3c5e3ce6bf35e57064054e4ccf76,237
harmonized,1777,harmonized/1777.rds,1328,9d22b1332267d89aa4b7d2356bff9e94c9dda8daa279a1bad68a1887c9f21c91,2449
harmonized,1778,harmonized/1778.rds,40,f84ac38a932bd52c3cb06f12c5f950fb70dad61e54cfb0691e7a2f09f0ae4e31,306
harmonized,1779,harmonized/1779.rds,11,9e384f8afd64f6bfbf838d77f2886af97fd9eae06d2026c6a39c98d68d5c28ea,264
harmonized,1780,harmonized/1780.rds,2,5f3336d794e32d757eeea6113e73c04f48d501a8ef3aef8cbb47d8c9587a07b6,214
harmonized,1781,harmonized/1781.rds,42,808b15722c2d72affb853e21c044a6a16adbf127499d43e4be9579ff4b6edaf4,338
harmonized,1782,harmonized/1782.rds,79,c2926d92b6c1304341376df8f58433be589dd7bef4c9200f08886b20179a1df6,361
harmonized,1783,harmonized/1783.rds,63,76198a629eeb4383f4973087e07c3b22faa05d2ece2df284295e9ff2e47aa664,335
harmonized,1784,harmonized/1784.rds,11,a4cfb8b9219c28d8a1f72f3c30a2bf01e656f575e38832499aad085c84661842,243
harmonized,1785,harmonized/1785.rds,0,adadc686412c8a32c45fc2489b7ee54f6faaaf976b3b04409ca638c0bcd353b3,193
harmonized,1786,harmonized/1786.rds,5636,c5a891cab3b586f43797145f10b1086536135302c29d5e07895ed32f47326d80,5900
harmonized,1787,harmonized/1787.rds,211,dbf1b0adc4b619a7e7b7ece97f9c0155c6c4fe857d2d957c449aeb7f2ff62677,499
harmonized,1788,harmonized/1788.rds,7,4bf4a0d3bf8dd7ed5f59c5eb04eb61908c6b88657e5e8583b9c9398a6075adb6,237
harmonized,1789,harmonized/1789.rds,1450,f969f85e13c53378754d6d41c89911e5f86e21994ff3755c7d878eade67a9390,1829
harmonized,1790,harmonized/1790.rds,20567,edc39682b0c1fc55bb351520d38c8d5d99de5a3b1bea47a1f91fa88e46686034,13977
harmonized,1791,harmonized/1791.rds,5,005ef502ec95386f7056954bbfa4994fa6f99d8b653a4507d4e9feab8f36cd45,231
harmonized,1792,harmonized/1792.rds,705,6534987e488015d3233c2f86b72b587f6d43bf7d1ebf4d97c3589ee11188bcf0,791
harmonized,1793,harmonized/1793.rds,1,dd740f858e5ea7f6044a14178db039e8df3857a57aaf4fda643ece3f109c1664,207
harmonized,1794,harmonized/1794.rds,169,dca714741ac7de6a78e4d1591fc16dd6b60f3bdaec86178ea19eba705d71f5d8,490
harmonized,1795,harmonized/1795.rds,25,a72d7fb6444df8412b809afacb67ccb352439af6e316ab80ad6082ea54641073,288
harmonized,1796,harmonized/1796.rds,306,c5ffc143203e4f198a556c6fe798e5c719fb6ca590f7e3e392143bb213ef9b29,631
harmonized,1797,harmonized/1797.rds,2934,3c00125b4ff799786cc00e2494dd0c8347295125bb3e8852ad33416aa5943e35,3530
harmonized,1798,harmonized/1798.rds,161,4bdc680d45c0565195b9f84e1481bfbc904f9efc05ec9bb78e53068912de6e57,565
harmonized,1799,harmonized/1799.rds,114,a1b6170c8c6c6303fc5f9ec040062e1492c2115dfd823c6280f8da13b620fa9a,488
harmonized,1800,harmonized/1800.rds,79,2efefe20179a43f759c5838f8fbaeeb2465cf6d5cec2a9f6d09c32853cbc2158,342
harmonized,1801,harmonized/1801.rds,1,f1be66426181d2b13df2f88a2340b5a3a2eb0d207222f29eee5d1341d817a78e,209
harmonized,1802,harmonized/1802.rds,51133,e59c4c5bb556abea37f0187ee508d82a7e514e1707028ee609eb6b39adf4e1cb,34735
harmonized,1803,harmonized/1803.rds,401,7618acd9f209f43e1b7045426d98bd940b5ae9037702ea3d70dac54e079de627,746
harmonized,1804,harmonized/1804.rds,6,421eaa0d74ef896baeb2e631d9a3e451d63c4fa0bf67a146ee9d802e5a3e93e2,237
harmonized,1805,harmonized/1805.rds,3,ee9f6110cabfb86b6ca49fb3f944ed88e8bccacc936d8d75a039058cf1087d0a,226
harmonized,1806,harmonized/1806.rds,18,92baf89ad0f87a436290471475ea52825a143b0d5356a69ad9f1ed0463fbfbb5,265
harmonized,1807,harmonized/1807.rds,300,d2463dce5f109a0e83435d526aa43dab3150c180620e505d8a105af8464ec335,677
harmonized,1808,harmonized/1808.rds,12285,ddc332fb0167c5cfa0795b35d8c72de59a6dbe131cb948e2daa3f1c6fafc185b,10404
harmonized,1809,harmonized/1809.rds,22,3b9ab72359005334c36d4c5c3ee269ad1e82c28b78fa0f7a2be9a69cf4adff3e,288
harmonized,1810,harmonized/1810.rds,74,3e1d11ceeae00822383263636b93f7bc000d497a245287e4bb482d4882e093b1,396
harmonized,1811,harmonized/1811.rds,5022,268383d1dcf758bb23ad2fd4b43401497873feeb61facff77633c201bb8cfdfc,6016
harmonized,1812,harmonized/1812.rds,1,6161ae976e3c46608e70b7d9f6726c1615a0fb59c14eb5c54b77fd6b05727106,210
harmonized,1813,harmonized/1813.rds,230,264fcb384ff335b2fb4b3c8b754f64b7b55bf20238379d910beed4692937bc3e,610
harmonized,1814,harmonized/1814.rds,51,96c793a478a35218a434ce87a28264f6ce2b4cbe33f0054d3b76661f6d3f46c9,322
harmonized,1815,harmonized/1815.rds,2598,01387d96c76a25111392ce270934440814b8638e14821b23773d825f6b8f8896,2591
harmonized,1816,harmonized/1816.rds,2,c03329da9fcae59fea9f893bcffb141964f216a3156f84cfcb2094f1dd38c298,218
harmonized,1817,harmonized/1817.rds,33959,d36b498ab88c27e5fe072dc5cd934e9ea22f98fb846482c95ae60f37c1970471,26651
harmonized,1818,harmonized/1818.rds,189,8df548c0a28391790ee63cd79a6455999acd428be375af32925a80137a9951e0,459
harmonized,1819,harmonized/1819.rds,1299,d4ad2e5bc72cda4d91d6ec6cc31326d4c26bdfd3aa04b44901641af264a965fa,1490
harmonized,1820,harmonized/1820.rds,59,06dd1b2b7e10d4c5c9c6c0860a90497ba7f36495cbffdf80b233733d9c71a99a,332
harmonized,1821,harmonized/1821.rds,43,a49c69089f57fc118ddbaf745d06c7ec027689cf802f45d16951c3b6a8fb0ed6,333
harmonized,1822,harmonized/1822.rds,14,26a26eaf26ec11a887cdac151581f72d38b718dd3e4162134713a9e7a66f982c,268
harmonized,1823,harmonized/1823.rds,41,1245287a7f22c8b558b310839e5d1047bea5f9e2efc15b939fb173c72a50da5a,320
harmonized,1824,harmonized/1824.rds,17874,c99f499a197830883d67152a92689f331c0739ffa7bfdb273713f116eb0d79bc,13351
harmonized,1825,harmonized/1825.rds,2,23ef99c9577c16ecbe7dc65b283d52c46a3c76a7969085175b082bc49f6c7a2b,219
harmonized,1826,harmonized/1826.rds,123,f1c5e2f1428ffe5b9c7077808e0ce4888af9c243437343ad8838a4951dcff773,491
harmonized,1827,harmonized/1827.rds,83,a9dbc40c761cc7399d8cdfed19308e452b79473c74bbf3ec4d8564b6ced713ec,358
harmonized,1828,harmonized/1828.rds,1,8dab88aa146dcf624c7bec32e2cba3f5955e8095a111114906c644b2f4bf4b92,210
harmonized,1829,harmonized/1829.rds,547,f9eafc0fcdcba837b61ccb31a40fc8a7246ecc5c72503de73f07190620446280,1339
harmonized,1830,harmonized/1830.rds,295,812b70c45aea1f3f5abc67fd53919173aa0790a2593607eb54ff10c5df387cd6,510
harmonized,1831,harmonized/1831.rds,1,5508c37b48e5889d9b34fa963a29641cac634e4eb5bc0bc071baa479cbea94bb,210
harmonized,1832,harmonized/1832.rds,4,3aaccaf2af8fad040010fc7148d97d06aea05d01d02ff7941c671c014371a1fe,224
harmonized,1833,harmonized/1833.rds,8,ecadf63ec356d1327ffd0b972202557a4f3e1648457d47cdaa7b10674c683adf,241
harmonized,1834,harmonized/1834.rds,1,bf6052ed6984afd99d02f839262dd3784b5dbdcc3e90f3878365cc8f587bebf4,209
harmonized,1835,harmonized/1835.rds,11,75c624904329a2f78f169eb09ec31d72681fecb1b9b7b0b760047b18edf28ddf,243
harmonized,1836,harmonized/1836.rds,682,cd6bd1c14e4a4c1eb6e046c4a9dd540507266c2bdedbd717d5e302dff1a0cc83,952
harmonized,1837,harmonized/1837.rds,93,3af22df699f8bfd6b73d886a2c1e310439c7c1789ef8363281ed2bf6e7c1efc8,423
harmonized,1838,harmonized/1838.rds,35,20d5951aa63ccf400b7fd3c384b0f7867fb0a775f1e814ee0b5446006b497476,301
harmonized,1839,harmonized/1839.rds,295,fe181f011d7dcf3454a5575dbfdcc2e4000924c0811a8a992974edd8ca65ae8b,538
harmonized,1840,harmonized/1840.rds,62879,02e5e7be3995d96b526b8c8f8803dfa5283db0228c15d7bea59deb71203ec6cb,42932
harmonized,1841,harmonized/1841.rds,10740,9b38c7ab69eaad7baffa2cbbedad7d6842ac87e9a3633d2122fe72ed934703de,8910
harmonized,1842,harmonized/1842.rds,8191,2630095bc1c4c3b7132828b485546f16f06648a41ac42951f4888107de006793,6609
harmonized,1843,harmonized/1843.rds,665,feb1995af3972ca1cdf47953e6239ef712bd02bf270106fcca09f7d5e3632569,854
harmonized,1844,harmonized/1844.rds,354,553dd739e36e5cf77b81d16ad4ee841effd19e2d4bfde035d9218c085ea80071,631
harmonized,1845,harmonized/1845.rds,1,4de6c34758f273b64e9a2c29ffed881b8a1a954c885e2d2f856ebe54f392a878,209
harmonized,1846,harmonized/1846.rds,3,db4ba12084c4fc4abfddb21686a06a6c720cfaa54788885399e71b2a1aee05db,221
harmonized,1847,harmonized/1847.rds,275,c26ee573b8f15ff1c6cbd24f93f386005ffea5b5744a8a7435fe8bfffb543248,681
harmonized,1848,harmonized/1848.rds,1807,9bc75bdd1a11d5820c201dc541402e938b51644851bd381af844cdc9490a7e6f,1624
harmonized,1849,harmonized/1849.rds,65,caf5cf8deb48b138b26b4e240c7b39756fcb2a038968b1e7ef440d3ae971cb6e,345
harmonized,1850,harmonized/1850.rds,1,cec7cb2c41627a943bc9f8c2bf51615144c64cffd2676eee1aaa8dc00cd1f974,210
harmonized,1851,harmonized/1851.rds,9027,140f20fbba59e01a8d0cc3dc1637f9986c176e4dcf4b77c02026b7d5f398e6a5,12367
harmonized,1852,harmonized/1852.rds,16335,a6b5ceb6fa37fcc7bd19a1f47104beb526ddbe93e8517b037cc0e5d476607ad9,12918
harmonized,1853,harmonized/1853.rds,242,c44a805293622920d07869822ee4e4bc7f10619d159b5b9c0386813a830ed5f7,492
harmonized,1854,harmonized/1854.rds,287,62e378daca9b032f646414d529fadebe558cf83385bd069658f7421d5f93a642,644
harmonized,1855,harmonized/1855.rds,165,a03ed71d9c4b540febdda5dfd123d0fdd678907d87088afaf0c130cb8dae3a4d,412
harmonized,1856,harmonized/1856.rds,6,644315d1e65bb7e8fd4a372af772bc625c767ccae3ee1cc550fc6f6114e0bff2,235
harmonized,1857,harmonized/1857.rds,26,11aa6dcf310df134f53f989ca2858c4fd2dd6ca3513c63f98a104c2914043be9,275
harmonized,1858,harmonized/1858.rds,9,c73a2285907fc75dbd3744d924915cd18ccfb3477c9701226874c50a1c06ef65,249
harmonized,1859,harmonized/1859.rds,2,25353a3b35ddb9b056d5eeaa2247d182f678171de7053ded3acfa5561aa4ac4c,214
harmonized,1860,harmonized/1860.rds,44,fca87062ed4a316738c5434bc6cf24cf5a5c13c7afa0d89fcd55cf8bc8b87c6c,312
harmonized,1861,harmonized/1861.rds,158,31b915e60bc3662997c12fcc3338600870e18cb4a27f47f1ed87ca9be3617f59,487
harmonized,1862,harmonized/1862.rds,26,9b8df671152b37020c9e748c06071d6a02c79553390ab1fe8978b40e0dde5b02,280
harmonized,1863,harmonized/1863.rds,195,597d034c013e3f0440c2ba73bc616ea19cc9b5f3842c706106b1582102d9268a,513
harmonized,1864,harmonized/1864.rds,18,649108b51730cab4d488fd2a02895343eeeebf5903ee394996eababd970c8136,271
harmonized,1865,harmonized/1865.rds,125,cc2e93c0533212bd1fcc9450aed7f5eaab1b7756fa3516f6659fb9a87020a838,480
harmonized,1866,harmonized/1866.rds,11,1af9a70cc7fd78b3597c3f7a2ac066dbc65ec4fa66807f18ab3090f8fc21ff65,246
harmonized,1867,harmonized/1867.rds,1,cec7cb2c41627a943bc9f8c2bf51615144c64cffd2676eee1aaa8dc00cd1f974,210
harmonized,1868,harmonized/1868.rds,2,628a1e18c89f506e1e9697b0e669e74e5baaa9ab41f238d69e30e20ec790e7c6,214
harmonized,1869,harmonized/1869.rds,36,09c1fdd9d258d3e68fb16c620c71c8454b1ddee08d3c808e448e89191787f342,296
harmonized,1870,harmonized/1870.rds,28,df6b54d28065bd430570d434635d3b150ddfee01f56db71c8c6b6485f82b8328,310
harmonized,1871,harmonized/1871.rds,28,6c751f79db2696f4220a97935a7375c3f45384e2fd088be882231727e5ace46b,295
harmonized,1872,harmonized/1872.rds,11302,4de194676ce12211c27b052f59860fad8dad6b6c1f124d5ab6cb7b4eb6b4502e,12884
harmonized,1873,harmonized/1873.rds,50,61d41197e459dd11fa1bc0dfbf650932369fe86ed851f7e2d8f7530fc399b457,355
harmonized,1874,harmonized/1874.rds,28,9a825966d9e32bc894f935ca12a2e2a4a74153fee480eabb4158885796ccaea1,317
harmonized,1875,harmonized/1875.rds,1313,539fbececa6066a82fb2731a01a95031bf43dcbf70dfbf50200a0241930f1c94,1635
harmonized,1876,harmonized/1876.rds,8,626e38e44e88aa7740c0ca46733c5a2cb7c6d60f43bf7e4d6f4185a597104d74,235
harmonized,1877,harmonized/1877.rds,39,481f882684ce75518147b9012fdda0e0e67d5b9d6a2ed088b64ca56a45926cd6,306
harmonized,1878,harmonized/1878.rds,11943,98c878451ee709ed9ed45bb81c4ce31a5c876ee93cac78958d0a11afeb70e265,9797
harmonized,1879,harmonized/1879.rds,4,cb48f805bd3e51ab1cfdf66e5d9b3b7989fbd1a8c5d28c3fab936ef483ec56f3,222
harmonized,1880,harmonized/1880.rds,1,1536bdaaa1a9dc9c38682962abb624b9f92330c68807f084282310c122c3fcc8,209
harmonized,1881,harmonized/1881.rds,6,e08b1d35446cd0db8be8603f507c41a125b2975197d121152e1bb37226269b52,231
harmonized,1882,harmonized/1882.rds,5,78d36e07ee4471f5f7d3cfe3b8565ff0bc89779826c4894a7813bd464fbdce7d,226
harmonized,1883,harmonized/1883.rds,5,43278cf69b34ba9149ff3f1ee4dad51d9228788eba6adf6b4dc6315cadb34314,228
harmonized,1884,harmonized/1884.rds,7,d9e60f1c04a4a353ab6fa1cc40c223d42c1182da78afcac36c95b6a7c3857847,231
harmonized,1885,harmonized/1885.rds,10,1a28fb416c701fbfe7df4bdffdd63831d514a764a5c59459218f49610d3631b0,242
harmonized,1886,harmonized/1886.rds,4,7eb4eb81bf56b501490f4a014c76ee9236aedd18129c47deb402504cf2c944aa,221
harmonized,1887,harmonized/1887.rds,51,647cd1a2b32f998dc69e866d72141005b5051d06ff23af8ef0267f72aa99b2c3,322
harmonized,1888,harmonized/1888.rds,2430,4d86d93bcf03abf04ce873bb9b3662beb6fd91c6504d05834c56d98d27cfd29d,2124
harmonized,1889,harmonized/1889.rds,16472,39936f3258530b8d596b8295f520ada938c715417df5ee0d2a52d5cf9189eaf5,14197
harmonized,1890,harmonized/1890.rds,132,fbf02034d994bb5b7dab47ce2b3193b4fb7dfef1693e5353bf8870091c9ac125,443
harmonized,1891,harmonized/1891.rds,5,df7ecaeb81e5411b53cf51e2e6b7b890ebe1cbf645e3db57a2cbfee6ea14c089,243
harmonized,1892,harmonized/1892.rds,142315,cfcb10381ef8554ac61cc7a1e2d12d9914e762d0559130955d9b76425819c41e,74526
harmonized,1893,harmonized/1893.rds,163,0dd4dd5ccd1e37dc8c4b2278a2ee7d8b20be66c52a9542e79aff18ef6a9815f8,590
harmonized,1894,harmonized/1894.rds,592,4b5eceb0516255df9614a0a95fc6be08c21d12a52a972f0438a43b3b9d793ff0,1027
harmonized,1895,harmonized/1895.rds,34,2a21b348b83d4099285cdcb26068c52357307124223476ba3b11051a6bb5e705,294
harmonized,1896,harmonized/1896.rds,1,3e15dfa8bf1373266e3f3b26ad19cab97ca0f1ec06a0f2eae73d12075c1de9bc,210
harmonized,1897,harmonized/1897.rds,700,0371a6551cb9830cf94a4b7e8ec72e4987d0f95ec9822170525eeff6e7226f03,847
harmonized,1898,harmonized/1898.rds,263,5edb7eb83adbae372130be5749561a6e878a2e8700503cf999b7c69a1cb62894,569
harmonized,1899,harmonized/1899.rds,1,388327dcb727553f56a0ae656564c33efbd0456a9353c3902259b1f837e20006,208
harmonized,1900,harmonized/1900.rds,1,c9a3b9f167ee0cdfec1a5a75089a7904e49ab8141532c7328275f4cbc6c50e1f,210
harmonized,1901,harmonized/1901.rds,137,12efdabd1e9924f845f60fa5b8a8f2caf7a8920fb3a605b1153bfbf91d4013b6,544
harmonized,1902,harmonized/1902.rds,68,38efd6eb554fe639ec659e4e046a7926c842ed738afa8a086ef842089fcca0f8,356
harmonized,1903,harmonized/1903.rds,1,ff131756478a18052a2638d438a0c1fb97c720f88a1407fa7caef6db42b8efbe,209
harmonized,1904,harmonized/1904.rds,1,e7e8a5e903a80ef5a8f5474e68c6565d750c928c3cac060439edebd8189d15d1,206
harmonized,1905,harmonized/1905.rds,19,3f5bbc884a2c285a3deac918141a2938b4cbcc0340e8e5f13612074398739e6d,271
harmonized,1906,harmonized/1906.rds,43,f4c55ff6aabc43b77bc32620787d7bc9337ba9f164bc1e91b8194637998d8236,300
harmonized,1907,harmonized/1907.rds,29,72cb9488810fe2aa1562be25a676c2399c77cb20efd31e3634ca28104a2e22dd,277
harmonized,1908,harmonized/1908.rds,110,b9eb89bb4c770e120660ef7a18e0ec69daf53ffbdcb8f9a93f42ccfead94738f,411
harmonized,1909,harmonized/1909.rds,9708,ab708ae5609b701e28d5684b1ba1fd3c04d1306abcd80ac5d8baaac17952ac2d,7459
harmonized,1910,harmonized/1910.rds,3397,b300ce95377c430778f73e79cd8ba83b019fdd6edfcc9cfd9d51b316ca0d9eed,2689
harmonized,1911,harmonized/1911.rds,84,18045a91f3d09aa5dd78373c157b17e67a2a089b5779e9eb6e8e790bc3624bb3,412
harmonized,1912,harmonized/1912.rds,33,801b0aa73a7cd4561bbf1fd4b74e502b3e75afd67a13cb5b68f8370a7a501277,293
harmonized,1913,harmonized/1913.rds,84,04b6847265d287ed4e9bef4eb57cc444eaebf44372c83639a05f8248a811f3a2,328
harmonized,1914,harmonized/1914.rds,7,6681aee66fb2d3997a2ac38c5c6e12ae004a2492403666a5501325f88f95d4d6,227
harmonized,1915,harmonized/1915.rds,64,158a2b83f1aea4abc7944f3a2621920614873019d07a40f013fe170227952530,324
harmonized,1916,harmonized/1916.rds,9,4d449ffb80746492baae9c495d1af27a773c5ab9a19f1346b88754c55a24b1b4,246
harmonized,1917,harmonized/1917.rds,21,f4475e839052dc068759ac73f37e7e43629b4bbf4cd74ac853223fc51576ca0f,281
harmonized,1918,harmonized/1918.rds,1,258bb7105a9d397da7dfd9b997dee1bca8aec44ca75de7c9563e5d64ee5a7d3e,210
harmonized,1919,harmonized/1919.rds,121,19a446c15e01867637fcdd60d771f2c182227e15ab59b832f3a4682df97a6cb5,430
harmonized,1920,harmonized/1920.rds,1,a80ec19400670edadc8919b45a304dc35a2bbe9416aead539defc9534281215f,209
harmonized,1921,harmonized/1921.rds,33,e2358e9e82333c2e04012e4ea7b629e0b853bc2b3ba737ded15befb698f10649,293
harmonized,1922,harmonized/1922.rds,33679,70de7b5e308f376db95d8cc16880e6d63a478a51c7e68561336ff0a6814d1b9b,24199
harmonized,1923,harmonized/1923.rds,1,637e7cd149f2617b363c73b4bba8d0fd0347150c93cd02119ee3fc811e076103,210
harmonized,1924,harmonized/1924.rds,143,59d425ffff216c8645ec821e8bf8f136b7dd6b91175b9e9480f09e1254cf09c0,549
harmonized,1925,harmonized/1925.rds,17,5dc512d50ec8190240bda6bca92e1cd42f865d57527b264f09d187a0a26a046b,258
harmonized,1926,harmonized/1926.rds,72,c9b656ac9ddea61cfe9f38915236886b1fea9d59a539f63547d3bd7f211cb7d3,379
harmonized,1927,harmonized/1927.rds,83,ef12dfcfb0c7aac1ae131624646ab3aa81c643b9987dd5d1ee1bf8e8e07dfca3,482
harmonized,1928,harmonized/1928.rds,266,1656292a004832a83f08b8745552e746d1d999be6c83c9ff5ca52f5a1ead63ae,545
harmonized,1929,harmonized/1929.rds,9,3152d5fa467df165a71ac4f645cefcc8cb2d501ff8109f437a8aa42302aa4bca,244
harmonized,1930,harmonized/1930.rds,2,0bf3673d61bd9c44a42455a7a622d37adb2f9bd52408aa4a777047468fd9a5ac,213
harmonized,1931,harmonized/1931.rds,18,1f5f5ac0cf26fd1559dada192c6fa241b81d16d37630108a6e53fd76798763af,268
harmonized,1932,harmonized/1932.rds,44,71be1f758ac7ab17ec11e898c04faada3fded86c835a7da156bd123b2daa73c8,325
harmonized,1933,harmonized/1933.rds,1070,ad609bf2b4ee71ed5c80ef1ff2d49df64150d7adef4588bf46644243ce147800,1136
harmonized,1934,harmonized/1934.rds,158,a6df3d00d27ab6ffcdb42d21c0bd7edf2fa66e0f768e83a2de6d7f94f591be87,471
harmonized,1935,harmonized/1935.rds,83,a59709c781831ee4b5ea6a34cd0a936980da687bf978ff2204f3fd40caca33aa,348
harmonized,1936,harmonized/1936.rds,92,3068bd4a11c033e2a8c39a75dfdd0e545b541f34d3e152e44e51102899304865,406
harmonized,1937,harmonized/1937.rds,14,0e4ab43351f203a963331fe999140570679ce939df160f53746704fb9c930095,257
harmonized,1938,harmonized/1938.rds,0,adadc686412c8a32c45fc2489b7ee54f6faaaf976b3b04409ca638c0bcd353b3,193
harmonized,1939,harmonized/1939.rds,28,02a6ddc342b96f99252978f802623e91865ce507cba8b4ae72b6cfb81ab65301,283
harmonized,1940,harmonized/1940.rds,6,a3e08224488edadd4c5daaa89b8cd816c7df146b7f7f91d48ecbd5c49ff289bc,230
harmonized,1941,harmonized/1941.rds,10,f01148738e5a285adabb924b891919c9fd826602abc99b67edbd4c709f7f7ef0,250
harmonized,1942,harmonized/1942.rds,72,1b53b7270862f167c029d6f62b4288f66844a616181a305bc954dcc07a1eb3be,413
harmonized,1943,harmonized/1943.rds,557,a1e1da63e679a8253684f08ab052b5fd0aeae7520c931a2e0509df248f9d8850,784
harmonized,1944,harmonized/1944.rds,5,9efd457ddbf4c1bb7d58638369172aded4dfe77e2d04e86d37cd6c8ed261ec88,225
harmonized,1945,harmonized/1945.rds,718,ab588fcfb34d48cab44d20b1585ff6679ac048ae6e0e94e64b18a874e7b72402,863
harmonized,1946,harmonized/1946.rds,36062,9cf521718b65b63ed99a22086881d0f3e85d1ffcdb37c3a5b22d4866ea500fb0,33317
harmonized,1947,harmonized/1947.rds,130,946761375fd784b38bacb59d4dbca5f79ccf7a01f2d7ca7f1c7cc86ea16e06f0,425
harmonized,1948,harmonized/1948.rds,8501,dca502e97f72cf7ef83ceec6bd35769a1a8b13d3dc2231be233a0198b3f487f4,5341
harmonized,1949,harmonized/1949.rds,170,bfb6738eabdd04cd17436d371c4eb45553aeff6888c4a3a4700e611765c5617a,514
harmonized,1950,harmonized/1950.rds,13,0616e609b4bc71de6e390c4d1286f29785fa2f56c053cb16d6bd2ef351fa2b83,251
harmonized,1951,harmonized/1951.rds,5,1e49d8cc7ccf77223283f9384df3f526eedf83ed3022f6523432b79aeba06933,231
harmonized,1952,harmonized/1952.rds,1246,9b1da421c2a34b75ba5f0a1c727265899da80732bace745038763d0d3ae68a2e,1190
harmonized,1953,harmonized/1953.rds,97,3e4a6c097adbee0564164bed2fd1010c920abf854e082c8a7243d5d6dc65e618,403
harmonized,1954,harmonized/1954.rds,75,6958b5a0a0bc8069645f61268018c6268accbba78beac5fe9e13a837b0e25b91,323
harmonized,1955,harmonized/1955.rds,77,0ebba05814e78fe9bc99ff9820dea953f2db3a8dee7585f79e693debc8c55ca5,428
harmonized,1956,harmonized/1956.rds,12,46fa5e41272fc4bc155fce6f23fd553a21fa05f70fde74a27203590779cba022,249
harmonized,1957,harmonized/1957.rds,70,c9de9285e842bff6f4fbfffb223f2002d3b3dff22a6af291b0fed3de19461073,319
harmonized,1958,harmonized/1958.rds,17,d22d05ef1166c4dd171d1b3a7fe12f75cd00e37d3e06074963f8b8608d49bc08,258
harmonized,1959,harmonized/1959.rds,133,0e73a6ffc60172b9cf835e36279fbd8816d8e87cc7b1c8e160b6952bd2182fc5,348
harmonized,1960,harmonized/1960.rds,104,3600571cae324588cbb0d1389b191b7d71ba37c1ebfbbb1c9f097cc2afe60813,442
harmonized,1961,harmonized/1961.rds,1,58bd7eb3bf388678f704da6cd6cc8a0e0a873055246817c01807c3ce306fa839,209
harmonized,1962,harmonized/1962.rds,5075,3e2b2e2f510bd3e19a1a5f7571d6ccb70c07e4cf3c3d4fa83f4972e6933a02b1,6417
harmonized,1963,harmonized/1963.rds,1,87d6cbac12a3ab5c7beff51a65d6664dab5c945a8db04d6d7910f212d5c60c3d,208
harmonized,1964,harmonized/1964.rds,252,d78044f6917450f6d166b634dd754457a95fa075b1050da0e891b516b4b4e16b,487
harmonized,1965,harmonized/1965.rds,1859,f4efd6053731010059243d821f893cb3ca534663a00987c2dd986c5585426956,1716
harmonized,1966,harmonized/1966.rds,1,b19a4d4aa29e299a7fe0ecfe46d42d4639f5b252eb0421e133d75ea130563671,209
harmonized,1967,harmonized/1967.rds,85,0653e9d99400582805a9f382b7f711f49298297f85210559d185c4f1f08abac2,391
harmonized,1968,harmonized/1968.rds,184,44c21cf6a7a975c70a058046659672de0729aef7063f92c1bed94570061d575e,500
harmonized,1969,harmonized/1969.rds,480,c28929152f1a9a378bb495f6cfdde6c007082118fdb57cdf9247e03399b1e116,668
harmonized,1970,harmonized/1970.rds,570,55b861e40ecac3436befd2a1ecbff83168472da7c89b10c3de2d83f48faaaa02,983
harmonized,1971,harmonized/1971.rds,16,bee849e846760d219ec781f2687c0036428a7f85b8329117e5eb34fa00762d94,258
harmonized,1972,harmonized/1972.rds,58,80d230646ed349728427959afb2d21637724b674831980b6b20e8d4a83a885c8,347
harmonized,1973,harmonized/1973.rds,2,628a1e18c89f506e1e9697b0e669e74e5baaa9ab41f238d69e30e20ec790e7c6,214
harmonized,1974,harmonized/1974.rds,6292,b36a7920e6375a61284be855f2d43b317ae7c99c0f8a4ee2fda9d56c3dcd7fd8,4170
harmonized,1975,harmonized/1975.rds,682,239c884a4617e9c0bd186c7b6a25ac5c4f80d5891fa9638b1e13714b72e1f5f2,998
harmonized,1976,harmonized/1976.rds,1,28afa4cf7f37634abb0b3652a1395fb6450ba2f44bc0f282d54e7cdfbb1a10d7,209
harmonized,1977,harmonized/1977.rds,1,957de9d243a722187e0d3d24f0e60a58801cf98638b1a698ce3d9977b07c9129,210
harmonized,1978,harmonized/1978.rds,13,2677a381c1e6917094639802a990d6b173c9340893df4d766f1ed8dc492985f7,247
harmonized,1979,harmonized/1979.rds,18886,d535e4426418882223888bad62edf44199812181aa4772dc74154b6e77736fff,17011
harmonized,1980,harmonized/1980.rds,85,7cf2859989e7eca9264718b983190b848ce6576314e555448dc1c33b791e3c39,371
harmonized,1981,harmonized/1981.rds,23498,9c33b8371f1a857fb9db54de516339fef0948553af796b0cf3b71b1f357984ff,15223
harmonized,1982,harmonized/1982.rds,283,71c07ff5b9e9c79b7b2eab2c6b9b6fc678e35e081fac1ab499fec0f28a660668,615
harmonized,1983,harmonized/1983.rds,8,b9f960d83035161c52c52ac7fafbdb520986e30a819dea59d81fd797b3221895,230
harmonized,1984,harmonized/1984.rds,2,1c7e0d0281db27d43c74bed3ca9c0073b10a7dfe4eff90c71a46f1e5e14b3e9b,218
harmonized,1985,harmonized/1985.rds,1062,5a7f20dea94a9689dc86884302c7faa3f814b2f40ddb8163d66caf2805c360de,1852
harmonized,1986,harmonized/1986.rds,4503,cdaf87dc0982eebcf040a91512b03d74cd54707d91b148615641abd85ff5bf3d,4425
harmonized,1987,harmonized/1987.rds,140,d7790cc75b87382b22876d04722c4ca3f29e5b49174a7ab819a353b29dbfd722,425
harmonized,1988,harmonized/1988.rds,150,cb54cf016d67d852688624a474ac26ac6858aae127d341ae33716c4402625aac,466
harmonized,1989,harmonized/1989.rds,118,5e6385aa74a2b930763c37e6df915e87f3668a3af48a153bba06240b16a44bf4,415
harmonized,1990,harmonized/1990.rds,153,5b7a573f3b08661864102707822e1967b45b0425fdbdc71f923a671dd6548a74,443
harmonized,1991,harmonized/1991.rds,216362,b0d8b80fd651041bf67526ef79dba9a3f8d750c8a91b8fb2a5eb376098d7ecc5,87950
harmonized,1992,harmonized/1992.rds,5,132fcb8b0c44a7dcb45c8476618a454683f1a9f284d73c9871334073bd9d3fb4,232
harmonized,1993,harmonized/1993.rds,2,aa08e63d28608869a9e41e69607753f18948b222c0f5c71fb5abdc90be63b2ea,218
harmonized,1994,harmonized/1994.rds,14216,f9392422bf13809c63359d806d672f898e37fe2d8540bcafc80e54cec34a0c9a,12466
harmonized,1995,harmonized/1995.rds,77,62d9e78d9970cacdf08c271c8d30bb411f65ae6a27152a740596337710efef06,382
harmonized,1996,harmonized/1996.rds,2,628a1e18c89f506e1e9697b0e669e74e5baaa9ab41f238d69e30e20ec790e7c6,214
harmonized,1997,harmonized/1997.rds,2,a4e87884a2ae8893cf0c87088dc626bd2941ada27991b3b7db88129cd00ecd2c,216
harmonized,1998,harmonized/1998.rds,135,c530d6052dfd3c0938ddc95c175b071dc98be1ed35100971858f5648c3151fe8,514
harmonized,1999,harmonized/1999.rds,1,218f0aa57dcbaee0f47a058ced672e2cacf2b0cb4366ebf4d3511eaee1a52c9b,210
harmonized,2000,harmonized/2000.rds,1,1056aa6718eff14020a6ab4b332c022ff5ca8eac57507c76d2bf424b128df628,209
harmonized,2001,harmonized/2001.rds,45,00f1cf0a78771d04cae7514287a5f1f87afb1b1f23801a2d5adcefff57437cf9,304
harmonized,2002,harmonized/2002.rds,31,6229e2b23eb9ec04e6bc987f9b13d76f9d6cd4a02b67e1798b85f0ec45da1f40,308
harmonized,2003,harmonized/2003.rds,19,73654690e294c3b0500dbad13f50bee7849fe146ce212b265561957f58db23a3,279
harmonized,2004,harmonized/2004.rds,13,b9a82a579a24dad7368c4a5abcce173c736e3ef3029b2cfef44827aa66415551,255
harmonized,2005,harmonized/2005.rds,39,c911944f14eba1c230cc7d55d3c33a031e0c4cd719a43de7974705ead320498c,317
harmonized,2006,harmonized/2006.rds,31,a3a88fe1b1a25ad6fdf64f08421415c7ad79adabc7afc3d9118030b7327b41b7,295
harmonized,2007,harmonized/2007.rds,29,1470205c4ae0994673e52bf436ffdfd78bb2327edda4709c8b5a4d0510a02725,278
harmonized,2008,harmonized/2008.rds,1832,43e73c4befc3e610227ccd5cf159ae93aaf63ec58918c938d22e7e12bafa0bc1,1754
harmonized,2009,harmonized/2009.rds,43,4f6d35b3953862b843ac4bc946a2bbe8efa81777d088774c59eb671bda546027,332
harmonized,2010,harmonized/2010.rds,14031,7c400d1708e5fe83a0ef9569a307e322da6c1406145ab07d8b5ccd8667d5ab5c,9374
harmonized,2011,harmonized/2011.rds,3,4850e68458d7f12664251fa11330147583a22496c3d9c309ea49598f33b02166,224
harmonized,2012,harmonized/2012.rds,483,935008c075eff072c6f8f67ae721a2c0490690fecf9f44b32edbe6dd8f9c32f3,752
harmonized,2013,harmonized/2013.rds,24,47361cdfe91c4b732d4fa3249fd6a94690afd8eda6896441db01f1fe8cff5c60,277
harmonized,2014,harmonized/2014.rds,63,d973783f1193bef41de92a887c1c5404d396c779289ade2edf4b0a0bf13db0e9,320
harmonized,2015,harmonized/2015.rds,35,9a8d2133b52e7ad988c60246729a04e553e1d2ad6688cbadca0239e961ae9823,302
harmonized,2016,harmonized/2016.rds,20,896573313428623a662b8d47cf4dd8978ceb67855bd8bf10be8fc3913f8d4a41,277
harmonized,2017,harmonized/2017.rds,21572,5da315044a305f9b1734d4a0b5d8789e383c178f2f97bad88bec4bfdc79f2d8f,18296
harmonized,2018,harmonized/2018.rds,4,38bcfb13eabe8545ba1fadb5998d7cdb757186827d24b7fb5b41c80051621a57,232
harmonized,2019,harmonized/2019.rds,22,ab87fbdadbb52c838bb7f05d5ac2958289c215be8b745fa4cefeccee8ab7080a,272
harmonized,2020,harmonized/2020.rds,3,62569f7dd1c53e20464aa2536eb507105e86f5e245a56d8206bda5f3cd652357,218
harmonized,2021,harmonized/2021.rds,4573,e7cfc82259fedd6f08685edf18b71ba2e17293b9b815442f268a7cb5716a1f25,3924
harmonized,2022,harmonized/2022.rds,0,adadc686412c8a32c45fc2489b7ee54f6faaaf976b3b04409ca638c0bcd353b3,193
harmonized,2023,harmonized/2023.rds,1,ce89ea3b51b403093b446bcaa4c09259584233b6b0bae78219a2efcac0ac513e,209
harmonized,2024,harmonized/2024.rds,27,6c6467fa4e42deeb410784a994b0b20f47edb501f2879720f15962cbc16ee14a,283
harmonized,2025,harmonized/2025.rds,3,b927e1cf4b6af9e1435d5c8dbe4dc6a80eaf191d186ce56f58492df68af930b8,217
harmonized,2026,harmonized/2026.rds,39,b01502d528d951d65154c7b616def683301f9ce0b059bee9104e378587c878da,299
harmonized,2027,harmonized/2027.rds,250,696188136de228d69187b02b10296209fb45a138c2be98b3ac10c37ec6632e10,545
harmonized,2028,harmonized/2028.rds,83,e5bf6019b270bab1d0983cb974ad48a92f4198ffc0eeba3d69fb84878cd20162,379
harmonized,2029,harmonized/2029.rds,16,3fefbf546fcb7fc84778ae0fe750345b80fa8eeb9a2559c43a113dc865fc3f27,266
harmonized,2030,harmonized/2030.rds,410,b31e740405789d170ce964bb4ee69801e0588693225a1634431c31afb513f95f,718
harmonized,2031,harmonized/2031.rds,886,6843c6077b48f111a6dd20ff186ac62000df127b001087470e0572534da83b1c,1413
harmonized,2032,harmonized/2032.rds,328,0163552aed04b91e22a117d91b75ab7e906c546e98b2f1bbc5ac1d6e3a898696,656
harmonized,2033,harmonized/2033.rds,70266,9f8b017ecda84e7540fc80bc4bebf0bd28917c0cbf2e5248a7b7ffc1cd5946e8,43349
harmonized,2034,harmonized/2034.rds,154743,81b3e35fb616d419e7b8a1b858f0b93e0530d6897f1f2304c79c0d4b721d7e94,57485
harmonized,2035,harmonized/2035.rds,2,afaf5f4222a0d23c1297724379bc304bbd04b701c138f6833311c3960357c911,218
harmonized,2036,harmonized/2036.rds,188364,db35a2cfa3e19ba2556dde1ecb0231e64044dd549d2c33eb6f52c03b90867bd3,95450
harmonized,2037,harmonized/2037.rds,1,19f25b1446f974ac4d5f786f01786de471b0f60c75191487ab78873f03339daf,207
harmonized,2038,harmonized/2038.rds,2,28cb39e8455189748f87fc1ff90a8a32e3da62c8fdce12553b01e38726ddeff8,212
harmonized,2039,harmonized/2039.rds,822,ff78b0deda3c943085d9e4e0eba6a2db3b749f5d27c3881c190fd6b8e25d9ec3,1377
harmonized,2040,harmonized/2040.rds,5820,54e180844705b49587aa6c155aaf5c4d2563f8fe38a8390f5c4e6a40fc23c31c,4124
harmonized,2041,harmonized/2041.rds,7,6d7d18d7906bb95a864049bed1a7dc5a3940f1c2616b647d28b89e5fe3afde52,231
harmonized,2042,harmonized/2042.rds,14176,cc196456c2604872098ddfddf561de6b883a626ff072eceb59a80d80b78fddcb,20308
harmonized,2043,harmonized/2043.rds,85081,62ed39fc6c0dfd7f57d9cf07267403fdcc1dbb9ff61aa4704c67639e78a7c5cd,56311
harmonized,2044,harmonized/2044.rds,1222,4dc823305491190f8ffa121d94c411a386d19480dd345d1a9fef8a219d121f71,2818
harmonized,2045,harmonized/2045.rds,662,6b9d382b76bef74a9a376a3a39580f8082ee3ae753461dd74f3e7502d0fe5bcc,958
harmonized,2046,harmonized/2046.rds,15,c3dd571635524632604122a8ea91b93bb4d18db3554239ba1c6a56a094889f62,284
harmonized,2047,harmonized/2047.rds,123322,c88b7ac429ce6e214fe188c3d5fa2f4c757ac405c1f4cd3c1d53a99af919d3e2,56941
harmonized,2048,harmonized/2048.rds,33365,bfae11b3c821732372703d88e12ad3a2bd7654f8ce0601850f5fc4c3dd344c4a,25972
harmonized,2049,harmonized/2049.rds,45730,461d3414d3e20962cedc9ddbd3a97fe1d26ad3b42834d7250664cc0c73cb794c,36335
harmonized,2050,harmonized/2050.rds,105,a09aa4f17f3c092fc5981205398af054c82cc6a037976229f82c18c1bb8184e3,422
harmonized,2051,harmonized/2051.rds,6158,cd2cd4d774acea3a08fb37345a626b9e26ba0db5907aa5559495fa0a857881a9,7556
harmonized,2052,harmonized/2052.rds,2,869ec1be46efee01cc29986de249a5f201a96801300a8a6be604e15cdce4df9f,214
harmonized,2053,harmonized/2053.rds,4,f9da447429005b2a0c81438da014e23097939e9077e64cac548f5b288616d3a2,222
harmonized,2054,harmonized/2054.rds,55,f7769025b6921df9b9b0d848a2e65a7806f29375b71444ea6442135ac0238267,342
harmonized,2055,harmonized/2055.rds,41808,96fd78138622e0be1d0a8753421cebe044bf6aa529ddf02e5dde354c25138685,42605
harmonized,2056,harmonized/2056.rds,6,98c0a75aa06830c74002c4ee4f7fd8efd2ef5e0317036bdaf1b27f817482b53f,236
harmonized,2057,harmonized/2057.rds,24,1fe9b308caabe5c096e9f2f9c77a26c8ce7294adbe49bdb7991bcbac6c15e1bb,274
harmonized,2058,harmonized/2058.rds,8672,11adfbc0a3246e037d86e839804141a3577cfd3aecd400de33d68f728521aa32,11282
harmonized,2059,harmonized/2059.rds,104,5fcabda89736946b571a22bdcf9d03b06c489eb7dff8643c8997aabebad17046,394
harmonized,2060,harmonized/2060.rds,11,55941bdb29e32ea861c83ddf47aa5ec76042abc1a1fef0e325041c2ba549d47e,242
harmonized,2061,harmonized/2061.rds,11,c5b38ea19460a9118f540ae8b131094563dffa68577b4f2bc56f208fcbcffe4d,256
harmonized,2062,harmonized/2062.rds,91,828084610ea60c60495c05616ce523e004eea46ed05701a223cf34e1da5e112e,417
harmonized,2063,harmonized/2063.rds,40836,4cf833f2c1c94a16ecd1a02e2cc8576db16e350fa8347498944b60824ff4d7c8,29143
harmonized,2064,harmonized/2064.rds,33162,fcb8a48d5a4c97bcfa12fabec5a5a953d6098a1d61e3588d733134fd62141fa8,24877
harmonized,2065,harmonized/2065.rds,44,5d60e3a2ae0a871017ab13185e25085b2e7b680e2670b7774670408467659720,335
harmonized,2066,harmonized/2066.rds,18009,ebb24d23dddf69ba58f96f3707e6959f63829dfde3e282edced5665090b7e02b,17773
harmonized,2067,harmonized/2067.rds,55,aa7f90e38811aa5a142bf150f0546446b38db25d49e1560a497e1aae9c6f65bf,356
harmonized,2068,harmonized/2068.rds,7201,28c1275156e039711f1fa36018a18fedd5169d132cc93048fe34317e597579fa,3722
harmonized,2069,harmonized/2069.rds,265,870083f7d6bb1a0d6e1141b8af78c5288a36e407d35c12fcb3d0396144997d2e,625
harmonized,2070,harmonized/2070.rds,7,658c7a4ac169b8aa728684d944b7bf9b3a7dc66268f3b7b8f2c95975339a5646,236
harmonized,2071,harmonized/2071.rds,101,4d019a02a1158edc87fae872545685748f3c0bb42bd6242f7b11314bc8d3f111,358
harmonized,2072,harmonized/2072.rds,81,49c9e6d47fd8170ee2970405a2cb376754a6361dd0c39d6f0eb4022e444c0874,349
harmonized,2073,harmonized/2073.rds,1,b15a01a91ec010d56b9d5101a752aee23f5a0294f6d9aa46985b7874210f14ea,207
harmonized,2074,harmonized/2074.rds,5,ab2ec95c8e502855ffce8080e615047ded28e0a56276e79595dd7082b1d9ef31,225
harmonized,2075,harmonized/2075.rds,169,c76330e2cef6ba6ce7b3819612bed793f31495e5a86c9204e4e48ce17c5caf10,441
harmonized,2076,harmonized/2076.rds,5,11894a50401589cb0bb08174aa1c13d30c7b44c58d38f2eb4f40e1aa6433a887,225
harmonized,2077,harmonized/2077.rds,4,7b30a844165d21404e0e0a595b723b612155ef711344fb1eaf2ba55729caf2c1,231
harmonized,2078,harmonized/2078.rds,5,46432dad80e707a4884b631bd2c3a98c6acff5858ccea351579896d8c1d3d159,233
harmonized,2079,harmonized/2079.rds,92,eaa5aaf19604ea9cb56244381878a03ba27b344715aedbef6a78eecfae502fa3,375
harmonized,2080,harmonized/2080.rds,8,92fbc5874739072ebb3bf48b43fc4a448615f4a0908af5f968ac1906eb017219,239
harmonized,2081,harmonized/2081.rds,51,fbaae278f37b66f6cc6b4039e0d68b4f00c1e56b2f5654073eeb20af4478f157,329
harmonized,2082,harmonized/2082.rds,16,eab628b9e3c58f29d8d0c42c45d3fe32ead9668c4412505c64e6d7a0f29f599e,281
harmonized,2083,harmonized/2083.rds,24,4dce995a0d97aa76705533f4d44f288b011b7837e2753b8a1ab7df1b586f250c,278
harmonized,2084,harmonized/2084.rds,4,63a5fd389b5f6b06a2318ce51ce3d3bf1981f07ad816e0532fc76d5974a958b5,222
harmonized,2085,harmonized/2085.rds,116,9ce9aebc0a759f36ae5d9165229f3613d38a61b0002f1eabc829be524342bc3b,366
harmonized,2086,harmonized/2086.rds,23,f239956bd0053d2eed57cc167d36ceb8394cc745e3f7f6f13346f30fa7d0fede,274
harmonized,2087,harmonized/2087.rds,702,5ea650cb4f3ee0a867aea45b97f0f8320d86a2e44c1dcecb4197bb917fd7b7e6,967
harmonized,2088,harmonized/2088.rds,63,e25f122dc70ec11e6b84ae92ea12bf066812308008d3539875b77e42ca2fd3ac,339
harmonized,2089,harmonized/2089.rds,12,d9b031049145fa91ffc9c4f2acb75b8924a46ea7d7d081fef1c6ad3f79c106c1,259
harmonized,2090,harmonized/2090.rds,7,c3f74cce4e4e522e9045e16edf832ff285849abc8c9efa4b38919d4bd8a8ce99,235
harmonized,2091,harmonized/2091.rds,4,1df98704624434b3d29b9c50e2c4015022b08b6ced9c8a3de8c7f72b09b4f9bc,221
harmonized,2092,harmonized/2092.rds,45,01b0eaf3cd5e881d35acaeb2a2fdd41a590a3f5f1f26c047386375924d6a7ddf,307
harmonized,2093,harmonized/2093.rds,5,c3c831befdf98ffd71a8541c51930adfe234852fd9f49b984731760ab6b6a1a7,229
harmonized,2094,harmonized/2094.rds,0,adadc686412c8a32c45fc2489b7ee54f6faaaf976b3b04409ca638c0bcd353b3,193
harmonized,2095,harmonized/2095.rds,1,c851758e3d905acdaccf97821bc94efa73708551fbca75e01d0788110f46e25f,210
harmonized,2096,harmonized/2096.rds,4,7eb4eb81bf56b501490f4a014c76ee9236aedd18129c47deb402504cf2c944aa,221
harmonized,2097,harmonized/2097.rds,5,7d2d095336a7768d0fecc228e0c4baa9d5595ba68325fe9a815474a8f970ea6a,233
harmonized,2098,harmonized/2098.rds,9,b71822d022c2fccf8673ad729c7c0ec7a9577f6b8f2c39f2a7a3f065e5b0925d,248
harmonized,2099,harmonized/2099.rds,84,7480f98cb5dcc357781e9c74161336c9051fe14b15bb09285dfc28f7313ba7cf,356
harmonized,2100,harmonized/2100.rds,68,eff809af7cc9b03b15488ee520f0d6491750d25ae8521516bbd4590126caff7a,357
harmonized,2101,harmonized/2101.rds,2,628a1e18c89f506e1e9697b0e669e74e5baaa9ab41f238d69e30e20ec790e7c6,214
harmonized,2102,harmonized/2102.rds,164,2e0952841adeefbfa4cca798aa8ee82fdbed6e36cd9070e080729e41fc8e87d5,380
harmonized,2103,harmonized/2103.rds,43,554176e2a233a1a8f7e6c3e4b7beca25d2f7bd20f4b2c47271e25b6cfd728e4e,310
harmonized,2104,harmonized/2104.rds,176,53956dc1aa43a4fd79bed1d538c4b12ef24e19e512d8f9e064757aacef8e409d,553
harmonized,2105,harmonized/2105.rds,41,81ffaa8bc9995d36b7f9abb375ea564f6057356846153a8879dcf336546f218a,301
harmonized,2106,harmonized/2106.rds,4,9ebcab84a40bc36e2ac279ab381462e7d29aa9bea1574e21bf548a9ca5f65450,223
harmonized,2107,harmonized/2107.rds,30,f8cf9ba5ca729ce5abdc3c346c16a981a74aa52a11d903b9556931ea1f510534,291
harmonized,2108,harmonized/2108.rds,626,416b903f9abe02d7e478ae1b2c9d6d0e4c8b3ae831e124bbc51da50046ef44c4,972
harmonized,2109,harmonized/2109.rds,1,8cd26ae107430e0336e499f6b22288912a33c514ddca32181f08d6cc617f71f6,209
harmonized,2110,harmonized/2110.rds,43,15aa90e1f5866311a200526fbeed960df9a787a3c5c7429995913eb4c84292ae,293
harmonized,2111,harmonized/2111.rds,23,6c45297ff324e40b17f565c6b64d44410f8d78146d088c84353394b7256bc787,287
harmonized,2112,harmonized/2112.rds,1964,62740b670fed964b7cc66bfdb9df91422d6cf8a59b1e2d1597b5e27610839d72,1748
harmonized,2113,harmonized/2113.rds,1,ec9a8e17359fabde4df6c70c26edbd05c3c64e46abd4c1b05ef5f0a1136d4fc9,210
harmonized,2114,harmonized/2114.rds,570,6c9e6d106a8119fc7aa5ffb271618dcf5dcddca534f1cbf622ca30073c040217,1010
harmonized,2115,harmonized/2115.rds,252,3950b17b73f6a87b8efe9a7cebfd5a8d73b98e955af05c2e26dfc9d41ad9b9a7,510
harmonized,2116,harmonized/2116.rds,16,8dab514def3005403a20f83472d1da10fe1db5001a8291b4683a0c57fdf83b66,277
harmonized,2117,harmonized/2117.rds,72,f9183c404653fdaf37ad8488f45df931e6a23a66c448b3f1a3938da447e62988,355
harmonized,2118,harmonized/2118.rds,50,1bee4fdbdee63a5b3c593e4f8175b65b15e958b584cd54b4f6cbf1837e687dc6,350
harmonized,2119,harmonized/2119.rds,39,8be3993594050dd631c3a8f3738bbb6b694785dc81225d40bc608867954f0c15,294
harmonized,2120,harmonized/2120.rds,29,8dcb34500ca339614312b8aa02bab3c04dfaeb2295194825007a733f18a13b56,293
harmonized,2121,harmonized/2121.rds,172,cf3ee57a007ce24d672f304007df390298d7003d1a28a07097175ffb9037ba8c,452
harmonized,2122,harmonized/2122.rds,1,cec7cb2c41627a943bc9f8c2bf51615144c64cffd2676eee1aaa8dc00cd1f974,210
harmonized,2123,harmonized/2123.rds,9,ec71780797cae8421a9e31907c378644e73864c81a90627901a3063d915e4ead,236
harmonized,2124,harmonized/2124.rds,16367,3fec439f65f41dd9d61d2aa2ad762d90bf6467b0a65897268fa431a9ee68c037,16849
harmonized,2125,harmonized/2125.rds,17,bdaf9204fd97457d8fbcb468dfe598a4f7bc0502b8fdf071603cf5fc3098d6f2,270
harmonized,2126,harmonized/2126.rds,251,32f1020e8daec30ae09a139fd829f182ec0656c965876ecc596c229af45ccd73,597
harmonized,2127,harmonized/2127.rds,377,411f4f9eeac802ff056c65a50b22e88b4fb5023124d0be52cb299d22fd17ded3,620
harmonized,2128,harmonized/2128.rds,49,418c1418be6520597f9b5866714cd1e7f9f4f453fd3f924c1c69ed458397caba,306
harmonized,2129,harmonized/2129.rds,1,90118c70f236f780613716fa14394cea332672f64a3c4e9c4c873ee97917895a,205
harmonized,2130,harmonized/2130.rds,1,27329c89b6b034124a9b6518f885f035b1d3ab820647e66f5bffc7836aea1e92,210
harmonized,2131,harmonized/2131.rds,56,ba0ff9733c65141fa8cdd96046826bd944934c62ef5f4dd28f86b66d891da76f,339
harmonized,2132,harmonized/2132.rds,88,d2f741d99dc0f5ad5f62f7e0efba7787be06f3b776a61aea71e1ce223a780d0c,366
harmonized,2133,harmonized/2133.rds,34,31e6e7cf34e04c87a7d1e24621e494a6eb690a8c8e1b8e6e048624289064ec2a,308
harmonized,2134,harmonized/2134.rds,37,d46bb14605b7f969d2ab3424f1433b6b2e11849c7a9c6a568e12a2266700a33f,327
harmonized,2135,harmonized/2135.rds,1,4408f4e5964b290c10d40ec0da11c2db090ba95c7b14f540ddb9b9b4db3591e9,208
harmonized,2136,harmonized/2136.rds,64,8d00338deeeeb67789da3520cb09f7e41d037110a1f0e2cbff608c6b397d0aee,359
harmonized,2137,harmonized/2137.rds,44,46d620b85ed42bc597fc71f04515d981d49c9cfadec92e1ef24827820cf7a2b9,313
harmonized,2138,harmonized/2138.rds,1,c17b9d608f55a0dbcfb1d3cded5302ca66cd238c8c742ab1a9817f406ed00296,209
harmonized,2139,harmonized/2139.rds,255,6470fcf67c419bc9e77077d5add84cec62504fee86655b7b24e45fa86d7515c5,608
harmonized,2140,harmonized/2140.rds,84,52468d833467881e920ddf96c837231e4c2a2dee61eb005dd54308588c90ccc3,355
harmonized,2141,harmonized/2141.rds,381,e86dec568f876edc110154478d534aa76045c2dfd57fd39602b2e291fdd68ee4,769
harmonized,2142,harmonized/2142.rds,481,0bb6c16876f3b2b97e91effc5e32b5542357af57f4732182050136918b050743,710
harmonized,2143,harmonized/2143.rds,32,7602641f51794aea8053125e02877a5f3b0c02d9a0155eb3613f0ec42531d374,295
harmonized,2144,harmonized/2144.rds,49,3f2bdda2602528814d428049c9534562caae365cbcdafac89f0f9b1502fa7841,355
harmonized,2145,harmonized/2145.rds,38,03c874d2a7c026dc53ab1116d0e7b30a852876eea82e3e58ca3cd112aadbc662,297
harmonized,2146,harmonized/2146.rds,30,2d2aa135c22dd2238274ed6b0444fe9c64e4d1e13ad627823e2fc67dba0b3cba,291
harmonized,2147,harmonized/2147.rds,228,34d13f19b15dac2314a801b177b5efda1e12592fc6aa1a468acefe6c92860138,513
harmonized,2148,harmonized/2148.rds,597,473cd67d1147a6211a3a104ad55ffdecc3cc6d246c7ffb89b81d9b3bb6579e8e,796
harmonized,2149,harmonized/2149.rds,43,8ae3921797f7dfc9e5333d02c7f7b194f1498b6383569294ddd23557faae6121,304
harmonized,2150,harmonized/2150.rds,12,09230a2dc372a1fa59f619ec7d6497c82d6538ab60f0cd283aafa4271642ab89,251
harmonized,2151,harmonized/2151.rds,89,d163d8b607b99b5d64ebefc31da65d96cbd6dbd941d0217e58bc87e51bf97da2,366
harmonized,2152,harmonized/2152.rds,10,603e6b1f8fa9a814a691ff8cbae7e746fa20ecadc006316bb5b1e0c15e77f199,242
harmonized,2153,harmonized/2153.rds,26,ae14d427218e000d8f0d7c5a40d723b30053194a8023b7a8a5d7b2614cd3b30f,298
harmonized,2154,harmonized/2154.rds,35977,f6058ca1ff13bcc32e38fc772f8bf9630bce64945c4726da0f28fa00bc491376,24657
harmonized,2155,harmonized/2155.rds,40,6a8f110cd3d6843dfabf3676118b5f9e9ab64ee8d6c00fb10438f7730ffc3da4,306
harmonized,2156,harmonized/2156.rds,7,d4e0bcac58a405ec69b9b4845f827eff0f23917c203ffc50ea98c76110fc8e06,242
harmonized,2157,harmonized/2157.rds,9,761f65ef74d992d6dfdd8c720f1a67d96b5587965f12226f565004037cc6fa7c,238
harmonized,2158,harmonized/2158.rds,7,391d58ee7ec1257db7934b2a28bb312cb7832a46d5f6461f336214931eab5d64,231
harmonized,2159,harmonized/2159.rds,351,8a6c24a685fc1d6a8af12f0706094090c2735c0e4c720959f89855b588a7c756,680
harmonized,2160,harmonized/2160.rds,24,53147b16daea444ac1604ce46db9c3e8877bebce064ccf1dc7f39971188b755b,286
harmonized,2161,harmonized/2161.rds,20,97a113d50f791eefb34d209723ebe09e56542d32dabd6295a62b8c2a5cccee84,262
harmonized,2162,harmonized/2162.rds,28,c454c475832e10e9ee584370ad4aa49dc3ae6c22359fe8cf4d4b5ce602461f3b,302
harmonized,2163,harmonized/2163.rds,266,8d63bb46079ac8ce31ad9a29531eda42402d0bc9bef1ad62afd5d98d410445a5,609
harmonized,2164,harmonized/2164.rds,1,fc7dd0bcf8ed2e8c69acf0b440cf146031a3e54155568fc20cbcfccefb3a04ea,208
harmonized,2165,harmonized/2165.rds,40840,3fc6045ec483aa28f9e6dfb95e35d47e37bbdaacfcb6365a00d25d2171a10472,29259
harmonized,2166,harmonized/2166.rds,3,e837a81031dd352ce880ee3f29a3eed34e57e5b42d823639f02f5c07268fba9c,221
harmonized,2167,harmonized/2167.rds,1,ab75f8c1a1b71633844f7168dd761b7a895810a7d10600b3f01c0b68bf04086a,210
harmonized,2168,harmonized/2168.rds,1,b8e2fadce1d821f3088ca317d6f1af3c83457e16837bc061263193d995ebd157,209
harmonized,2169,harmonized/2169.rds,11,c816b681e3a1f8d6766673657342745936dcca1b4877ea4a1420fa769755f43c,255
harmonized,2170,harmonized/2170.rds,6,90482e9f9c7cf1f89690c7483f9e3ce943fcc50df05578d4b268e90bcd748cf6,232
harmonized,2171,harmonized/2171.rds,7,1311c70620f10712caad0e9382451511dc9193891e321a292fbeb799e8d15774,235
harmonized,2172,harmonized/2172.rds,5,65822a45146fbb62b8fec744398c3587f735f5246d2b7ab28f790b9647febea9,233
harmonized,2173,harmonized/2173.rds,102,4cdcd830bb4c7e14b08fae8c34aefd3e71daf4403ff24a49d7d3c040aa1d9b4d,421
harmonized,2174,harmonized/2174.rds,22,7f6cad223d01a3cf4aafe2ea1be6282a0c547a655a5202a12f0ca32d324215a3,277
harmonized,2175,harmonized/2175.rds,111,9c2dd5ec092fd8bff861ba97f36e4799147b15a23f3a288422f4364d6c9b85b4,389
harmonized,2176,harmonized/2176.rds,241,193e55034535e6b7a2c11abfd79edc77648d2319bd24ff0b4724b04bc39cf85f,651
harmonized,2177,harmonized/2177.rds,1,1c8d093323d8aac37963c0854d2b867b786b86ef92060bba9c8601ca2ddcdcc5,207
harmonized,2178,harmonized/2178.rds,23375,df862a1884172fff5a79a0a2e092336fd3a86a5a028b4a4c40e5b8f2f92884a2,21916
harmonized,2179,harmonized/2179.rds,4,4e8d127e02b54afc76672fa7b41b5610c5df4b6cc049a783612bfb4acf861c1f,222
harmonized,2180,harmonized/2180.rds,2,628a1e18c89f506e1e9697b0e669e74e5baaa9ab41f238d69e30e20ec790e7c6,214
harmonized,2181,harmonized/2181.rds,49348,563f433555554360c600db62613ab3ce99a629d4c5c644ab75112dc75654d580,30010
harmonized,2182,harmonized/2182.rds,38,45721feecd94d756ad5dc4a806fedd9615bd67464268669c7e9471ee406257f4,301
harmonized,2183,harmonized/2183.rds,43,8723987c7e1996a40284fd15f1d029ba08819e5df783c0540d78aa6bddfa4cbd,301
harmonized,2184,harmonized/2184.rds,8,6c4858d97569146bfad40fea945634c278dcac2b5a02df7c2a05383268fe0dc0,242
harmonized,2185,harmonized/2185.rds,1,ff131756478a18052a2638d438a0c1fb97c720f88a1407fa7caef6db42b8efbe,209
harmonized,2186,harmonized/2186.rds,54,3173afa6210e8263a311951f3b1cdd2d4cb301f576367f0f54f12f62e0019086,322
harmonized,2187,harmonized/2187.rds,83,d8a680021e681c2b936724614a057e3845c98617aa6eeb140c53a3381decee2b,350
harmonized,2188,harmonized/2188.rds,148,5c34079c1be359cdd7581ca1dc6fbac9fec68c4fa2fd46b62a416bb13ddbbc84,357
harmonized,2189,harmonized/2189.rds,72,59ab7613d95d0f67dfa8b9315f05c978539d9c687f63d57f6895785526aee143,358
harmonized,2190,harmonized/2190.rds,1,5a6024e07ccc15b588a094bb9d403734eb5d3a2a4c809c0c017fb3817faa3c37,208
harmonized,2191,harmonized/2191.rds,3,94d08739580915a7aff96ab229b5c21d87039082db22f6f70dbf75894c100d8f,227
harmonized,2192,harmonized/2192.rds,12951,03ca49a97991f7ee0ab21b00261fc150b82703e9886732f70a4a1801612767af,9511
harmonized,2193,harmonized/2193.rds,1,298c7b9895b1b893bcb4179468d37145919856f7b4a4203ee9b41727acf40ae5,211
harmonized,2194,harmonized/2194.rds,3,f6d548d3f06f3cb38e4a38a11d8f58c55af2173d8eceda895bcf99c865a113af,219
harmonized,2195,harmonized/2195.rds,816,1ea502e5f8bc31f758aeebbf2e91ebaea9988af48fb52fb9dee25449ad76898b,1186
harmonized,2196,harmonized/2196.rds,36,bf910a7b856912aa034cb1d9ab463e0e704ddc7b26794593344b1a500429b8bd,290
harmonized,2197,harmonized/2197.rds,1,6a7136002f61f736a851afd8c6bdd054c1040f8dd2402a846e6d5fcfeeca5dbf,209
harmonized,2198,harmonized/2198.rds,49,d652e92855075d59640c21c4eda61a04d1070d60bc71f0ff52f4d196ea2387b5,353
harmonized,2199,harmonized/2199.rds,74,39353ee71d9f127a1832e50417c31c2b11952774b7f9e8fd19796af0175575ab,339
harmonized,2200,harmonized/2200.rds,2,04b4bb0e1109c53dc42639847594faa6d47a792b303f4281ba598df4d221303e,216
harmonized,2201,harmonized/2201.rds,2,b527da37a4575d149725c360f699aa6dd9d5491af44ba1b335dd299eb7ae3326,218
harmonized,2202,harmonized/2202.rds,531,bdef661f2417c8c44ae50fd74fcbc79fdc94bdb8a88319cbab76bd81d08e54cd,785
harmonized,2203,harmonized/2203.rds,232,3c43104a701b2687ff1a8bcee50176e7ce69626aaba1c36dea591196f9f06427,611
harmonized,2204,harmonized/2204.rds,160,b0abe85f87db6f57c7e9891a38a26d92826adc77eff0b88d2a2f01bdeedaa006,523
harmonized,2205,harmonized/2205.rds,38,68c28fd6fd45f1ded51bb0154d1c18984004a34aa4ffe2b806fe0747c2a42bab,294
harmonized,2206,harmonized/2206.rds,2,628a1e18c89f506e1e9697b0e669e74e5baaa9ab41f238d69e30e20ec790e7c6,214
harmonized,2207,harmonized/2207.rds,6,1a029f22a066bedfd3900ab4fa7003bd2060242e8e523aeb66925e87a5243fde,233
harmonized,2208,harmonized/2208.rds,101,eb4866777fd61ddd124c8449c89a60fe22ba5a57010cf8c6b3f639abf84ea085,414
harmonized,2209,harmonized/2209.rds,114,4625c6522fff52c007eda6d6e8c9b3d7faec010d080bb60921a8956e3d156982,471
harmonized,2210,harmonized/2210.rds,67,79646c21efcd5a3f7f4aff1db553de458ea22fc8a0b67f238d2314ab17e79e24,352
harmonized,2211,harmonized/2211.rds,11,ac3f399dd8515c3a9b85f8f6294531f2495d248dcf00bdd4fe02f1d01b6a91cf,248
harmonized,2212,harmonized/2212.rds,158,676a131ab2c6ea2c44a540a3f604d83bb287a7cf8dd3911a4cad7efa74db2cc0,483
harmonized,2213,harmonized/2213.rds,9,28111cc36833823983521f7b8ef01198d3c27e4b1ced05b7da5f41f1c67fef34,247
harmonized,2214,harmonized/2214.rds,111,40c853e1dbdde3573594866de31e1d9a9c5a4cea3525ba3f0796548b8aeb4f49,414
harmonized,2215,harmonized/2215.rds,15,46328d7d9fba8e2fb72e591b8321e4dd6d27ede2bf746357f6e6207ef425fd42,276
harmonized,2216,harmonized/2216.rds,32,cb5180578b5c00c8aa0b02dcaf9673cf50e0519d65f9cbaec67e7f8e3b043ee6,310
harmonized,2217,harmonized/2217.rds,8,3fc3b9941b02699bc0ef084f60531bb25114ed9e7d601d040ba2eb404dad6875,251
harmonized,2218,harmonized/2218.rds,847,b18c96ea575e7bf1c5144a980b7a2b0642d9f589c2bfd82c3140f1e454b73794,1067
harmonized,2219,harmonized/2219.rds,114,781f76dba7e71fc35c0bf21cf62984988b3bedfd5672bff02ddf7e1695e62b1a,377
harmonized,2220,harmonized/2220.rds,7,f6bbf9be6ce5d63c5aea932b33961faa7eca91e745a0b219a92c4c66932f691e,233
harmonized,2221,harmonized/2221.rds,2,ff7ff6b9f94e914493319fee586226184f406b4acbfd60d9bd401899bdeebac1,213
harmonized,2222,harmonized/2222.rds,76,a33c69890de90a57108ac40d53a6672e4e4af8fe19d48e728b38c64926aefdf0,350
harmonized,2223,harmonized/2223.rds,2,628a1e18c89f506e1e9697b0e669e74e5baaa9ab41f238d69e30e20ec790e7c6,214
harmonized,2224,harmonized/2224.rds,23,9fa498b234de5313e34c3c24cde98a5c7af952063c6a767198b27bc5fc7bb2ea,270
harmonized,2225,harmonized/2225.rds,1016,6a427f88ef2a0d089f77852812a735c460a190c198cd4a502178659ab9ba51f0,1143
harmonized,2226,harmonized/2226.rds,15828,0769a4def79e743afa5b55c30f68732d5e7989740547b21ac9327e63e53ec65f,13290
harmonized,2227,harmonized/2227.rds,84,9740560967b75e4d86a1756bed1664ade03254822e5dda2e22681d8dd92f393b,358
harmonized,2228,harmonized/2228.rds,372,81a3351226538f15b843213b9767f42bf5b6eb978d237109572d42e071ea5800,593
harmonized,2229,harmonized/2229.rds,26,ec829c41e8b8595fa7673ee89bbc94cca63f59f5a8385404898f8e5219bf106a,264
harmonized,2230,harmonized/2230.rds,2,ff0b9ebbebd091018d98093856ed57d55e986044d67b9b0cd37b50d10a9acf20,215
harmonized,2231,harmonized/2231.rds,14,7483246afab6989b37a289416f02bea5dae9d85eec159f2fc9e5552f331000e8,249
harmonized,2232,harmonized/2232.rds,214,e56c7e5f7ee231b5ac079cbf59914cba6bf5c098c4d783774e560ae4718470ea,487
harmonized,2233,harmonized/2233.rds,40,d82fd5f4d5ba64d924a165552d6f00afdd79df9160de11b47c908266aeb2d22d,298
harmonized,2234,harmonized/2234.rds,126,c4199a06a417ed95a91f81fed29cc8416b2e5fda8f247a2ef8645412cfa6f9eb,459
harmonized,2235,harmonized/2235.rds,10,730a894a91cef9180f4955999b1ba3bdcfa60ae117c5209fd44ed185636fc6ff,245
harmonized,2236,harmonized/2236.rds,2,7a0d8693e1e8e27db70ba16b7baf1afab3042d7698e376b658599b9be555ad9f,216
harmonized,2237,harmonized/2237.rds,27,00bcd6240b2a4def2ed6bd818a6dee03c8e3d0c1051fb074b976a1c047f0357f,277
harmonized,2238,harmonized/2238.rds,66,f68189766cf39f3dcbc96695058e688aa3493aa702c0f51ce6b461f6c8fef8fd,339
harmonized,2239,harmonized/2239.rds,24,2099da1a0c76256061596fad3de213266ddc565b0cfbe58bca8cbee9371c24d8,273
harmonized,2240,harmonized/2240.rds,931,b0f28a0e4306af95e9fcd9e123f40f1f91c820d2959b4d5d4974d03ae163d665,1778
harmonized,2241,harmonized/2241.rds,38,cf9c4c163271393ee1c1cfeab7477115814a7cd77d14526ee128435af0fe7680,307
harmonized,2242,harmonized/2242.rds,7,1a94a53b5b5355a5f25d9a9f838bb8ca0e9b92bf941bd3f6f10cd4bc10927ec5,239
harmonized,2243,harmonized/2243.rds,33,d1e0d0e1cd39bb45abb419b49e2c34e98d0b951a1c95e16f437539cd91a2a9c1,286
harmonized,2244,harmonized/2244.rds,254,edda160b5fe73cd989b924fae119fc7e1a35cc16204768cc77a9829342ebeea5,516
harmonized,2245,harmonized/2245.rds,7,ea4e55fbc6ab850b4c80f0ebc1a06cac0091fcd80fb35c144f8e54cc019e72f3,233
harmonized,2246,harmonized/2246.rds,2,0a7d0033d3f3bdc3e7fae0ccdae559192e6ee99f18cc9b8c0825ccdd396334b1,213
harmonized,2247,harmonized/2247.rds,3,40a610f2873aedab296a7610946247f7629cfd6975c8cb17f2a8993a09cfcd59,224
harmonized,2248,harmonized/2248.rds,14,fff03346f566b07d9d534d0b0b538ef5161fd61669420643315c31df0a6c4d3b,275
harmonized,2249,harmonized/2249.rds,113,c45ad2cee397db86baee980908e3d56199559d1b69cb43294df3516fac3e3122,499
harmonized,2250,harmonized/2250.rds,170,d198c7aa9ed921707ad20a5ad6074b3c840e32df97105c789338d535b3e6f1eb,432
harmonized,2251,harmonized/2251.rds,10,43b8d6fd14a01f9558428b220dd9f222f4ff35517c0def57f1ad8f40ea5c5bb4,246
harmonized,2252,harmonized/2252.rds,1,56232d11c661fb0dbd264f1f3e26a995d51798662c792962c1dd47a7c0dfee1d,210
harmonized,2253,harmonized/2253.rds,306,f95ed1b7ee584c89a4bafa06ba859f0a981f7186f8720e3f9d943b335bcd2bc0,456
harmonized,2254,harmonized/2254.rds,16,5174f5e58cca715129952f50950b802dd0e6a6bc68bcdc1c6ef7a93302a3fe3b,277
harmonized,2255,harmonized/2255.rds,282,aace1fdbcec71872cb6999369ed33ba44a4182016a109ff818a14ec4ae69c3e2,1072
harmonized,2256,harmonized/2256.rds,24,0de8c6b38f833bbeb0ea31bbdf4e5a8d019d41208155996c5d907ce33243822c,288
harmonized,2257,harmonized/2257.rds,17,aeb33286cdafdbc539cd55b9e2817e1fa3f4173db1c1b0a1973fb9990794b0eb,268
harmonized,2258,harmonized/2258.rds,5147,216ba4dedc51e7cc28937359fa7cc8a1086453268fd2e01c6f2371ea531884a8,2624
harmonized,2259,harmonized/2259.rds,4,ad940db51939acff96cf4a1a7967196a92254dcc9b345130e508e8f52edb7f4a,222
harmonized,2260,harmonized/2260.rds,19842,1a43f32058d8504c784f3c995b867397882c3d37055950855aa7dcc856b2005c,19644
harmonized,2261,harmonized/2261.rds,3,1342ad1ddc1a6b9d1c7a9d6471d82214c7a3799f79d41c0e3b93c6de4fe3b103,225
harmonized,2262,harmonized/2262.rds,1,11a81d144c79601d5458fa80fb61e16e8208ebe28785b418b815c4fe3e11ab8b,208
harmonized,2263,harmonized/2263.rds,1,3e15dfa8bf1373266e3f3b26ad19cab97ca0f1ec06a0f2eae73d12075c1de9bc,210
harmonized,2264,harmonized/2264.rds,9,7d928275269104d1225b9fce7fe161ced9ca58ec744d4d0c2d740060d380a10d,234
harmonized,2265,harmonized/2265.rds,4,8053298d7ffee31ef8c8da9f769c6239a8eea60b76e345c9258d53934e28d3bb,236
harmonized,2266,harmonized/2266.rds,17,123641bddeb0a1b2512d7af33f36bd06fdfd134db0c3489eb44523e792f9edf5,270
harmonized,2267,harmonized/2267.rds,17,48e6921401767a812bdff2d901c30a8ba311a5d78485392553b150f5b6afeee5,269
harmonized,2268,harmonized/2268.rds,50,9cc9c20b21bf8b3c8d01072b6f7980c785e81785b35bdde21ecf4e9812216824,304
harmonized,2269,harmonized/2269.rds,0,adadc686412c8a32c45fc2489b7ee54f6faaaf976b3b04409ca638c0bcd353b3,193
harmonized,2270,harmonized/2270.rds,5,421502104209d4f81da3bac24f2109a5e1be1e97853042ba9741de47172a22b1,231
harmonized,2271,harmonized/2271.rds,1,b15a01a91ec010d56b9d5101a752aee23f5a0294f6d9aa46985b7874210f14ea,207
harmonized,2272,harmonized/2272.rds,1,1c8d093323d8aac37963c0854d2b867b786b86ef92060bba9c8601ca2ddcdcc5,207
harmonized,2273,harmonized/2273.rds,1,e7e8a5e903a80ef5a8f5474e68c6565d750c928c3cac060439edebd8189d15d1,206
harmonized,2274,harmonized/2274.rds,15,d7f9f9996462ba82ed4dd5ac1a0f67952991e80d862c6f8fb667b1352f18edcd,267
harmonized,2275,harmonized/2275.rds,32,a0c563c9f8c09e9ad1daa8c8d5d6a8a25034ddc216b9aa4d1dd4299fc9d9f6ca,289
harmonized,2276,harmonized/2276.rds,16,90f57530662a9fa6748d4993245dd1115d828ddf11bf3d4374af1630d81b397a,253
harmonized,2277,harmonized/2277.rds,7301,0a8ee524f882e6a20e2944ecf9809e3520d48138b7cf14a2276d93c145926034,5315
harmonized,2278,harmonized/2278.rds,71,c3347afbcfb06676827ddc93a4979ec2c1a7d469d0da3ab6919eaf51ac6d3539,387
harmonized,2279,harmonized/2279.rds,3543,bfcfa52a7e0a9772646e73ec4062b48ef4d44e3cd7325438d87a7ed99ec4acbe,5245
harmonized,2280,harmonized/2280.rds,32,acce468973edb6cd548ce9fa039b5dffbeab997f0b2a23a01dcca4ed95358c61,293
harmonized,2281,harmonized/2281.rds,15,bdd5535c3f9ac37c3476e6ec8524e73c6672c23f41fcdb3d3841650766a79d71,262
harmonized,2282,harmonized/2282.rds,1,9f1aca449360c24d753acce35f121eb78dcb26ddc4ebbebb3c4a42981992e051,209
harmonized,2283,harmonized/2283.rds,1,4b9e351ba9e799b86f2e4c6028d97ba7a25385c250f72adbc4a4f962dcebea1a,208
harmonized,2284,harmonized/2284.rds,8,42e3e4197ff46ac46a4deafdcac7a30b98bcec6210ab6b49eeac441da6a22be1,232
harmonized,2285,harmonized/2285.rds,32,8cd34d21a2e39ab7e3c32b616608e118bfb705085ba1a41325fa4835d0cf14ac,321
harmonized,2286,harmonized/2286.rds,169,54ccd552ecdac6c8eb642d0b8a7ba7e26d478da842ffb270494fd3cfc7bb544e,512
harmonized,2287,harmonized/2287.rds,154,38ffee4146f9edd7ec68cddcadd2a576d857c76921792449b92d02b994a0678c,521
harmonized,2288,harmonized/2288.rds,58792,aa9e001a642339d620cc4ba79e50a2de6ae9c17f7883b2b6610ba505036cc592,36598
harmonized,2289,harmonized/2289.rds,1,b15a01a91ec010d56b9d5101a752aee23f5a0294f6d9aa46985b7874210f14ea,207
harmonized,2290,harmonized/2290.rds,2710,7442195eabf113b946364cf6ce6c6ebf8197ef5ff938569b28b4071ec4c33ff6,2278
harmonized,2291,harmonized/2291.rds,14,8414550ddce6d9cb8ed7720cdd41a5df3fa14782449c2fb53884f4927be8aa22,264
harmonized,2292,harmonized/2292.rds,10,b1473ecf52c090424465eb5995507d460cef7ee8ca6992e714710b1e118f4acf,246
harmonized,2293,harmonized/2293.rds,107446,9d583ddeb38a5c3a0239a725c180a39dc68d1d089a9df9d0a0110eeacb6aa639,62584
harmonized,2294,harmonized/2294.rds,1,cec7cb2c41627a943bc9f8c2bf51615144c64cffd2676eee1aaa8dc00cd1f974,210
harmonized,2295,harmonized/2295.rds,2,9d564c39e773b2f3b07bbb167b5c1e4ed2c4830510e38a13ee85d48acf96cb6d,213
harmonized,2296,harmonized/2296.rds,156,baf2fe76a43fbb30c13e6e0651152915830c86127f1b93e1c3e20d8e99e7cf47,488
harmonized,2297,harmonized/2297.rds,42,ae5e716f2f3aed81dceef1e1aba2896ebad12e7fd61c6002c2de3af0d0dfc5bc,331
harmonized,2298,harmonized/2298.rds,19814,55ca37b680ce457e945ea774d9e91410715a21c5733b7a8a84e1230ea10723cf,19028
harmonized,2299,harmonized/2299.rds,70139,a9f5a7878d24eb99f1290146ee6dd60954d8092bcae8eb5b01d6d6d0c8a4c062,57021
harmonized,2300,harmonized/2300.rds,47682,6742e6c7ff9839d64afbbf7234b3d886a9535f9cf9a1acf2894aff768b3f769f,29345
harmonized,2301,harmonized/2301.rds,41,e04ed82450c14212cdaa8409ce5fd0ff4ef1d05bb14f184a9b82d3eb9145f852,374
harmonized,2302,harmonized/2302.rds,165,a229a55d28bbe48dcc03265a972f74da17b3610e637b6ed0cc36ea8c03c1000a,582
harmonized,2303,harmonized/2303.rds,36,b0cd0e813adb209e72e3ed40df30c35a5491e41f4019b53527f60b59a9bc3db0,301
harmonized,2304,harmonized/2304.rds,33,10cdb1121703f13fe00abfad62d38d20f69b01d739631335c49de3a0c46574bd,316
harmonized,2305,harmonized/2305.rds,1,cafd25e5587e9eca5cfef85ff706b1bac42df0c4c4c2d087d5c2fe9b6591e1ea,209
harmonized,2306,harmonized/2306.rds,39,1e649a2f4ba8e73c380a5b68d18bf3c490ef69ded6d07aca46de712e1b00a8ff,342
harmonized,2307,harmonized/2307.rds,6391,779a3971f7dca86712a78dd46df1a7c74476e4304974ec77856077e98d78ed6b,6114
harmonized,2308,harmonized/2308.rds,2740,010e3b1b16abbc2642a3389a8e7c31ba386e04bb1f3c8e7719a08a628479c1a4,2472
harmonized,2309,harmonized/2309.rds,305,160297333b9c0300ae8c5dac59ada94f08cd2d4fd56807df897570f07b1556f9,776
harmonized,2310,harmonized/2310.rds,2,a4719d8e258a4623249c2ec2f1b084f690e8f540c696460fca8ea4f6193ce9b3,214
harmonized,2311,harmonized/2311.rds,2,a4719d8e258a4623249c2ec2f1b084f690e8f540c696460fca8ea4f6193ce9b3,214
harmonized,2312,harmonized/2312.rds,2,a4719d8e258a4623249c2ec2f1b084f690e8f540c696460fca8ea4f6193ce9b3,214
harmonized,2313,harmonized/2313.rds,356,7b89b8325c95dd5f12c7f04d9ec86f2cbbffd3ce62e8a7818d2b1f48793ef0eb,705
harmonized,2314,harmonized/2314.rds,959,3c34469e512afaf501bba5c9478f33680246ffb8fc5c0661e54ad48d09dee58f,1097
harmonized,2315,harmonized/2315.rds,2,628a1e18c89f506e1e9697b0e669e74e5baaa9ab41f238d69e30e20ec790e7c6,214
harmonized,2316,harmonized/2316.rds,30,06cdbf1dc9f667e3c038a982ea7c3564cd7beb7cdd31eb25465c87938a99c7c0,298
harmonized,2317,harmonized/2317.rds,12461,a53b9050bb117495d63291f3af6f995b865eec0daf26b64ac8a07e042f48a00c,7781
harmonized,2318,harmonized/2318.rds,1,24fb09ddc35664f4773cefb033a70565f74041a44ef9a404bdb72910724c06b8,209
harmonized,2319,harmonized/2319.rds,516,bbf7c60a080d8a3e41b852721f99089d71b39bcd5ffb63f4fe9cdbac4faccbb1,678
harmonized,2320,harmonized/2320.rds,9,e880ee9499b56058349acfc2f0dd0579e37f47e3700dd665955205a2d9fcc713,242
harmonized,2321,harmonized/2321.rds,12,875b175ad4989ee9d7d70e0262ecb6da2b5b64b35f5560a8ca45ade1dc983309,253
harmonized,2322,harmonized/2322.rds,585,b04d3863785cc6a62da551052ca555fc02f74e2e725e2da19b7b57d97852e7a4,848
harmonized,2323,harmonized/2323.rds,38,4c7258490c52cd8353f2c3c134f32c4c3412281fb75b0a96c4a364b4d18af771,318
harmonized,2324,harmonized/2324.rds,4,846ce77eb7f02954c95104f25a89703233aed215b5e4f306247dc4bfd768d80a,227
harmonized,2325,harmonized/2325.rds,292,11fb86fd7bc94ef322a144de652f46280b04027777096d4698dba3edd9284d1d,728
harmonized,2326,harmonized/2326.rds,1,b1a44d2c8b986189224a6869a80eb60e79c6f34e71988508ee342e1b2f8d3784,208
harmonized,2327,harmonized/2327.rds,514,07a9ea41628d39ac7702e6c5d9e885fcc76c0e568f3bd7152aef1e5d658fdba6,787
harmonized,2328,harmonized/2328.rds,8,dfd701804652afd03752d5bf2b4094bd7ce7526e8bf50153abb11e615a196ba2,239
harmonized,2329,harmonized/2329.rds,26,01eb8dfbd2ad4f6bb2f9992a0b291a0c431dd790acf5bc57741f0948d0e12734,281
harmonized,2330,harmonized/2330.rds,224,c97bc98d973e6e29b508fb843d355d51119fa856172cd9f18f4326dbfb1e7f1c,565
harmonized,2331,harmonized/2331.rds,94,a671cdc71ca44511e02c98a300b8203220806c325ad3be0f8dbd6184471cd148,378
harmonized,2332,harmonized/2332.rds,252,b83c7b864a945462145a74b3fb5aac96a6eb6971bffc01b7bca98a728435fa9e,456
harmonized,2333,harmonized/2333.rds,3,2fa624a61a4c6be18599a0915e8720b32a62fb7b41ec16f2e3284a3b80a2d851,218
harmonized,2334,harmonized/2334.rds,16,8aca58e38c19b59c357f0fe8095bbd4dfb87cb8c8d869964e94c5905ad0d1d38,274
harmonized,2335,harmonized/2335.rds,1,d4010e9c2b449ba90767aa5b3ec43488e6e7c50a0d6fd27a9100b4bc0c069733,209
harmonized,2336,harmonized/2336.rds,72,de2cddd28dd8676783d8c41561924284e0f1c571a73edd222c5a8a9f6c8358d8,337
harmonized,2337,harmonized/2337.rds,23,f348fa49ec7468dcbbe22ccf1509ce3f31ddbf91ddd633a40c55c8a99f204d05,289
harmonized,2338,harmonized/2338.rds,61,b4a93e0500c8f7eb8c90d3c020dc22dd91e2fee309c1a2b5f47b9b31715517fc,369
harmonized,2339,harmonized/2339.rds,8,8fc13b24e5b14c83806bca63673302802b7a4f5b8766f2724c5cb692044cef3f,243
harmonized,2340,harmonized/2340.rds,2,bbecd3d6b716a6a82b50d9e44e75634d6a8c0776c9e2f3ab243c7d6e873c9e5d,214
harmonized,2341,harmonized/2341.rds,12,f9fb0437e6c0fe8446cdfcd7f1bf2f52c90053eed1540ea4d9b135c56f827b77,254
harmonized,2342,harmonized/2342.rds,3,fcb4f98d1daa934c19c53bc8f7b1ce43778c9ed04a97fd9455446b7b1c51fd7d,223
harmonized,2343,harmonized/2343.rds,7,54f75bbed0168188f86b2fda289faa198fd00bbef390ff1feccdde9e0370c1ba,244
harmonized,2344,harmonized/2344.rds,53,d3418ef87f3070b7bebba09a08f9d2be3b10d96cf8fff1d807d56e199461b331,305
harmonized,2345,harmonized/2345.rds,51,7d8d389a7a3a3455b30000b076292c72b6f4f3b88dd6e58023bbd69f54734f59,354
harmonized,2346,harmonized/2346.rds,27,5a4f9ff29379e8da23208f4677cafdd2cfb186c5f1f04413b32bca2364703c6e,288
harmonized,2347,harmonized/2347.rds,5,8a4cc9060a2638cdb2b6fd3103f896a8471a12514758b5cc0454493e0855e6db,225
harmonized,2348,harmonized/2348.rds,1,bd39482ab43ea81292c658621c01674b5e8e25e1f55c1a217ccd9a0bd7cf3c96,208
harmonized,2349,harmonized/2349.rds,4,332c13053ebf6603e4a6a3b359edce400285bd55cb991cb8963036221d8491e7,228
harmonized,2350,harmonized/2350.rds,30,f6a95ed65914dfe7e5f6b4d93941d9fd794006b3ab728278409c9b55e39559c8,309
harmonized,2351,harmonized/2351.rds,2,4126492c6f203463e2854eb9c378b1ef3feb158f2f3d96fc582f8c20c7934be8,221
harmonized,2352,harmonized/2352.rds,204,0149e67ac7487dac1dc578a1e1a9963689f6f8500c243596c96e7e84ea66e27d,622
harmonized,2353,harmonized/2353.rds,226,dec59cfd10b6750dc029dce448775585a650982487e6e7842e405af14a1a006a,567
harmonized,2354,harmonized/2354.rds,4,f995d43d3ca55ab9dbb68b0535d3f2fafc67274c6ef0c6ae70f1fd808b7ce69a,223
harmonized,2355,harmonized/2355.rds,1,bd39482ab43ea81292c658621c01674b5e8e25e1f55c1a217ccd9a0bd7cf3c96,208
harmonized,2356,harmonized/2356.rds,71,ab305fdb607f6496244c2fb8e0645cb2f9a94511504987be4726ea908d436e3c,346
harmonized,2357,harmonized/2357.rds,12,24b6c948dce819e1c991ef7e549bb79967c810dee1fb841b7a927e43acd78251,252
harmonized,2358,harmonized/2358.rds,0,adadc686412c8a32c45fc2489b7ee54f6faaaf976b3b04409ca638c0bcd353b3,193
harmonized,2359,harmonized/2359.rds,24,eed1ade7933fc540689f89225bfa09e14ad8c28165fc694c77aab75e7a9dbf7e,278
harmonized,2360,harmonized/2360.rds,11,c44946506b646c4017ae5f18239c450a8f428433db6b45647795e73090e09bec,251
harmonized,2361,harmonized/2361.rds,2,5be603d6812e03ab5ec90595219300d12529569302caab353c42560b89ab355b,214
harmonized,2362,harmonized/2362.rds,16,60bf8d8650dd109a0b6c9c15991addf9e7941acee58280ddc3ecac8154eb6d7c,259
harmonized,2363,harmonized/2363.rds,113,01c0a6475bb17001f6771276b2c7d65bc21469ff8fb2d09485f2a9bc019e0201,412
harmonized,2364,harmonized/2364.rds,24,ca7d9ccb63d676bcb6ac97efe755d0230804f329352217a24a7389e59c9cb30d,291
harmonized,2365,harmonized/2365.rds,1,ff131756478a18052a2638d438a0c1fb97c720f88a1407fa7caef6db42b8efbe,209
harmonized,2366,harmonized/2366.rds,889,be7770dadfecaf4c7e2cb6544893e95b81a3294c9e75f0f3d6ecd4a4a25717ef,1598
harmonized,2367,harmonized/2367.rds,24,9e16cbfa477cfbbbaa8d5f03e43388d85e8e5d31724c84ee5763b8ece4a9d6e8,281
harmonized,2368,harmonized/2368.rds,1,1bf2bb9ed06fa2e0b40c9455aa0c806f61ea4915c9749b0fd7a725a1346e12b9,210
harmonized,2369,harmonized/2369.rds,92,cef1e822b64f46f480accc174659d810f7b14617972bf89a6d253d0a70bd4da8,376
harmonized,2370,harmonized/2370.rds,15043,0f5c0c1b6e9740643f9fe9c09eedfdca94874658fbecd61baedc6fe66c5ffdf7,14841
harmonized,2371,harmonized/2371.rds,23056,a3d7739edeb69d5ab68586826d3b21d5aab189c50a82a8227b7596c2fbe671be,17703
harmonized,2372,harmonized/2372.rds,65,7707bbd2ea777736065aa9fadebfe86d5feef2b740de25feee071118cd597ab1,367
harmonized,2373,harmonized/2373.rds,96,a5f6aee8ca6b18a76c8f882f76f183e4294c5e18459f841df974ba298ae6e7e1,350
harmonized,2374,harmonized/2374.rds,10734,f042486438c07983a8a5bb11a79d9fc64900a46ee1d7add35e3f42030bdc5642,10161
harmonized,2375,harmonized/2375.rds,13,59e96e273faec306fb7f15cf9111a4f11d5593464ae8d6fb6915fbd37990e241,246
harmonized,2376,harmonized/2376.rds,117,759ff1119a133891b2f6fa01c3e8c942cf7b4fc664ad8cbdddd5cb211fa5274d,362
harmonized,2377,harmonized/2377.rds,109,ea414c6fae397caab68dc2bdea9c2bede1b45ebc9e2fdff4cf50f53fda4e5a47,368
harmonized,2378,harmonized/2378.rds,145,e0afcd8ac7d497d06e4f16134ffcb6866c4a480d4415df6dcc7ecaa4eb6f035a,393
harmonized,2379,harmonized/2379.rds,80,348b8b9df6ab5403bcf4a61c907fa76118979c409219ce07a62003890c238476,336
harmonized,2380,harmonized/2380.rds,26,3b224e130299428f7c04edf6d52576ff29d765f68afad6437db8c8939ed93f6a,272
harmonized,2381,harmonized/2381.rds,53,72acdd6b0abf2a56c7dead7ef6ab22d985c24bb378dc3855ea663758d13389f7,277
harmonized,2382,harmonized/2382.rds,9,79138cc4e5d805068e1394bf0379adc68e06f9c8cf67603e35574236152222a3,235
harmonized,2383,harmonized/2383.rds,104,4b62abc343bc5471084dee8359c095105341296a0b0ccab9436b23f29912ae9a,348
harmonized,2384,harmonized/2384.rds,75,676e2a8a97350f848bf63378193f5911d6c540639639763cf7b10d57e2cbe767,291
harmonized,2385,harmonized/2385.rds,37,00e82a6b0b7b48812a00874a5ff28a4ea08114174e1aadf1e0e4fc8735d7bbbf,301
harmonized,2386,harmonized/2386.rds,128,13d8e25e9210d0c16075e1623819d9a97aa98bd8b6193f6a8d796fe5e703db92,356
harmonized,2387,harmonized/2387.rds,105,f2675137c6c0bd5f2122b2c82a506d2c70650065c0b4094b6c1d1b1dd8854130,369
harmonized,2388,harmonized/2388.rds,142,3535f98cb5c0dc74f8df0fc743b6295876b1e3eae1248cf90be6ff57abbd552c,376
harmonized,2389,harmonized/2389.rds,2,0411ab9642b40cba1db6cc99e905ffd66ec329174bae983a134536870af74a92,210
harmonized,2390,harmonized/2390.rds,0,adadc686412c8a32c45fc2489b7ee54f6faaaf976b3b04409ca638c0bcd353b3,193
harmonized,2391,harmonized/2391.rds,11,2b6745489f5ac71076ac08f7c1d52f69f92939c772fd1cf2cc16de60dd8d4f03,242
harmonized,2392,harmonized/2392.rds,2,0411ab9642b40cba1db6cc99e905ffd66ec329174bae983a134536870af74a92,210
harmonized,2393,harmonized/2393.rds,77693,c556d57510280efd2fbef6c9e1843ba65518d496aceb84d3d895688b191fbc98,54684
harmonized,2394,harmonized/2394.rds,2077,53b6819e378879183672679c71326261c505b5c3f32330c1df8a4144220088b3,2729
harmonized,2395,harmonized/2395.rds,171,a506d51bee70a92be3da853fc97ed81f2c5b33090bca68421970a6281c3e5ec3,534
harmonized,2396,harmonized/2396.rds,42485,4747d6c61dfa07099bddfc9574f0202576a7f4bc768373ba1a42563d9893dcdf,30493
harmonized,2397,harmonized/2397.rds,4415,1b89d92d492de480f10eab80a606f0ebbd04111fb0a6edfe9bb285680cd51ba1,3306
harmonized,2398,harmonized/2398.rds,93,4b3ce0f46fd19bb8f3ffeafd013be04c6812766907bcfb093e85b5884da1dcbd,392
harmonized,2399,harmonized/2399.rds,68,5dc056f1da13b12f55f8cce8185933e7e9dd446d2d079900df8177e938996513,359
harmonized,2400,harmonized/2400.rds,42,8742751a49b7710a65e9abc7531cefe396239a2c1ce4e9750543770616788ad3,295
harmonized,2401,harmonized/2401.rds,4,bf1a1f47e7884fd0077b90738ebfbd92fd774d9bb9b111db424f6e9e644c30b2,231
harmonized,2402,harmonized/2402.rds,6,124624bb4152f160dba250fea9ff2ebbd04ebce8c0c73961371a5d6728a55dac,237
harmonized,2403,harmonized/2403.rds,7,3dfa859728a69253d57676024892681dac170502fd0aeee0a74460006e1cfb90,244
harmonized,2404,harmonized/2404.rds,403,871b482a8c99b5043429ee5ea549824a5f3e24ba424efde4042377a354932288,635
harmonized,2405,harmonized/2405.rds,2,a551517f3be9066c7c664ee9cde8071856675c56e0c71e0a5b50630fafdd02d4,214
harmonized,2406,harmonized/2406.rds,13,c679c2ae1583f7b8d380870b7b9942df25c3ae39ad0a3b3839ec67565da94cd9,262
harmonized,2407,harmonized/2407.rds,60,157ca3980f20f8024c13a8b5f82821202392a53f75274c2e703163f71824ae99,346
harmonized,2408,harmonized/2408.rds,265,701aaeaaf58a33556c55edebc1b8969c865e1a22a20625dadb20763b691de3c4,510
harmonized,2409,harmonized/2409.rds,86,e1c506fb8c3a38927b3a576be8df8e80bb4c09c0588a2254d1c6572b3ca8492b,361
harmonized,2410,harmonized/2410.rds,1,a30f8dec446fe7b0621737cfd731deaf67447ff36287ca12f30835d772e621cc,210
harmonized,2411,harmonized/2411.rds,62,2dbc93ca9cb19dc8729eca99daa6dc81ad5ad43c7a673e92964b7b045191865d,328
harmonized,2412,harmonized/2412.rds,14,b242d6f0a6bd48e0da37f2da4c9edd94197211e457c16f764c15bdba588ce88b,265
harmonized,2413,harmonized/2413.rds,4,3eea256f8050931aa17c25ddc2b84dc1ac1ea8eb57b7b34be197fc87a6777984,229
harmonized,2414,harmonized/2414.rds,74,71f6299e2e7feeb8d4e4931d29c8594c588d042a7d7314a44dd5593d5fd1df09,356
harmonized,2415,harmonized/2415.rds,43,51f496fea2078ee4925be5c33249645628f625d6a8d432e6970ccb6266947f4e,315
harmonized,2416,harmonized/2416.rds,19,1b3ea4c38855d515a960596e1ad302530680ec94b7a874aa860c017c97ba6189,262
harmonized,2417,harmonized/2417.rds,0,adadc686412c8a32c45fc2489b7ee54f6faaaf976b3b04409ca638c0bcd353b3,193
harmonized,2418,harmonized/2418.rds,102,e082a799038c7f08ce222a4b987365617268935f2ff8d4f6347067a9fc739a99,444
harmonized,2419,harmonized/2419.rds,8466,9c4b220c830c6f075d5e0672d58163229fc51215bc6d704adf488f8308a2acb2,6465
harmonized,2420,harmonized/2420.rds,1,414af8d73781c1ee2b8f414534fee9d687ba1867a974d6543c14d733e87838bf,210
harmonized,2421,harmonized/2421.rds,6650,44aa43b0e76d5b42310ed6ca42dd8509be40eb88acd85649a0bb1709f10dbdb7,4482
harmonized,2422,harmonized/2422.rds,2,fd4a632bf3aece946a313dec3bbbaf1f67ed77e453e3729692c3406307ca7b89,219
harmonized,2423,harmonized/2423.rds,51,d4b36b3b95cf8f67eb32ea391a8fed4814dde12abf82002ad790b2da24160428,322
harmonized,2424,harmonized/2424.rds,3,a2acbfc2fa560adeccf263025c30358941843a8d83afe9f859038b9fb2261e6a,216
harmonized,2425,harmonized/2425.rds,1913,0f1abac9a257273034df3fc439af05fa428738f5ef88147d8568bb5eedf02cd3,2189
harmonized,2426,harmonized/2426.rds,115,8c68205c134764b51257c131589a75860413f02eed44bdb7d5a61ca77193a4c4,429
harmonized,2427,harmonized/2427.rds,21024,b40b6d28325ede1eac8030520e61a5e1b41432f8b84d55b7babe940fae557231,25647
harmonized,2428,harmonized/2428.rds,348,a3fb35170d34fd5af3184606c1c7007f7d6e47ef3e844cd6bec9841a025146c2,670
harmonized,2429,harmonized/2429.rds,3549,bbaa4b500155cb4d88d292a16c196f33237a189a829145f56c24f720046c1ce6,3361
harmonized,2430,harmonized/2430.rds,807,9a9e65dded2c9c833a2200ef546f186c2e687c0fe498678814376b1d12bbee93,1525
harmonized,2431,harmonized/2431.rds,1,d7875b79e52b2b094e56a63027856393bab9308fe565549066f50c30b19f71ff,210
harmonized,2432,harmonized/2432.rds,80,0c441ca9d794aafbf6bd29791c02e69877474bca34bbe01383401abfd78e18de,365
harmonized,2433,harmonized/2433.rds,53,3c8eb2361f26f1ad6cc7d0f2907e60284ad3061c6de317cc1773e836def1354d,355
harmonized,2434,harmonized/2434.rds,9,676b2aa921f20f552c7da290ac63c5a809de813a6aaa54b2970b27c7fdeedd53,238
harmonized,2435,harmonized/2435.rds,20,f75c245a902c006f217a2ec4a7cf6c27c96a0dafbecd4ea787371059d9bea091,269
harmonized,2436,harmonized/2436.rds,133,6cff39f63b6afb7f6477fff599077358f4afd099cc221bcb318b05b4855880e4,467
harmonized,2437,harmonized/2437.rds,119407,d5c6ebc2ab8ba79c0b40759b8c49b3a4fb7920f5e7fd1072e70a08668345ee0b,49341
harmonized,2438,harmonized/2438.rds,59,733bd6dfef5aa4606c38074f7b594dbd6792f8fcb5809107b47ca96597a16ccb,368
harmonized,2439,harmonized/2439.rds,3,da05de425772492a49467f82ba31b44833a481130997ca3ee0f489c54e130818,217
harmonized,2440,harmonized/2440.rds,0,adadc686412c8a32c45fc2489b7ee54f6faaaf976b3b04409ca638c0bcd353b3,193
harmonized,2441,harmonized/2441.rds,208,9c310d2d26961b6edb4b0080a75f09961a84c3364e271cfaeae1b29aaf67e72a,506
harmonized,2442,harmonized/2442.rds,103,7e112dc03ac4b96f31feda9c2f8b1bcdc5601b192d8bea697a7b0fbe28e6c11f,398
harmonized,2443,harmonized/2443.rds,21,451780d763a28247da304437ac06eeef397fd7421f22e51f1ef12f456bf5e67c,269
harmonized,2444,harmonized/2444.rds,713,12bbc14ea13a0a513c04f740f41ede3279c525edd442e710302012c72fe07012,1048
harmonized,2445,harmonized/2445.rds,67,84db45928f7d36836ba85973b31007f901a06c0ee1946cb62c4ef258fb4258e7,383
harmonized,2446,harmonized/2446.rds,59,c20fd3f024668ce659f299003eccbe6ecb101cb83c744591b3be37e616aea1dc,372
harmonized,2447,harmonized/2447.rds,13,68a78060adf1ccaaab7e6a562a04c97e7dcba89df06d279c5db7a9f71b6c2f94,244
harmonized,2448,harmonized/2448.rds,9,152738c2f64135a4a65c9b3395cfdd6a7fd98d9158739f218211af6b92073c68,247
harmonized,2449,harmonized/2449.rds,42,be7fc45d677ad55229128bcac42c2d24a2ec2011c9f8581593032d8929422ece,306
harmonized,2450,harmonized/2450.rds,261,3de65dc554d4273721ae1c779ddf98db2b43d3759f1813eef96a59cf58d149a3,581
harmonized,2451,harmonized/2451.rds,32891,71f8cc1a8f4a632f596ac4a7d31012933605485b3ca114a2b9b9cd40ef7938f7,21541
harmonized,2452,harmonized/2452.rds,96821,5e7a283341efd0bf1f7d2cc27e2a34ebaedb933fecdd001a20ff96168445f4c6,60482
harmonized,2453,harmonized/2453.rds,2,628a1e18c89f506e1e9697b0e669e74e5baaa9ab41f238d69e30e20ec790e7c6,214
harmonized,2454,harmonized/2454.rds,99,753f054ffc71478d863a070d25bdbbf75801d173ad4ef4274b73ce09632e455d,421
harmonized,2455,harmonized/2455.rds,2,194a947459483d9c03fb34d09938351c7b12980693b6f191591ee17390cacf65,214
harmonized,2456,harmonized/2456.rds,419,614440e52cf295f59de6a6b80cc689d22637f997a112a3a789e94d2ccb2f783b,616
harmonized,2457,harmonized/2457.rds,2,628a1e18c89f506e1e9697b0e669e74e5baaa9ab41f238d69e30e20ec790e7c6,214
harmonized,2458,harmonized/2458.rds,3,d16f9a85fb98ac00ee8851c81e32d6666d3ef5db2b1434c424812d6d3ab2f1f6,221
harmonized,2459,harmonized/2459.rds,2569,93548c97a4d7cb93615a653d6e9de1ab9a189490b48f9069b71e937013529dc7,2638
harmonized,2460,harmonized/2460.rds,342,df33a45e2a9a22018cc4d420d8d7d6f0dc31c5ba11df7c98a7f547ff8a3acb0a,536
harmonized,2461,harmonized/2461.rds,136,dae4af5db06290fd7402b607a111def7f7aed59a0d0a3b7812e5f007b2ceecc3,425
harmonized,2462,harmonized/2462.rds,43,8f05789b3cab24765c0d1c679c62abfcbeccf91417eba3fdba53c12b664636ca,330
harmonized,2463,harmonized/2463.rds,12,bca6c970e5e43a2f98d3120c6e5d22f7b914260b472ff49327bbf02de39f1b31,269
harmonized,2464,harmonized/2464.rds,374,78c3e05a3dc6a609b8795ecaba2eead88c6bafdac758e4117a814ecf30a13032,758
harmonized,2465,harmonized/2465.rds,477,6e50770c303603554601f3f4ba63f8e68618ec68ba123ee6bc8ad4c7208a40ee,821
harmonized,2466,harmonized/2466.rds,489,9d253483f65a25cbc170ab0e00427986aa6652060c5bc4b4418bd1de27f505a1,747
harmonized,2467,harmonized/2467.rds,9,c5d019908a4823d4b718571f5ba34b4b3dab4d62f5f3d551cdd8d66aabcf23b2,231
harmonized,2468,harmonized/2468.rds,79078,b8533732d264a1bd12bacb8d1e1327145759dc4b7fd734b8bf12254b20387de6,44236
harmonized,2469,harmonized/2469.rds,10,5ee93c73e886980188a300a947faba50d909bff5d0e042d59d298c8243ca47c5,244
harmonized,2470,harmonized/2470.rds,30,7a8f91d70f2e5fa53c899b0f98b4b49eefe50bce5e138e2b4e73872ef85291b2,291
harmonized,2471,harmonized/2471.rds,150,8395f18f8ed8e0b06549538aa74a9ca9df254e577e8b91a3faf9a67a2c818a7f,483
harmonized,2472,harmonized/2472.rds,235,4e2502b94eb615580d7abaeeccb26c877503368a1a6670d204d165bb7bcc1519,473
harmonized,2473,harmonized/2473.rds,360,3890be92aa6809b629650e596a0d2017e611ddb72e070f1ea3fddf12a71443a0,702
harmonized,2474,harmonized/2474.rds,23,c2e4af3dccc0e514d06d42a6d17594170af2344c3d67e7ca38bdcb666c1701a6,275
harmonized,2475,harmonized/2475.rds,1,2d2188f096e4759d27cf4783ee77c1d7dc6148c66361ad370ad2155a7a4942e9,210
harmonized,2476,harmonized/2476.rds,291,51e833942fab27fd806aecd9907f90eedac7ea34c57a6aa0e6e15664e90565a2,626
harmonized,2477,harmonized/2477.rds,1,e4c0f32214eb495f022f88cadf24074bc7b235b9d754dd5d7900371875c25968,208
harmonized,2478,harmonized/2478.rds,45,d226244bc62008f86a43d865177cd69971835e2be195b0d266c04dccc24ce791,314
harmonized,2479,harmonized/2479.rds,1,01db9615504fb86552594d979968ff2ee84a78eda226869e47a1a05696758f1e,209
harmonized,2480,harmonized/2480.rds,286,fbef7a916301d2671fe016d7e1ee009658373b0eab641791b4207b87eda2a5e5,558
harmonized,2481,harmonized/2481.rds,9,34d7c34d393200daaf4650e3ce744d5c6e06656bc26dfa1cc3a3ac54598e054e,244
harmonized,2482,harmonized/2482.rds,23,0a0324c77677ee983d163d10b756254ad4585748c73c4d0aa2ef13e2415592e4,274
harmonized,2483,harmonized/2483.rds,61894,519c68ddbcec314676850216c3a26bd20f7cadcd4efd9e904aa9d0a3c2251a76,46391
harmonized,2484,harmonized/2484.rds,38,aa705260c317e8f7e79d52a013b2cf7c515f339dcebc90da7db245edfc942135,307
harmonized,2485,harmonized/2485.rds,2,d76abbb7426d6b1c7e2c1b716e58b6f3e7a2525cac8534b76a45dcfc837afd44,216
harmonized,2486,harmonized/2486.rds,630,5ad7939ba49253c6a00e2110f122fc86c1312079e8964bbf0d255a8ad337794a,869
harmonized,2487,harmonized/2487.rds,19,56c3e73cbdf0c0efca456d2425b6fec09663b4cd358cc62277494999f0c3ace8,268
harmonized,2488,harmonized/2488.rds,326,a29249c2673a654a71c30082ad6662402b5fe036add5467d9ec609a5e7c53cf8,553
harmonized,2489,harmonized/2489.rds,13,f395ee8eccb71f2e5f01420a504476901af8d6cffb773b36e9a74c30a1e77851,262
harmonized,2490,harmonized/2490.rds,762,5d930ba1a1b282904423d2d19184c9f00fa78dd13765c4ed88fd7afb7442bfe0,952
harmonized,2491,harmonized/2491.rds,2,661407891a150c8652324c3b9cc5813108f966d13cd43b1487455fd294e664da,213
harmonized,2492,harmonized/2492.rds,215,34ad6ce0a21cf6b0eed93e23790e462f1de40ad9238dbfb84e9421cb1a38337e,519
harmonized,2493,harmonized/2493.rds,11343,08baad2a5f8c9d3418b5f3d44a24a0badbd20fb3e1ce1c4d3ae6bb6849650695,10218
harmonized,2494,harmonized/2494.rds,432,7a95084799839e64c15781e55eb255ae142fcbd89040e72c13a590e46efe92c4,1172
harmonized,2495,harmonized/2495.rds,39,9219ac9f33315efc795aa27969823bb7df2827d11d4c459cfcef8e639ae37aeb,299
harmonized,2496,harmonized/2496.rds,6,1f0712f1f78ac9c6d0e3e063257dea63cc717ea386d8cc7aa55306e5913e82fc,238
harmonized,2497,harmonized/2497.rds,56,a6663188a459d2eafe909baa921d682dcceac3d2bb9b7599848b5bedf328a993,352
harmonized,2498,harmonized/2498.rds,29,6793774adf0fa629f438dc19e09cd9d338ff72cd3f3f76031132ca946b92482c,272
harmonized,2499,harmonized/2499.rds,7,f9b0f710fee79d3b5c2864703fcf6a21f93a184ba2a0f81ec4b202b33861d00a,236
harmonized,2500,harmonized/2500.rds,49,cb6aff4916532f2664edfb46bc0c2be1172b61a43feaf09aca4326904c523460,333
harmonized,2501,harmonized/2501.rds,129,635aa3e791f8a2e031ce4a1494fafc112dbce08b78d2b10f5c5383b040d3c13f,513
harmonized,2502,harmonized/2502.rds,2,174e6a6eaadc1cbc002f8d2aff5e63a9b23b44647cd39b5e6f7e272768309f93,214
harmonized,2503,harmonized/2503.rds,65125,f2737ad69ad50e9c270a2e911554111a5a6f6fce59ff9977b2bdbc07e061267e,44459
harmonized,2504,harmonized/2504.rds,1,bd39482ab43ea81292c658621c01674b5e8e25e1f55c1a217ccd9a0bd7cf3c96,208
harmonized,2505,harmonized/2505.rds,2,6362deeb731d0c235a401d8ff315d8ef7d299afd66f8fb31b6b360af53047eb2,217
harmonized,2506,harmonized/2506.rds,25,a3b12c413a55093b1f5ff0a4f3f2370060acc8f95cdcaff32154f8a7dbd312c2,305
harmonized,2507,harmonized/2507.rds,161197,16d385cd11f2539816089d3560e799773d57f45e2b70d606fe6df3d5d30f24b2,88933
harmonized,2508,harmonized/2508.rds,2,1848ca4ab1f88ecc044e0c0dbfbe7af57decdec16a6796184e9325cf3be17937,215
harmonized,2509,harmonized/2509.rds,162,c8c8ddb3a6261e256b11413261caa65a32799681edd8716910679d8ab82a4f1a,460
harmonized,2510,harmonized/2510.rds,539,ba0008e5631c6e64e9357a4069a4983ce149162647e00953aef5644bb41a76b3,706
harmonized,2511,harmonized/2511.rds,94,0e9b7ee67d2d305f67fd63b81e8186923b5b7427f73aa52f8fcdff7aa9ec46f5,422
harmonized,2512,harmonized/2512.rds,12042,0877936a91485657396fc440addd937d2ed330532965961b040d7692771054cf,8501
harmonized,2513,harmonized/2513.rds,1,b47f1a5c2406cc6f1cf65e04b06e30d684ab6b4f96af7950d60f0807a34ea1ba,209
harmonized,2514,harmonized/2514.rds,7,bd38ca6a2e31405aeffd5fae33d759a317c4aa8acc840ce37fbef0dd00f0b3c8,249
harmonized,2515,harmonized/2515.rds,115,591ad457cf4f6c39384c74e88a4c57a6d32e2494b98ba84954759fb1dfb8a20f,362
harmonized,2516,harmonized/2516.rds,161,4333f3762d721c7ac2adee0161968c97f4c09eb2ba37b86e77930df3acfd09aa,387
harmonized,2517,harmonized/2517.rds,192419,66a71580c04d71a1bd6b04e972267c321ebbc8f57b4a3ea64515dd275c509a5e,92441
harmonized,2518,harmonized/2518.rds,15,46da8668fae54b601efa2add19478f8b5a7fd4bd7a0b1f2c86d2589834cb3bb7,270
harmonized,2519,harmonized/2519.rds,5,28e3ea9c1211df48c32baf72a214b7ecd69b14a4c8bbb2bf044caf3324f80804,225
harmonized,2520,harmonized/2520.rds,3162,5d4c355719d7d9705f1223e68c20c31c629952f5c82a15b1f11a850087ddbb51,2650
harmonized,2521,harmonized/2521.rds,39,27ec9dd7de57b5450326072d4bad96b8d220edfab1c4ac53bff3ea46e3a94002,332
harmonized,2522,harmonized/2522.rds,10,597bc455d9a569d02d0e442beae7c49c03f77cc95534b25882132de26850dc6a,248
harmonized,2523,harmonized/2523.rds,30578,f55b0aab3d65e5ec193d707ff238e76c1af85adc57a132c3ff0f053582f3a123,27783
harmonized,2524,harmonized/2524.rds,28440,178fc87c8876073e19f7c8aaed13f33358255327abdd7a98ea1f8c19feff7876,24419
harmonized,2525,harmonized/2525.rds,4,6510f2cd6a468551239121fd163632eeac4b05e71c7300553328e9e6dbf66664,237
harmonized,2526,harmonized/2526.rds,94,390aad6315ebf77c2e188b8f57f0a2ce8e26f57182415cc21064e035548f8c96,367
harmonized,2527,harmonized/2527.rds,1791,7e1333c42236b918f117eb4ed6415c094eade895c1fb627b95525eead8d95cb9,1859
harmonized,2528,harmonized/2528.rds,76318,c9efc42fff9b928d204ead61df8848a1ca689ac092e5951f13cba3c2807f1177,40465
harmonized,2529,harmonized/2529.rds,7,fff727bec4fd2d1f2abc783b4de464a3ce8312a86c5c2ad9ed0dc1c456d0b9e3,246
harmonized,2530,harmonized/2530.rds,51121,93cb9327de4f14f1f3764c1090d71be02225801895dc4b3b2fff58a0f09ff05e,32287
harmonized,2531,harmonized/2531.rds,71549,ed5e0296e757f45a4010ca640a6bf924a4647debb41e5d8ac450caf04a491565,44359
harmonized,2532,harmonized/2532.rds,1,fc7dd0bcf8ed2e8c69acf0b440cf146031a3e54155568fc20cbcfccefb3a04ea,208
harmonized,2533,harmonized/2533.rds,13,6a8ed59abe2489e4db8719cd20326d2785129de995fc0cd996e32e05460b91f2,264
harmonized,2534,harmonized/2534.rds,1623,53ba40f5cf391ad1f0141bf4ec501db83a51d9e1919ba01091d4f5d77dc5c060,1796
harmonized,2535,harmonized/2535.rds,4,7d8e938e4a95d3e71925792012594670be0b4e14852e1f4f2812b06469b16bec,233
harmonized,2536,harmonized/2536.rds,1,b8da7fe3782d4b64e79dec409f7c6998cfe4a59738c9593c661150ef56fbfac0,210
harmonized,2537,harmonized/2537.rds,19,86ff44227498a325ae68b236c84dd076c32c136b9de0e0e10e49dee2fcdb4b05,279
harmonized,2538,harmonized/2538.rds,3,c91a99206e9d581f1e1eb0de259e159aa3d13c4e32452d1d33e517172a0829b0,221
harmonized,2539,harmonized/2539.rds,10,d67f5145fdc5352786d0f2f3ceca4d397670b2adcc6f95ea7b869ab05d7382f0,248
harmonized,2540,harmonized/2540.rds,12,2b9c6d3ff78c2348da9d1fd2fb6e0564d8dc7c70138f01848ea927284d802249,264
harmonized,2541,harmonized/2541.rds,8,76d3d90bc5827564ac2ea0f9662f23e8054e36dcc09d719eafef0304f2f124ad,243
harmonized,2542,harmonized/2542.rds,4,aa915a3a0d3f2ddabdd2bdc0fffa56c99365f316844245353d401a1daae7f268,234
harmonized,2543,harmonized/2543.rds,54,6658d32861f73a765b46a1ecfe28fb3ff8a10e046e805e95bf94134596622f9b,335
harmonized,2544,harmonized/2544.rds,371,da09fd11e7baeb5dd336718f48eddffb8eaa40e5cf4953069ef96d7c3bd8f831,744
harmonized,2545,harmonized/2545.rds,1460,75e9cfe8fd162cf0f9ae084da73f2e27b10357cfeeb79367d093a940d473040b,1681
harmonized,2546,harmonized/2546.rds,6,bb66406f23ddd5f59e49974e38afeb90322441ab373bc803642f76ac145f6ce2,230
harmonized,2547,harmonized/2547.rds,145022,a804772154c348baff9a9e7242a36ca11c01843fd60bc2f702ade1099902dc89,68760
harmonized,2548,harmonized/2548.rds,296,ef9192b4e67977e54ce45540530c2f0cce75971e711965236cc9bdabf42485da,771
harmonized,2549,harmonized/2549.rds,1082,288c2928ac66d30c8feadde5c9cfd4d4effcaf9431994f78f4b47a1f79288e43,1383
harmonized,2550,harmonized/2550.rds,21774,02aa45cf678cc3068bd1cb7c3cfa96e28d775f7b8ecd5f491c72de7b0d43a1b7,17298
harmonized,2551,harmonized/2551.rds,1,d148d28ba5415e0d9c4622992ba299cc14bd203c332f923fcab088e407ba66fb,210
harmonized,2552,harmonized/2552.rds,38074,e8784de16bb84b4752d3c053fb3957842b1bdd4f3b7ceb21ed91715ce3637408,27322
harmonized,2553,harmonized/2553.rds,34,9543368fb3cd20b0718695bd182cec18fb7d3e6ca91476e982be02b102224ca3,286
harmonized,2554,harmonized/2554.rds,254,a6c24b50e9fa84b206884b5a6082815c069032e3bd27a0be529b2c2213116b7d,624
harmonized,2555,harmonized/2555.rds,719,f0c06f880ab8ff273807f4e9e495d9060e418c97b7dac1e0a2383b95c8f6f37c,1151
harmonized,2556,harmonized/2556.rds,34,95eb7dca09e345bbcd0e67dd6e23ecc0af6ccd2e2a7729703e16e1bfd045e2c2,309
harmonized,2557,harmonized/2557.rds,3940,d66dec3fd93e249e8c210cffa2e5171390de755118f2990c1b776db40cd60949,3508
harmonized,2558,harmonized/2558.rds,49,649c19354acb7983c20feba1104bf0877b7ce05d4ae4f462364f37f2e05c7248,377
harmonized,2559,harmonized/2559.rds,6030,0c5195c1a9675c899b51801267c641e309c84b8cb1cc7f64691f143ce76c0f76,6663
harmonized,2560,harmonized/2560.rds,4,f3ad6aefdec5c45f8e979c2632c38cf5fc144c1c27371358ee31ffcc91036036,237
harmonized,2561,harmonized/2561.rds,188,7c6eefb5c91c7b360c13f41e214d2c988b4f2d7a86f3f984c0d818e0e9decc28,459
harmonized,2562,harmonized/2562.rds,1,86d11426f60bf26d39546ee037a477aee5319a600c44e05204eb8c4e3d90f697,210
harmonized,2563,harmonized/2563.rds,53,482ae88a43932e9a15c25385b88c3d1051c8334c5e80d3f9167586fb2aa8138d,339
harmonized,2564,harmonized/2564.rds,1,dd740f858e5ea7f6044a14178db039e8df3857a57aaf4fda643ece3f109c1664,207
harmonized,2565,harmonized/2565.rds,11,cf30a3af2ad6e4b58c68031295384e85646d1ae35e05a7328decf0a901d54770,243
harmonized,2566,harmonized/2566.rds,41971,3f36482cc81618d02c042aa2de1cc1f945d05d6403a5c669d1f3f40b4072db11,29450
harmonized,2567,harmonized/2567.rds,14,cf78d21cb6ad490795b5f169a59045f995d4cc471cf33cd7fde9ebf5e5da084e,256
harmonized,2568,harmonized/2568.rds,35,f6560576ea0ce3769ae6b6fde0fa1256f2971084cf86e3497478fe3d362da71d,304
harmonized,2569,harmonized/2569.rds,4,b1245ec00fc0b58970b7b2eabfd700896cf003bffff0c4e38b0a0d55de8f92f9,220
harmonized,2570,harmonized/2570.rds,8,c311f5474b0dcdd447e3482638015adc42e2c7548a4a4482e6af4c49a3c754bd,233
harmonized,2571,harmonized/2571.rds,1,aee70ff180e78475667404e1dcbeeca20049e34e5844cd7073aa5793f4453815,210
harmonized,2572,harmonized/2572.rds,1,aee70ff180e78475667404e1dcbeeca20049e34e5844cd7073aa5793f4453815,210
harmonized,2573,harmonized/2573.rds,227,24ba54c1f927915b2c5867c9e5e9a40a5b9cf4a995605282b392d7935432cebb,599
harmonized,2574,harmonized/2574.rds,2,1353346a167bff790522eac767b654b5a68ffa70e8c3bd3742b689f7ab46d7c0,213
harmonized,2575,harmonized/2575.rds,1,957de9d243a722187e0d3d24f0e60a58801cf98638b1a698ce3d9977b07c9129,210
harmonized,2576,harmonized/2576.rds,18,b7866768071e399e1a4e72878e2f6b42347848246dd4a61d317ae9c9769dcc9e,268
harmonized,2577,harmonized/2577.rds,8186,09893418fdce303da266ba220e326599944cdcf6e42d8f60703fa64ae9386261,4428
harmonized,2578,harmonized/2578.rds,9,76b36ed3aa9089d6314c1ea65a0434049e275c768201c5e8c1a60e30197466d9,238
harmonized,2579,harmonized/2579.rds,73821,8f693cb360ee3b6efdbfefd3c5f9eef7aa3dc7d3200f0388cc6d96021261cb2d,43038
harmonized,2580,harmonized/2580.rds,19,55ee975f6013bcb872afbb02eb7f7e4950eacd95eeae8c8526ec17835c95af22,262
harmonized,2581,harmonized/2581.rds,31184,edb65cb5f7b1cc699c9cd77d25cba25a0d90c00b39193a650676cd2de2ec04ca,33181
harmonized,2582,harmonized/2582.rds,60,f6c983e32db4d349eb1de95acafdf3805d2f2bcd8852c6d1e1cd53ebc657c0a8,362
harmonized,2583,harmonized/2583.rds,201,644ae7a07d18fb980c02bdf26604e5db4c2c06c5fccd74d807fa81b0db15a1ac,522
harmonized,2584,harmonized/2584.rds,41611,ca83d3f009090571267e3f8905e0eab280541d2fbc8924915b84da6fcc516c07,27554
harmonized,2585,harmonized/2585.rds,9,e8ed5b4e5993d11ae28e4f0af00bf2b80c7120fd7f92900b06203c6c0009e3d3,243
harmonized,2586,harmonized/2586.rds,79,d190b722fa222f59f1bd4fcd53b4a861dbd8cf6639a59dd3205684a4ef4fad5e,388
harmonized,2587,harmonized/2587.rds,1595,d9eb43503feffbf71e8ee9fbfd7d36ff64c1e17fb2cc4d9ccd249277ac18586f,1840
harmonized,2588,harmonized/2588.rds,375,987b48e836afbe07226170adcc80a56b5b97cc5d678ec2f324f74ba089e31910,766
harmonized,2589,harmonized/2589.rds,436,ff4ed25ad492572c47dd2960119d8064792da88e0821f633d3adbfbafdb02a0e,893
harmonized,2590,harmonized/2590.rds,10,8347b73168f7b92f631a222649b3dc90a20efcfa2c5e19504cb43b0c24200993,247
harmonized,2591,harmonized/2591.rds,26,4d2957a1582fb286ba57b118929b8571da58b657affea847e17cba209e21c88c,318
harmonized,2592,harmonized/2592.rds,8,a83ae25b48dd1d6464b5ea7a4045d2ea248759dd01ad5b0959edf91801490e82,246
harmonized,2593,harmonized/2593.rds,74,b422d70717964b01ee10f825a84fd802714af03ba0449e82a52f5cd59789c12f,328
harmonized,2594,harmonized/2594.rds,9341,43e4b571ea1e66812dee95d384819f8bb11b32583ba7ee7e6f6143b1f40e3975,5026
harmonized,2595,harmonized/2595.rds,238,c6da6ed0f4b8cb2bc37513c7add43f06fd23b64698a9a7982b9f51c2af68f101,605
harmonized,2596,harmonized/2596.rds,292,e3901d04ccaddd7c71db6efe49b6ab0cd322ad93e6f55a9eefd43ce31ccb301c,666
harmonized,2597,harmonized/2597.rds,104,4c0d602a6fc6979f87f24cbb55d5ccbc34111ac2830d6f3af2ecf10670ac8132,400
harmonized,2598,harmonized/2598.rds,353,0169d1df0d292c5dd59259de5ffb7f3ec26179490fca9bed9e1a8bed18dea976,624
harmonized,2599,harmonized/2599.rds,40,7d5f1cd4498b60db4d3206b409614d4273c36e18c80e5743173a6be60a459669,305
harmonized,2600,harmonized/2600.rds,203,e93cb77c71dd394d418a6e68d79584203d9dbeaa85ac38363406cf94fbbb6b1b,610
harmonized,2601,harmonized/2601.rds,115,5436e64795dad454e83d5d6116e9133316b9643144b480c3cbf24e886d3156ae,595
harmonized,2602,harmonized/2602.rds,38089,42b464cb3f4aa6268b1bff7ea0aa19982c34bce25b4d65d7c00c8c522ff1b514,31586
harmonized,2603,harmonized/2603.rds,134,e871cee504c50478a38685f18d00a6c8c30f25405ef40464117842023422320a,399
harmonized,2604,harmonized/2604.rds,2,8533d84e8bc41ca7b1fa72f8fab8ee288499dc3adfc932a124911f994ed854cd,220
harmonized,2605,harmonized/2605.rds,84,04b6847265d287ed4e9bef4eb57cc444eaebf44372c83639a05f8248a811f3a2,328
harmonized,2606,harmonized/2606.rds,21,ee5c02be5518b2fa2ece104b73553dbb9df62ec2ab1b68fd3e61323cf5225448,262
harmonized,2607,harmonized/2607.rds,40,91f4d59be12ae0eec23d8640a5e9d360a64ca21f35fba8366061b1ce260fcbd0,305
harmonized,2608,harmonized/2608.rds,6920,466a42cb8ce7daa42bd049b9ba439051d1ef1872396a970c0aeaf04e7a10826a,7859
harmonized,2609,harmonized/2609.rds,364,e72c4b269777f9e878aa46baa53412e898dec8a7cd051acf1b81dc1abb14b6e2,566
harmonized,2610,harmonized/2610.rds,274,6517b02fa157e9cac5888c257ec32eca0fbbfb3b07c4677b5e3326fd540c3905,616
harmonized,2611,harmonized/2611.rds,29,59922984971fa56a39015ba2e90cf5d86fb8c02c4ed9e1ea113c9534bf0fc924,304
harmonized,2612,harmonized/2612.rds,200,d5c8c162b43c8f42292be9ba7ea297d13348ebb360e25707671c526ec2ca8930,545
harmonized,2613,harmonized/2613.rds,10,69166976207e2dbd62b4741fcb711ecfbf7dfb686544f63dffa1f1d88b4e90fe,252
harmonized,2614,harmonized/2614.rds,39,131ce4493d4029bd17a3cca7b0943d1bee517845ad1a44ccb287ce9d4b0b9721,297
harmonized,2615,harmonized/2615.rds,83,82989561f9f2a150c53f4cacf816e0060377127e2bea3cf21122809ce5bbdf0b,372
harmonized,2616,harmonized/2616.rds,1,11a81d144c79601d5458fa80fb61e16e8208ebe28785b418b815c4fe3e11ab8b,208
harmonized,2617,harmonized/2617.rds,150,ae66f7042e12a9b4ef05f4a2203a1edf3a5c91576c8220184a12e850f138f175,428
harmonized,2618,harmonized/2618.rds,329,e133c2f00053f3dcda3a747f05ff69fe7caf7a66d63e32438b430bd0614e23d8,612
harmonized,2619,harmonized/2619.rds,1,cec7cb2c41627a943bc9f8c2bf51615144c64cffd2676eee1aaa8dc00cd1f974,210
harmonized,2620,harmonized/2620.rds,367,25cda6562a5c6ec317c90ec167c67a5f82e0b0911c99b123eecc4d69999e51e5,743
harmonized,2621,harmonized/2621.rds,1,421792d12deddcebb6ad4fb23edca2005272dcdf98a49a2877051fef37c3e9ef,209
harmonized,2622,harmonized/2622.rds,1,3842ff91987b12f9435d93b2f2963ec5eb7c8e000cb32a779d5bf0c4c4dc36b1,209
harmonized,2623,harmonized/2623.rds,55,b1a31ee4412aae17f82993e0648a366f5e4fb42d6f7ef1f7fadea50d704d7072,331
harmonized,2624,harmonized/2624.rds,2,66d3f7bae87541ddabc86544efd39d5079f4112f58152031ac3ae52d39c038c9,218
harmonized,2625,harmonized/2625.rds,91,2702b842d69476805577f8c387b7662e59809dc32f90814e44a069e2771a0c9e,357
harmonized,2626,harmonized/2626.rds,40,0338156af3dbb7daa050ce819c4a8c0036ca1a4fe8be83ef67fc1576cd589d1f,333
harmonized,2627,harmonized/2627.rds,52,54057c69a060def82d32bf6aee1a87b99f18c5c40298cb9d5610e8e7f4c03c16,317
harmonized,2628,harmonized/2628.rds,30,51bd3c58b4fc0d5a78c8317eb7fa7b613d068a4af2dec3c6a08d329902d1e343,290
harmonized,2629,harmonized/2629.rds,101,ef1b32a58037ccba7f368d293cfe137a4a7e4da39f3fa881f66e13dde0c3b7d1,367
harmonized,2630,harmonized/2630.rds,105,23c0491bcf42e615ed27c4598460c7acfd83b788a935478140efacf5757cd60a,384
harmonized,2631,harmonized/2631.rds,54,c9c9f61c08f699903f118ff19f34a4f43dbf2d8703c6cb0f385652678057501e,333
harmonized,2632,harmonized/2632.rds,226,902d9f53f1fa6bcfcdcfadabe7fb751100bef04342d2679f4ced13cccf323adb,585
harmonized,2633,harmonized/2633.rds,7,25ae2400fd2ffb01e3359ce9d06561e258cdfab19c6d2740ed9bb1085141ca04,235
harmonized,2634,harmonized/2634.rds,12,3e58d8bbe1ab08280a24f6366fb607c624cd303a721f53a1b77182e7cf56267b,255
harmonized,2635,harmonized/2635.rds,149,57e00169e6642300ef8da92a818a97b87865929886d03fd5e02c4f93bfa21fd4,448
harmonized,2636,harmonized/2636.rds,26,3aeb297259e6a46d87d87721a19bf45bcc32e0cf2ed82f9183db5bf426d7be96,287
harmonized,2637,harmonized/2637.rds,276,a9651db7c05f53b032d189f9aec1f43e5e6918eb6c7a8de717a263204fa31c33,513
harmonized,2638,harmonized/2638.rds,62,0979fd65f4164933ab99481e309eab8aabef9dc2bd0fae34c399812e66ebaff8,342
harmonized,2639,harmonized/2639.rds,695,b80135a5690c23a87fbaf844fce9ab7f63e50519b6e74968f1cebd2211ed5d5d,1087
harmonized,2640,harmonized/2640.rds,1,90e5600c7a4be4649cafccaa31bf9d322a96ed3217745a3f7c38644020e36f1c,209
harmonized,2641,harmonized/2641.rds,59,4e5b7aac95cfeb0de3474769a9492b8ca88bc02adb1ce5ad04128f783de6d289,318
harmonized,2642,harmonized/2642.rds,50,bc8c238ae4da88e79b3888d85dcf4fcf6c43ec67b102ec45f77493756eefda07,327
harmonized,2643,harmonized/2643.rds,1,fb08c79d428c09270bfdaa034959e594953b774b3c13358464766d376da22e91,209
harmonized,2644,harmonized/2644.rds,10,84b87e160cec0cab385e12f24197daa435fc9fa6d4f8c92ba35a9b097b0cfd78,244
harmonized,2645,harmonized/2645.rds,36,1771252e4de000adbfc14826e28ea32fbe278e5e7b769db3df0ef96e989dc4ce,313
harmonized,2646,harmonized/2646.rds,116,6690e4f0d46e179a02cbc969e2d4edd420739ed625fb4f16b6a2517c02ea34a8,424
harmonized,2647,harmonized/2647.rds,2,89e38af5d24c7ccc5d52028c1d31a645b544944cf25c68088f671cb27f5a18a3,220
harmonized,2648,harmonized/2648.rds,19,f77e61b459e99de26b9611500d25b144439f2926b950a64d0ebd0772c57d31ae,263
harmonized,2649,harmonized/2649.rds,707,1918c49e468b66f39734f8efbd222d1a766eb96ba831ee666d4beab262f6f0bb,1031
harmonized,2650,harmonized/2650.rds,6,bb2b833643caa5bc162a45ccf1a35bf15adfe2216ef2b3221f5c79af52fedbd6,229
harmonized,2651,harmonized/2651.rds,1,957de9d243a722187e0d3d24f0e60a58801cf98638b1a698ce3d9977b07c9129,210
harmonized,2652,harmonized/2652.rds,9,c5d019908a4823d4b718571f5ba34b4b3dab4d62f5f3d551cdd8d66aabcf23b2,231
harmonized,2653,harmonized/2653.rds,3,a394796f31b9712d9f1900742731f081a85ea23cb0556c20912883d10ea3574b,218
harmonized,2654,harmonized/2654.rds,47,ded3ba23cc874a3a93573b1a80bd6561cb72de2f905e1ebfd476ee03bb830096,312
harmonized,2655,harmonized/2655.rds,69,960ae15bb2b45a33480b298426090064b6277b361313b6fd5a304f0ef5075521,352
harmonized,2656,harmonized/2656.rds,725,5bc393eb501204d196fe6d3a3b33f94b5ed7d470370c944f9ba8dd9c46c19d9f,959
harmonized,2657,harmonized/2657.rds,55,8a17cd54c76b51b3bf53dd0d35af812250e0dcddaaf5b115229157043be46a96,331
harmonized,2658,harmonized/2658.rds,37,65dc2e59a62b0c14a15ae4adb43e4bdafabd5c2c604cff6ee4b2036438a4776d,300
harmonized,2659,harmonized/2659.rds,1,bd39482ab43ea81292c658621c01674b5e8e25e1f55c1a217ccd9a0bd7cf3c96,208
harmonized,2660,harmonized/2660.rds,2,628a1e18c89f506e1e9697b0e669e74e5baaa9ab41f238d69e30e20ec790e7c6,214
harmonized,2661,harmonized/2661.rds,8451,5e4cd9931628c3b8a526a049be35c889bf1f126d7b574236d04a185cd114a8fc,6204
harmonized,2662,harmonized/2662.rds,62,fc5ef03a0ef7cdc3bc14feedf7db49d0b14b37388e439b0389be06b4bbc472f6,347
harmonized,2663,harmonized/2663.rds,2,d97eb5766af08f21045649f3deb23a983c02b9d7cc23ec8c3c88b044b0b4d241,213
harmonized,2664,harmonized/2664.rds,8,bc1d3a6b777ba5f98a0e3ae4ef7812b09568d385b556698df8fa3c703ad4e765,237
harmonized,2665,harmonized/2665.rds,27,5cd853f68918d756e9f636834d70b5f99b437a5925659d4c9d474be198e4ffac,288
harmonized,2666,harmonized/2666.rds,39,989fcbd67931660498492b5a7de11d4da7635d4d6db329650b13567528ea2833,294
harmonized,2667,harmonized/2667.rds,52,37730a872e6d978e29ee06803356e2d1186e6fe3340f7a86e774509033dbb8d9,321
harmonized,2668,harmonized/2668.rds,77,c0d2bf6070b7988714b3e6d6012bd07b3e7f9c3d440425dbdd134609a0ca82f9,369
harmonized,2669,harmonized/2669.rds,8,5883a1740e9c29574e6cf8b5c5b9e8c9078c181748a3313c0d72149c96194e38,239
harmonized,2670,harmonized/2670.rds,8,bf42921d5dac15dfd42da793dc45f680a86ae7b54bb54f016a28ed1c48076cdc,245
harmonized,2671,harmonized/2671.rds,0,adadc686412c8a32c45fc2489b7ee54f6faaaf976b3b04409ca638c0bcd353b3,193
harmonized,2672,harmonized/2672.rds,5,f13a2b7dd21869b72025fa8b587b66f2d0e75a892717f034c51bf4ce2c766a24,230
harmonized,2673,harmonized/2673.rds,88,d6c5321cf914a5321665be68360801b29c7708f315993392b683b0c944934b45,381
harmonized,2674,harmonized/2674.rds,2,da5c643c8face597f82ff2009ef2a76cf0795855a7a8d1d3211d4495285980bc,218
harmonized,2675,harmonized/2675.rds,226,405c1a23f4402c4687bf66952d2f037e2728bf77120252e8c745eb60a4fa30b5,509
harmonized,2676,harmonized/2676.rds,3,919ffa5ea54d59cd4b03ecf589bcc57e23f1c9ea1a05425f27c93cb6fbad4a8d,220
harmonized,2677,harmonized/2677.rds,1,518118dbaa5d5d1f587c6a77d29f0db53e71c7dc1114bdfd0c69e45feff509ce,207
harmonized,2678,harmonized/2678.rds,0,adadc686412c8a32c45fc2489b7ee54f6faaaf976b3b04409ca638c0bcd353b3,193
harmonized,2679,harmonized/2679.rds,68,82d5b46ab90cd8c1394410c6c399205fde3602ebba125cbd3720587c13c4aaf8,383
harmonized,2680,harmonized/2680.rds,51,39406c5c774c3049e0b0a6cb9075405dbaf7f32f26a9dd10d7c8b79ff8960fe9,331
harmonized,2681,harmonized/2681.rds,17,59383ea68db6777f4f0521ea2dc2cd9fa9999b0bcb97d8cb4c702abfe357a45d,273
harmonized,2682,harmonized/2682.rds,4,240d0a0cbcfe86026ac30f41f60a0ef1d5d6401459443480880fd0377764dd67,219
harmonized,2683,harmonized/2683.rds,16,17dd42f307aa6b6f82d4e363eb3f87c19524ed6e70cb003fd93826da0c05600c,279
harmonized,2684,harmonized/2684.rds,128120,9b001ed85010a6a89ec83bfc22b16a405085e21780c1d6f719c0c2cae9a26bd3,67077
harmonized,2685,harmonized/2685.rds,5,f1dbc23fb3a48c47572db10b4d66e8ae8c1fc59bbdbb28416840d64870b4904e,230
harmonized,2686,harmonized/2686.rds,12,59d2526dd301ae3a93246c8ba456cb4a0105e5191b287a3468f8b44e29fa36c2,256
harmonized,2687,harmonized/2687.rds,2,628a1e18c89f506e1e9697b0e669e74e5baaa9ab41f238d69e30e20ec790e7c6,214
harmonized,2688,harmonized/2688.rds,10,a72fd0de2cd42f1ce8aa86d836155c5ac40c4f4b8d4249746d5dac46cab3cb98,256
harmonized,2689,harmonized/2689.rds,1,fc7dd0bcf8ed2e8c69acf0b440cf146031a3e54155568fc20cbcfccefb3a04ea,208
harmonized,2690,harmonized/2690.rds,21,cfbb0e15138c2b8389247d421f10d491a6642cb0cd76050e6c18e46646ab9a86,281
harmonized,2691,harmonized/2691.rds,968,4728136bb06fce2be58605cacd734d439fdce2f6921db5110128968a572fa67a,1062
harmonized,2692,harmonized/2692.rds,400,726d89c24657e338aec3008eabb5d3bcb9ffe8c63063437b95b4110180ee3273,715
harmonized,2693,harmonized/2693.rds,1,957de9d243a722187e0d3d24f0e60a58801cf98638b1a698ce3d9977b07c9129,210
harmonized,2694,harmonized/2694.rds,10,b752555591aea5834a084987b9dcdb19882db99d159a96db7faa0e1755bd6276,238
harmonized,2695,harmonized/2695.rds,3,f8a99a3e55696967813f9299dcc2dd83bb429c889d9a6efa4f43c795375ebff4,217
harmonized,2696,harmonized/2696.rds,3,a82291bc87be3d64e808f58389eab8eb027e56d3e69ff88307720e7065252c26,221
harmonized,2697,harmonized/2697.rds,8,3c52d7674feea49d3e7835d02cd0a70d1443766b432980e5349606d1e256f98a,251
harmonized,2698,harmonized/2698.rds,3,6db8c151f2de953b12b00575a8869719c35970fe433dbdc23aa22d9c1282a475,220
harmonized,2699,harmonized/2699.rds,11,60c2842cc66afc094de4bc48d5895505803c169708504856562e9519aa2c9e02,247
harmonized,2700,harmonized/2700.rds,6,3c44f0e59cb63754e26bc502713b82f878209fedf7367aab50eb7a0f13708f9f,243
harmonized,2701,harmonized/2701.rds,27,53de009e21071a26224fa836567069321c4fdbb3d0a3f9625805f47a2f817849,286
harmonized,2702,harmonized/2702.rds,54,3b3bf6e6625cb7340de84a2c9b728f4332ced352c643e2c67ed65e4ce77a6697,313
harmonized,2703,harmonized/2703.rds,26,068cf0766a3c9be026f5fc70c5ebcc4c424d91a574732812af5fe26c7a795f2d,292
harmonized,2704,harmonized/2704.rds,10,f9ffd0b427ff28bf3261c3c9c0afb399d1e2c3188604d56b7c710a50b5089c50,238
harmonized,2705,harmonized/2705.rds,14,95c75c0c0f3ead2bbe5665b49ea603d37ff61364e5851dd9d31d54895ef03b5d,260
harmonized,2706,harmonized/2706.rds,2,03bacf9b7ae0995abb403c4d2f7e4c84252900836605aa3f81616caf99d72f02,218
harmonized,2707,harmonized/2707.rds,11,5b78b8582652cdd17843cf1cd9970551ce0f318df7e03239c9db7b6232596617,250
harmonized,2708,harmonized/2708.rds,1,1c8d093323d8aac37963c0854d2b867b786b86ef92060bba9c8601ca2ddcdcc5,207
harmonized,2709,harmonized/2709.rds,3,40a255f63691008601a2e381e2bff85bed4e7c8887ecf985a0c03aaef419197a,219
harmonized,2710,harmonized/2710.rds,32,9482d6c5dfd0905944fffb7c8031ecdd2f9f7a3cb5cc775852b753e7645dcf8c,313
harmonized,2711,harmonized/2711.rds,586,821bbd3d3e7c200d90c0bc9d9092df1616ba3813b91d2b42ca7019c97b7addc1,889
harmonized,2712,harmonized/2712.rds,63,294e90222892a202b06c7ba7526459ab23966aad7cab3e9e72ef0a9f01887a96,336
harmonized,2713,harmonized/2713.rds,41,248ef5959aeaecaaa1a3a49cb403d2bc420d26189c946f6822a356b80333cd8f,298
harmonized,2714,harmonized/2714.rds,115,05753b95d240343169bd4a4b12141799a2652e8ce8cc9fdd1f8e7896f04e4c94,387
harmonized,2715,harmonized/2715.rds,168,f2af1706cd815ec9f9b9c917090e0c9ea61e9dfcac474a54288fbc15f6f5c636,470
harmonized,2716,harmonized/2716.rds,65,d42976c050921a94efa18c6740ae49ccdce6e8e1327ca256fe9d493b84d92198,373
harmonized,2717,harmonized/2717.rds,243,a4c87b178b67d74e0eea5854bec89a9a77bb34eba14cf5a2823e1ff448923ec6,588
harmonized,2718,harmonized/2718.rds,5,a91ee53d66fd448ce392f76fbf0234fa6f1238b1bdf6a51415226cd2bd918753,234
harmonized,2719,harmonized/2719.rds,145,97881aaa5d639618c12308f5d9d2cb830ce60667e38b006b5130bcb2948d4a3a,429
harmonized,2720,harmonized/2720.rds,1,68206978c408924f6cf2d3ba01d14a6e60e459a8de33b31772abdfe70ea46086,210
harmonized,2721,harmonized/2721.rds,174,0cd47a38f689ecd8df1f145f1a89c3a7af6d79d0b0f8e60328c27ffa44a90589,473
harmonized,2722,harmonized/2722.rds,80,d5d2514df34976c1729725ee13c437f9d1c707fdb3a12581f4174819eaa309b6,408
harmonized,2723,harmonized/2723.rds,1,fcb2a6412bf55cd56dfde8088896cb6adae3ec4f9da8541c197500e560b081dd,210
harmonized,2724,harmonized/2724.rds,6,8bcf69ade3f48b798d50d30e2361e23dbbc6d4f596d58b8f4a0fc4414af91bf8,227
harmonized,2725,harmonized/2725.rds,9,f6aa39356e48cbb8b0e761f3f193e019b5d62d3b54eeb3ce5b7f31834128e944,262
harmonized,2726,harmonized/2726.rds,25064,9146be1f73debdb2fb0985370b12b2edd6f6c5ade12a20da840b89b960a1a3b6,25459
harmonized,2727,harmonized/2727.rds,116,43f1c1712280f79d9c5a6c6603abe389bda38d1a72dac0295cec61fa246ba65f,419
harmonized,2728,harmonized/2728.rds,144,4cc8a1fadd89bce4075a2614329a7cdef57bb60d0363facff25180508a0c2ab1,515
harmonized,2729,harmonized/2729.rds,2,c51cf21af8ded1ae7731035e183604ef8d12f5d40346349a6dfb34533cc5094c,214
harmonized,2730,harmonized/2730.rds,9,547a94e94095ec600bf26e9db62a900e5035d3478508baba150fe06b1b99d034,233
harmonized,2731,harmonized/2731.rds,10,d8699062445a939ec0c579916f7f07c42440df7ac57e3671b14cd5f2ebed6262,254
harmonized,2732,harmonized/2732.rds,2,628a1e18c89f506e1e9697b0e669e74e5baaa9ab41f238d69e30e20ec790e7c6,214
harmonized,2733,harmonized/2733.rds,20,c1ea7dbcbf8c4a434e269c4eccb1f10d572b6235e27ff36831534f4f3c5d17c5,285
harmonized,2734,harmonized/2734.rds,5,aa09d931951ca2f96dfcf3397e237108ef619953e3bf6cca7e99ddc971ed54b8,224
harmonized,2735,harmonized/2735.rds,1,8ffe80a99e6c25dfb420c768bf01801e411fd79d731d9a72620408ebcabb73c7,209
harmonized,2736,harmonized/2736.rds,5,0c921c547a690cdc9ca288dfa17623ec763035a3e9f24f7de74e3015a49c3408,229
harmonized,2737,harmonized/2737.rds,117,c41c73c09e91da0e36c1f6723b0c68cc5b425666c4134387c4eebf3c56d1ba11,422
harmonized,2738,harmonized/2738.rds,16,8295d12bb9d3d523d02b9a7606534c53fc6c1f90e7d801650d7f1c5638565c50,265
harmonized,2739,harmonized/2739.rds,1,1c8d093323d8aac37963c0854d2b867b786b86ef92060bba9c8601ca2ddcdcc5,207
harmonized,2740,harmonized/2740.rds,12,7acf8589c51b28ca261d56ff92d3040b9eedd482da87870d229d7c3526c8fcef,269
harmonized,2741,harmonized/2741.rds,5,125fd900876d590764aac26a17721e528660eed55fb3cd36f4087b8107d11b3f,226
harmonized,2742,harmonized/2742.rds,547,ed578076e5ab7e3be2c92d1d7a34318ad9634b26ded6930820cc4c844b8878e5,809
harmonized,2743,harmonized/2743.rds,7,7ffc8b53270b7fddb2840e97e8fc3c3ffe8695f06722f5c607d03f8a2c236f56,231
harmonized,2744,harmonized/2744.rds,52,af54b4729e0217e023213a89df1a17bee445fd2fe9d69afb4cdd4c4e726706f5,320
harmonized,2745,harmonized/2745.rds,38,fdc33c16a4d85d220efb5e20f5b141e96a167cd98c57c19ce6a6e7e13a846685,391
harmonized,2746,harmonized/2746.rds,3,3d88fe8517b414a027b24aced123688a3a68378a431eee22cc4fb3d0f7b84f22,216
harmonized,2747,harmonized/2747.rds,670,07d0806c554fb8d1ab769132785afbf38231068d8cf3c61a83f204375b42afeb,990
harmonized,2748,harmonized/2748.rds,5,5a756a7d086806698c1a1902e64c3cda34c818f18ad77e737ca6969711c7826f,234
harmonized,2749,harmonized/2749.rds,38,984c3ab57d121132bab4e8ae275f3dcea20c60d33649db23f25a6327429e044f,294
harmonized,2750,harmonized/2750.rds,1,c9a3b9f167ee0cdfec1a5a75089a7904e49ab8141532c7328275f4cbc6c50e1f,210
harmonized,2751,harmonized/2751.rds,19,c3f69afbdcdfac50f8ce2c425d8ee62e35af04ca6e7caa6b26c88d3e0734560d,271
harmonized,2752,harmonized/2752.rds,8,fe9aa834329785a9b2b0c0cac281fb605837f0d4fa09ce699e4f85baa7474588,233
harmonized,2753,harmonized/2753.rds,99,c803a528e2672c6495c433b9316d1e7597a22749ed6a9d9272aaaf5ddf9f280a,386
harmonized,2754,harmonized/2754.rds,0,adadc686412c8a32c45fc2489b7ee54f6faaaf976b3b04409ca638c0bcd353b3,193
harmonized,2755,harmonized/2755.rds,1477,df52a0cf25be8c9e2ab66f73032b49972b8a7e625f56347afeba66fe29b166a0,2661
harmonized,2756,harmonized/2756.rds,7873,c56df5ef0445471e79004064d68a04623bb33184378d287eb38919122efb9cb6,7089
harmonized,2757,harmonized/2757.rds,9189,f8bed6301bee77041301ba745ef5b32d969070ce876bdaa7b3d5a3f01eca7405,8665
harmonized,2758,harmonized/2758.rds,5,78157cba3c5f78efaec54d55bf4bdd783378da705ef7dabaf2abbe264722ec4b,227
harmonized,2759,harmonized/2759.rds,10,34f86f3108b809da910104dd00aca0536d4f17b0041869f2a22ad21170b86a94,243
harmonized,2760,harmonized/2760.rds,1,ff131756478a18052a2638d438a0c1fb97c720f88a1407fa7caef6db42b8efbe,209
harmonized,2761,harmonized/2761.rds,2,257a08457a33c35bb8a34ff7492b3d86152af8aec914c9b36e7d2ebc5ba49049,214
harmonized,2762,harmonized/2762.rds,64,77dbabfe784375904214fb51c2cb6964d40b350701c5d30ca23926c50f631d7c,336
harmonized,2763,harmonized/2763.rds,16,c52c81c65ea0ab3fa2b660e44da89e615ff379e6e5760b08feef1368f9745bae,260
harmonized,2764,harmonized/2764.rds,13331,1bc43dc1623ab1ca04334cf010ddb43945a9f6a3c67c0a2e79a7133c08c3c841,6272
harmonized,2765,harmonized/2765.rds,20964,8063704a5344098932bfd0aeb32347d4217518958a7ed4e19a0bfca939c39b19,18957
harmonized,2766,harmonized/2766.rds,2585,1da581099dc4355e397cdf7f657e7f496e08a97168f30cf5af9dd3ce3014c6d4,2452
harmonized,2767,harmonized/2767.rds,4,611ffe277925552bbc0ec43f900061075a151f8d710d36f2cecc7a8656f02fa4,227
harmonized,2768,harmonized/2768.rds,2,de1f0c2fba80247b472151542268e90b4c1564305071a5cb54dc8dfa51f3c2a7,215
harmonized,2769,harmonized/2769.rds,5,538ebaa81e17e4bfd2c42fe3951e59ec2c0cbb8d979402f7f1269c202f060e50,236
harmonized,2770,harmonized/2770.rds,6,cc34ea6dc49e5e23f3c902e107e82b04deba26bd3211abfae2fa86da64acd951,229
harmonized,2771,harmonized/2771.rds,2,7ff6a9d002a98495280e8fc9bb5950ed8bd582062c562d01146bb53e1dd7591a,215
harmonized,2772,harmonized/2772.rds,1,96b9f2c19dcce32930a6a587c06989447279096cde60d140d607046a47ae48f7,210
harmonized,2773,harmonized/2773.rds,3,6d6dffd1d0ab782cca6755a6fcc8b2809737417d9dd9281578e77d38dda9c636,219
harmonized,2774,harmonized/2774.rds,2,4631711fe5a2e0361b9ad368057474ae00ba119287a53c495266e7e506bc2cab,214
harmonized,2775,harmonized/2775.rds,7,1e85a3eae3ceb38bce7b691837d8ec66b8b60ed09a0830e6af1fdd8d031ce1ca,238
harmonized,2776,harmonized/2776.rds,18,a7d064d43bc2f9f55b6db13f55fec8e019901f6a9c6233e6a042114083db3d71,269
harmonized,2777,harmonized/2777.rds,5,69fa6dea930f50df3cc116ff0101c746fe6d447dc112c9a0d1857e0034a9e29a,232
harmonized,2778,harmonized/2778.rds,11,da8e07512cacbd2bed5f415d22694c86e2058964f40c0c8233b8dd8db7cbc3b0,251
harmonized,2779,harmonized/2779.rds,15,112f53d508c5e70261cc66f041c93ad449fe1c08aa6dcd7bd262855c79938986,253
harmonized,2780,harmonized/2780.rds,159,0b090ffe47e8eafd18535108f74911b2d7edc12c0cff67dbbf68dfc1817ea06d,404
harmonized,2781,harmonized/2781.rds,42,625c67a095e823bb5b536040bb137d81a8cd87231555d07548fea799693f45d0,302
harmonized,2782,harmonized/2782.rds,6,961843fc224362f627be73cdb45aa33c25d9c63b88d90617d2924363db96c6cb,228
harmonized,2783,harmonized/2783.rds,202,2cee521c0eaf714274b1ed540089bf7da370b7a82b968456409967a4a68c284b,586
harmonized,2784,harmonized/2784.rds,88965,2d63e0fd21aafbd7fde5d17d37c11594d74a2c3027c8c62f8d310325b8541cdc,52803
harmonized,2785,harmonized/2785.rds,2,628a1e18c89f506e1e9697b0e669e74e5baaa9ab41f238d69e30e20ec790e7c6,214
harmonized,2786,harmonized/2786.rds,24857,74451c6c822ee5c1427e18f132a7219eee50ff540300a873f97623759307964e,19161
harmonized,2787,harmonized/2787.rds,40,c78f4bad1045ee7e85fa77b5ede3c1a9539e92b1b9d454c42a9159d9df151341,316
harmonized,2788,harmonized/2788.rds,26,9761452533a4b271104624c852b9badabcbc466316fc8904395367fba4cb41cb,295
harmonized,2789,harmonized/2789.rds,338,e5d6df2b2221125cd7da3a4e3014722b34cfa40464f2260bb264662d1fd011fb,603
harmonized,2790,harmonized/2790.rds,2,628a1e18c89f506e1e9697b0e669e74e5baaa9ab41f238d69e30e20ec790e7c6,214
harmonized,2791,harmonized/2791.rds,1,cec7cb2c41627a943bc9f8c2bf51615144c64cffd2676eee1aaa8dc00cd1f974,210
harmonized,2792,harmonized/2792.rds,116,0a8abb4380c158f58e7ba5a63f729de4ecdc5fda685019b5624ab66202aa3f15,433
harmonized,2793,harmonized/2793.rds,95,e3d3bb4aad3337a7325b1bb75d022e809d60c9e38abd71c07755eb3c657d371e,421
harmonized,2794,harmonized/2794.rds,45,169451e393253015946e9041eca460f543c8b2f74686bed3e53e6555663168c6,315
harmonized,2795,harmonized/2795.rds,36,6b1955a96cfaa7ab5c26763548596e466e2329822cdc0d86c1c6dae624edebdd,312
harmonized,2796,harmonized/2796.rds,1,183cc7d9a4c4652da796505cca9f16dc70ff2fe10c56724c795216c5f6b693c9,209
harmonized,2797,harmonized/2797.rds,358,b19382b90f554fe0921f5ac29a9fc21b0a4fecd9735e6145852de2869ccddc11,698
harmonized,2798,harmonized/2798.rds,6193,4823a45e27ec19bced14a2c9ee5465aa39593a7a2ef8d6e316a92d18f650220e,4785
harmonized,2799,harmonized/2799.rds,2,628a1e18c89f506e1e9697b0e669e74e5baaa9ab41f238d69e30e20ec790e7c6,214
harmonized,2800,harmonized/2800.rds,1,10cca7c13cd2fe2f03b26e51153afda41733de39df7fd1c8b9161a79e05405d4,210
harmonized,2801,harmonized/2801.rds,258,27e9b227c032e69af9c15f97bbcf86570ffb928a5e8b8237b32c3719ae336e71,613
harmonized,2802,harmonized/2802.rds,4,bb8246c2816f68988886e3335f0f7f4f0ee8cc2988cda3f54ce6c27f0446affc,224
harmonized,2803,harmonized/2803.rds,1025,45bbab8307b114f8b46e467f4198473fab684891e158788df7be5962bec48929,1154
harmonized,2804,harmonized/2804.rds,250,64f64ba0f7b66b126fb4a2a1dbf51a51aaf3164010619d6b7fb9d215af3b6802,571
harmonized,2805,harmonized/2805.rds,3,2557f6902885eb02303b74bb4557babd2d9af745cbc0b016ab02f7ea8b7d6c65,217
harmonized,2806,harmonized/2806.rds,2,f3edb1eca826cce1b7ef100654e2624de144d1ae1047007b9e7028cfbce919df,214
harmonized,2807,harmonized/2807.rds,15,f3a2549b89f1f3b6e5d61f399e237b15d81825e343403fc6f9af21c6d6adf149,273
harmonized,2808,harmonized/2808.rds,122,13f4c471d6038bc860d36fe29dd729d498daaabc43853432fc6d5e4baf7eb9bd,415
harmonized,2809,harmonized/2809.rds,306,3aeea88b3cd5c699ee10913d430f0eb05fb809c2c522d4b5e77dfeeb16ec8b74,542
harmonized,2810,harmonized/2810.rds,137,5a569ad190984e5c3a3e68c6bcb5a5309a0c6dcccbb270495693f1ba5b4b817c,438
harmonized,2811,harmonized/2811.rds,3,36e135a70e32c30652202e33dd46e511598c5b163236577da389b4d718eeeb6f,215
harmonized,2812,harmonized/2812.rds,208,22d9828fec0f086be09bdefe1c7aa866ef561978cc295171b99d6536071c443c,550
harmonized,2813,harmonized/2813.rds,109,a9fec57c9e5645ddf10725f4093c1296f4bde14ea3241f5d0990bd556902d651,444
harmonized,2814,harmonized/2814.rds,182,16823e45f02d1296d7d1b2bc7a03e5d9ac7c6e9d1bd26ff36e34c9264f6e024c,527
harmonized,2815,harmonized/2815.rds,36235,aa56d2848c2c42908720af4324b714d581d004f37068a4fa30108eabd1607877,24539
harmonized,2816,harmonized/2816.rds,3,4f7d45cfe5acd643db3300e38b91c3f818ec522acc1d37bafc2c0bc4619f0f80,220
harmonized,2817,harmonized/2817.rds,70,71a2558d5e30dc7f2fda0c543903d52e8a3e6bbdeac87d87d02da9c3b963bc26,332
harmonized,2818,harmonized/2818.rds,211,acea8f3ce9282ae4fb2cb27211813e50da4863e19b39f3106e42d208bf3afd0b,462
harmonized,2819,harmonized/2819.rds,16,770d9d53d859cbf49119f90dd27339f01417fe5b8a922c25c52cae9bd25dabef,259
harmonized,2820,harmonized/2820.rds,5,eaab3b99945ffdbba238353a89694b150d1311fcb74eceb896f5aca1a3fe542b,230
harmonized,2821,harmonized/2821.rds,81,c6ddf4c82df76067e3d9d0683a61acbba6c08172c24cab5dfd5a1e3aa85ec471,386
harmonized,2822,harmonized/2822.rds,88,087655df3f15b8fa57933edcab623d1bc567c1883a004cd917b43952ade43e47,390
harmonized,2823,harmonized/2823.rds,1,5508c37b48e5889d9b34fa963a29641cac634e4eb5bc0bc071baa479cbea94bb,210
harmonized,2824,harmonized/2824.rds,1,97c95171667f7a0806bb25bfaacb26c3f5c7c0fb5627afee598a20455a7c06bc,209
harmonized,2825,harmonized/2825.rds,350,f737888b9dfd0028e217c7cfb8be44eb2c422e2cf7f50956a712c4692a4c7a18,544
harmonized,2826,harmonized/2826.rds,18,a491735f9866e9fe8f5dc590dc078b7e2a471582cb1d11e07903038d816362a1,271
harmonized,2827,harmonized/2827.rds,193,4cec64c40d7ec5a05e3eb517c4125ba328cef035ad48cd2a44b8c5540cd28f17,469
harmonized,2828,harmonized/2828.rds,2,7a64f76d56f02d582ff257ffaf2f32d5c99156e9b47bf079f518c0936b97a46c,213
harmonized,2829,harmonized/2829.rds,74,71da147195f1c0710f44854eb64098e37568f59cdc52009629bce7a9262f7fa8,357
harmonized,2830,harmonized/2830.rds,11877,d3cdd15da18dc39c068e6c7c86e349f06021bda8894fac8fd46c9fb9f4bc4f48,8192
harmonized,2831,harmonized/2831.rds,11,51daf54e6023adf421e7ce6da472dc2ad9d85d280f1408117f40b8ebe335826d,250
harmonized,2832,harmonized/2832.rds,2,d97eb5766af08f21045649f3deb23a983c02b9d7cc23ec8c3c88b044b0b4d241,213
harmonized,2833,harmonized/2833.rds,3746,30abc6b2cdeac7cfa29d11bc6b1bae5e931f653b972d96d8095d7cab63229afb,3854
harmonized,2834,harmonized/2834.rds,8,ce995f15c5bf8c72243e22259c13896897ed2c30c2fbe0b28d03defe5d5eb090,239
harmonized,2835,harmonized/2835.rds,90,a49d6c4a2eead312d0a87ae68d5630a1e8b1e75c7d3c1265def081474b649df1,400
harmonized,2836,harmonized/2836.rds,49857,f0194fe886f66cc1fe32e94ce2fe44a8308638430b05b112f09e39e8c21562f0,32934
harmonized,2837,harmonized/2837.rds,1,678e2e1484d20833f7dc97784575b76add8c252755c7b46ad0cebabe1d525a16,207
harmonized,2838,harmonized/2838.rds,92,97e0311808b4a5d727ef71cea49ac23ac17b14983d4069eb2c3ee84d5c76a0f8,346
harmonized,2839,harmonized/2839.rds,522,1d50718df1d218aab741a9a69560f48c396d93e3b863fcda7a96aa5740ada35b,886
harmonized,2840,harmonized/2840.rds,4,a4d5adb373f110e94d10b24b42fe5d1487356708f9ff390f188a5d5471f72bd1,226
harmonized,2841,harmonized/2841.rds,262,f91421d3c6266c24401992ea104182cb895f645efd5b6b6291a256e0a900d4fe,564
harmonized,2842,harmonized/2842.rds,23,ad8680f7d811162e3b339f288713ce12fe026c4a0392980922677a11bc6d5890,273
harmonized,2843,harmonized/2843.rds,203,769311a2f88f43d08f83ba4302cbf0c31cfc348e9198ce8075dfe00fa046834b,519
harmonized,2844,harmonized/2844.rds,4406,db91369c8bf372f00bfa6847d73e002c3e2a2bca2270c343c3cc5148ed0fb355,3455
harmonized,2845,harmonized/2845.rds,16744,73b84b5d35e66d249cc3f8a0a73289f00f42f3351091fa7361c72720b3b0c191,13963
harmonized,2846,harmonized/2846.rds,1,8d11cbd9b6444871e620fe2c57622f1cc2b56fda2a51d99e22633bbc211bcc7e,209
harmonized,2847,harmonized/2847.rds,23,72bc1114830a8a7e6f9877c8a8e09cb2f417be833fe94bb945d62731abcd861c,277
harmonized,2848,harmonized/2848.rds,3,04f39fb53efddd43ad824c422962caaf3bbceae8787e3a4e50dd498e0dcc5f4f,217
harmonized,2849,harmonized/2849.rds,7974,216dc2d5fb8c01a4034c6a2dfff0dffade3be4f0d3b3a6548af9703a07b0f23f,5720
harmonized,2850,harmonized/2850.rds,1862,e4e165faaeff45d1d97dee4e423e16e89addffe341486dede38bf3aac523a748,2511
harmonized,2851,harmonized/2851.rds,126,57f917a49dccd5ee3e7986bbf4a0cdf0ade2af2ee433cb54a86b21b06fd8e44d,407
harmonized,2852,harmonized/2852.rds,2,d2471be83d6cffd77692445cafdf49bc824b587fb7609d22dee23e2c99e80cd4,214
harmonized,2853,harmonized/2853.rds,142,ddf5fb403c8d151e656a3342e33b5bd65bf9297fa2dfdc63fd6e4aaf917755da,514
harmonized,2854,harmonized/2854.rds,2,628a1e18c89f506e1e9697b0e669e74e5baaa9ab41f238d69e30e20ec790e7c6,214
harmonized,2855,harmonized/2855.rds,70253,082ff946488126312f29cf4488403d04f10ccc12acb12365b5003fc9b6678065,46807
harmonized,2856,harmonized/2856.rds,14,b6ef53215796f7e7fc3b0971817b79955f71fea20e3011223f474482f932c6b4,271
harmonized,2857,harmonized/2857.rds,7237,2c8daa91bcb8bf98d61f05c01b9876b4dbeca30fd7872a9ae0f6dc09779b7e14,7436
harmonized,2858,harmonized/2858.rds,1,979171cb6fa99f56d23ace137134aba5621b24593759c9a4a92039cd1af726a6,209
harmonized,2859,harmonized/2859.rds,55,4eb032d7a531cac4545dbb95cc0fea83694267fc1224ea2dad0f4225bcbd124d,361
harmonized,2860,harmonized/2860.rds,5756,4d9f6c484697cf21553f5a709473bb569c5caf7c59706197d2ba60f762bc8266,5613
harmonized,2861,harmonized/2861.rds,26,47c89db36559f3682c5e087a4757d23093fb7d78a8e6c0bcc634db3cb2315387,294
harmonized,2862,harmonized/2862.rds,8,eaec271eead099d83879c02daa6dd34e3e8097453fdfa4e1cb3ee674d465a2e7,232
harmonized,2863,harmonized/2863.rds,37,5b518665f971b37542ced137c43a538c7f4850a94b61e2183cdc588bafe74a1c,302
harmonized,2864,harmonized/2864.rds,65,2e84aff91ae271583c4fa1f9912ab0f6f816a97f2e2db803109b0d70b9783938,347
harmonized,2865,harmonized/2865.rds,1,cec7cb2c41627a943bc9f8c2bf51615144c64cffd2676eee1aaa8dc00cd1f974,210
harmonized,2866,harmonized/2866.rds,247,4262a2f6ef83b3c7e4d5f5874a0ebb5142f46bf695bc215a5f1add0654efb7f8,519
harmonized,2867,harmonized/2867.rds,88,c38434e449e29e62fd8d7da0dd76a7b465c79523f1b665307ee0b5ba019b7201,375
harmonized,2868,harmonized/2868.rds,21,12cf1e4898dfbd7961250efc74557d4644c5fc61eec66e22a5bc6755e3222fde,294
harmonized,2869,harmonized/2869.rds,813,c7cf076a1ad03fad45afa8966186269b3169fb2ba0973c032e03b7cde4c09b00,1296
harmonized,2870,harmonized/2870.rds,24,df72cab63eca4bbed06f72a98ece6545b680785ddac38d14df9648c8dc1cbafa,281
harmonized,2871,harmonized/2871.rds,5396,1147d62646fd18d5ee9668a9164a4ef451bc5d9775bdcee9b0ab43ef86f53930,3830
harmonized,2872,harmonized/2872.rds,1,dc5fd2d969a53eadf9a5122e68a35b5b720d57e6bb1fa9219101a764c4be4960,210
harmonized,2873,harmonized/2873.rds,10,9f2c6cb61056e988ecb9ea3938a2c9407b66cf7d0b0793af5477291dcd360a99,252
harmonized,2874,harmonized/2874.rds,7,f1c358ece004f0b908707a8ec1c7191ddbc2b3956e7589bb34dbc45444b4e879,246
harmonized,2875,harmonized/2875.rds,472,2f426a105e00ecc2fa39bf14cb11336e1e6409f6860c88099c045b4c16f69d38,667
harmonized,2876,harmonized/2876.rds,2,53c58a90a85b9cac9043b947ad975b72b4a21cc09de7f9fd6e5566f8fe5d2022,211
harmonized,2877,harmonized/2877.rds,112,c3ffacb8a3c0a8b723889511f19ced80684ca9683fbbb37ebdb9d6bc2b961897,472
harmonized,2878,harmonized/2878.rds,16480,55f1d34e83d8314781c5bb5e4de2850d2fc3f618b8508cac043f28558c3dc8c6,21096
harmonized,2879,harmonized/2879.rds,23,3a78a1b53ac7878b9f5c3079e8173f0aca942aa793ab4a1fe18762c96edd30ab,275
harmonized,2880,harmonized/2880.rds,32,6969827bb1230017302496591f850576673933eaf3c21e1ca3cf5606b7225a58,316
harmonized,2881,harmonized/2881.rds,25,93717ec5faeb65f66aa45f3b94c32872f2fd1529fedbfe4a50e64fba4548efec,281
harmonized,2882,harmonized/2882.rds,16,bc89ac5aa46d30667b1945216e78071f3f295c8c8bfed6a351e7de96b6e21bb3,260
harmonized,2883,harmonized/2883.rds,1483,2454b7d0a0dc8d4e6799d495a3873efaa991532bf01f3b555369f99003bfdf98,1983
harmonized,2884,harmonized/2884.rds,176,b4d666afe840c8419ad60afc042ba1c5e2322015aac9be084e8a4205b043ef7c,546
harmonized,2885,harmonized/2885.rds,49,48c5e6bc6187ba247dd47df2d3547b745badf3781f05f9bb1c5b1244ad54d763,311
harmonized,2886,harmonized/2886.rds,0,adadc686412c8a32c45fc2489b7ee54f6faaaf976b3b04409ca638c0bcd353b3,193
harmonized,2887,harmonized/2887.rds,42,d3aa8cccd8e71024f35ee6f65690e3b198b9a7417ac583613b3ada1910c85f21,331
harmonized,2888,harmonized/2888.rds,307,377fb5e4f459d3b645dcb556602adbe84fd9a62a13e6798aba79f344a07d0b1b,779
harmonized,2889,harmonized/2889.rds,354,74242d9e76c2aee0953f742661bee62c4f0e86abface6fbc0103b707309b7fbc,645
harmonized,2890,harmonized/2890.rds,19,a4ac82312b64e30b89945c8eb5f5b23266505323fa1864ef239a09be24d75b71,247
harmonized,2891,harmonized/2891.rds,27,e7e49faaa4a21f8e9cd038855775971946b8dacb0257bf0bcd40242bc8da57e4,284
harmonized,2892,harmonized/2892.rds,2,43d225e2c55c470e46b030c60da4e667741bd59155068bac5a4582b14c724385,215
harmonized,2893,harmonized/2893.rds,2,06bdf1b2c78b1dd4a17e9b749c18b221c4e33071fd488f13f9c90110c7402ad0,218
harmonized,2894,harmonized/2894.rds,1,23d7587dbf4354058117f29332f9d76f0026d7689c1b8dd75518507bac515f31,210
harmonized,2895,harmonized/2895.rds,38,5ea116c9bff339b78a3de41b8b2af3962f259803818586a4b2af4859299e0ae0,323
harmonized,2896,harmonized/2896.rds,4,f30666ffee353eae8853d8ddc62b30b7da7c96df68d827046958889534667199,231
harmonized,2897,harmonized/2897.rds,163,f7b87d619c4e29b2a4e28f6aca37374e480b6ed80c086df8dffb9f2453124a2c,458
harmonized,2898,harmonized/2898.rds,19,8117b3b60f3179f5088f81900be870dafa7aa2d04b103065bca41c7b7f528ba4,261
harmonized,2899,harmonized/2899.rds,77,a47a7826c0bdb18567b9c9fd8b27e5645860138a9472f171d1f81d756c95bdc3,351
harmonized,2900,harmonized/2900.rds,3,267e35beac9c56306c7fc273a25467342e0d4766265d73b5546410c834a5293b,223
harmonized,2901,harmonized/2901.rds,3,c249d5e8f975dce4318efb3448ed8e2d6848abeba4b2652206f26e515bfa07bd,221
harmonized,2902,harmonized/2902.rds,300,47df66d14619faefed76f3c5ad9d6edd7051250a8da12c274e2f51c9263919e2,638
harmonized,2903,harmonized/2903.rds,233,0472ae07bdae0dc257dbb32bbfbf1c0218da0f0457b2af2062466f4ff8ea38b4,433
harmonized,2904,harmonized/2904.rds,27,787241691ebf3fdeca0ca6e142c15a899a916a037a74c93690214b45a98ee386,301
harmonized,2905,harmonized/2905.rds,1,1c8d093323d8aac37963c0854d2b867b786b86ef92060bba9c8601ca2ddcdcc5,207
harmonized,2906,harmonized/2906.rds,0,adadc686412c8a32c45fc2489b7ee54f6faaaf976b3b04409ca638c0bcd353b3,193
harmonized,2907,harmonized/2907.rds,120,45053e508658f523f84d50fe828b4ad63f95333ce9ae03aa0b7a4b8662623351,353
harmonized,2908,harmonized/2908.rds,7,93f02ed7d14e116b7da030bc0563836cf4d1a5666ac33f34f35380d7b7eb123d,232
harmonized,2909,harmonized/2909.rds,61,c32f99e43c9de74eae89b3a06ce7400655d16d29bfd1e3583704c4e9a4c5f145,338
harmonized,2910,harmonized/2910.rds,84,6b6333c1b03684d4af6ba1114c0b5477ea7ce283648f5ac1f7d91445c475f131,358
harmonized,2911,harmonized/2911.rds,1,408b7d63c60f3093a0f1cc70900c440fd87aaf88941c6d56c97f12a6f8a90f3b,208
harmonized,2912,harmonized/2912.rds,174,7be7cb971bff21a589f9597ada904d1e568f2e25f353012494630d5ece6e02d0,470
harmonized,2913,harmonized/2913.rds,92,d02e71f1d37078db5c823342dcf0e4912027eca369d3f32393b7c5fe6e4d30bf,396
harmonized,2914,harmonized/2914.rds,284,5e20464d9f9e4689b162f7f9898ae118ad381fff0629b18e575a1172fac08269,613
harmonized,2915,harmonized/2915.rds,6,113abb3f91645329aa8f8c8b6348266f268067b7d1065ce110fafeaa13f877d0,241
harmonized,2916,harmonized/2916.rds,3,6b62bc12dd10f5db4cd1f6cffd4269b101048e7205cec7eb849422cec12d6715,219
harmonized,2917,harmonized/2917.rds,294,7cd979c0ad0b2f9403576787886047c67b6bb039b1e373a1cf52c299bcc89772,619
harmonized,2918,harmonized/2918.rds,37,106ee4312e4246e961d6fad525d90cac4fd671979077654ec10dee86059f4796,312
harmonized,2919,harmonized/2919.rds,97,e138ae2347101453d4de346e560275305e8bba728d522427494cc5cb35066396,448
harmonized,2920,harmonized/2920.rds,39,0c227fa3029e2cf157eedd134f0dea9ceb8a85f4119b3662fc7515831fd4735f,313
harmonized,2921,harmonized/2921.rds,48,1c54af86c779fabf906ff5d3366a29b5d835b438625af1b96d4b09b984a23ecd,326
harmonized,2922,harmonized/2922.rds,300,61ec51f5e8aee14044a6f6f7fb3b2b5de4cdca477f27ade9fba2529dd3affd4f,678
harmonized,2923,harmonized/2923.rds,4,cdc013503416d625579a72a2ede9ac939752c705cf73c25439c254fe04deb2e3,226
harmonized,2924,harmonized/2924.rds,722,933c6fe978f8205be894bcc31ce9f4d69be12e73051b66890f0f920d6814470e,990
harmonized,2925,harmonized/2925.rds,249,e757e137908596c014a30db6b65177411ab618fb43ceab2e91bedb113e244073,530
harmonized,2926,harmonized/2926.rds,13,5d3c605b7d1934b79eedf64ee97a08a053759b8a3ad55cb6b75c03def6503fe1,256
harmonized,2927,harmonized/2927.rds,2,628a1e18c89f506e1e9697b0e669e74e5baaa9ab41f238d69e30e20ec790e7c6,214
harmonized,2928,harmonized/2928.rds,132,d8e6e7b8dbae50cae8a40ee8ac296824605043c0b5f7111566a1c332f9e208ab,440
harmonized,2929,harmonized/2929.rds,31,5d9b00b7357e88ede22e77e9805d6f4dda3554f6e0465b42dde9ad84c292e3f4,311
harmonized,2930,harmonized/2930.rds,78,8eb8733522e249b865fecca513d0fe5d2b609e3f5e634940b8975873007fc1f4,342
harmonized,2931,harmonized/2931.rds,317,6ed88c40e726a7d346ce1d05d307037269cc2b7da891f6f1abba22780d924f93,594
harmonized,2932,harmonized/2932.rds,10,0017765348c88106f52bf1ace0fe9d08fd080b64ddc59e0f22a8c72d50c3061a,241
harmonized,2933,harmonized/2933.rds,135,142fc139846a054a6b252beb86b4fd2df23f0de3176a7418f26bee33b90bada4,441
harmonized,2934,harmonized/2934.rds,105,f75cbc99aae7f7aedd6e6f29e5a4ac682865466ede7bef6133aa8d3e4f95f43a,404
harmonized,2935,harmonized/2935.rds,72,cba90dcc860b314cfe37a94417efb98eb74e40d31af04631bc97a1f3506bfdcc,446
harmonized,2936,harmonized/2936.rds,165,b416bd8ba95cfe7a05dc624fe9bf1da4a3f070457bea4f5fc1217946c2eaeb6d,423
harmonized,2937,harmonized/2937.rds,118,8665c6c4d74cefdd78e3fd66b11165c7ce7c6cdb461d62fae092dd2b8cf55ebc,428
harmonized,2938,harmonized/2938.rds,7,9361a006fff74edb0df3f5d3b234acd43c32e5e0cf6339608c94120fd74a40ce,243
harmonized,2939,harmonized/2939.rds,298,2d84ffafa1a32e6ababae132572414d229193cace871dabdcef3bf34180e5cae,624
harmonized,2940,harmonized/2940.rds,78,905ed31f02d55e40a6bcb93c5a6c1ee1d4a28310511e29eabe736cb3253a657b,371
harmonized,2941,harmonized/2941.rds,427,3b39ff9a167ab35d10af3f27642df3ddade6d32e7f05023990989df2043669c8,587
harmonized,2942,harmonized/2942.rds,7,2eb919c76f800b50becb34e742e8480c396f2f723e37846d65abacb434d5844d,242
harmonized,2943,harmonized/2943.rds,10,88a1d026f19b573da26129e4d9cd1e7196a9aab54877f621f7b92f8183717d7b,249
harmonized,2944,harmonized/2944.rds,34,149a28361c0bc08140cdd4aac69da2b426eb29c27d238a0d39bb5f57ebc306de,305
harmonized,2945,harmonized/2945.rds,1,1c8d093323d8aac37963c0854d2b867b786b86ef92060bba9c8601ca2ddcdcc5,207
harmonized,2946,harmonized/2946.rds,4,307204c4bdbbf2c8bfdb1446ce1396bafd9a3968a5c783ad928a95cf2c0be7eb,222
harmonized,2947,harmonized/2947.rds,6,ffe2b7542927ea031e33c7851478ef1ee7101f5e6e10d2c2dc26ae2882d7ca82,229
harmonized,2948,harmonized/2948.rds,17,6e0a9d1ca456f2d3fabadf6687138a471097d83b3641b00eeebd3ff9ed0d7b1e,261
harmonized,2949,harmonized/2949.rds,7,43ee921705587ae8918c1b0cc82cd51c4f613c869c9961c7cdcf7af7bdd866f2,249
harmonized,2950,harmonized/2950.rds,46,f92170e0fab0e640f214737c52e5a03c49f288490fdd5b17bc24381874d61ac6,340
harmonized,2951,harmonized/2951.rds,5,9efd457ddbf4c1bb7d58638369172aded4dfe77e2d04e86d37cd6c8ed261ec88,225
harmonized,2952,harmonized/2952.rds,5,9efd457ddbf4c1bb7d58638369172aded4dfe77e2d04e86d37cd6c8ed261ec88,225
harmonized,2953,harmonized/2953.rds,7,3a216694f287db9b6c9eae49d035584d43f9a6bc0d7c425869359198aa2588b3,250
harmonized,2954,harmonized/2954.rds,22,97aa7a0e2fe44f91cc70df1a5e6aff77c48d372150f14b3edd642b73b9f8c18e,270
harmonized,2955,harmonized/2955.rds,14,3573eefe0450dd0577ceaf8f310784952fbe1247ef266ea5e46207645a440c52,276
harmonized,2956,harmonized/2956.rds,697,068c349be1c15bd735738ceeb2304021d6015b61a86b3af8eb6cd6caf83bb653,1232
harmonized,2957,harmonized/2957.rds,167,a17ebcf964ab37d2d8a599edd11ff5310c1a97ba084b875d5581562aae772b4a,489
harmonized,2958,harmonized/2958.rds,83,662f3e4fede48335910e786c927dfdde05dd18ceff90e56b42046701ce4c1bef,365
harmonized,2959,harmonized/2959.rds,565,f0925506db9b5aeeba69e4e504f224271f71f968d1c8507d0311cb167e66f6d2,852
harmonized,2960,harmonized/2960.rds,1938,1a1b5b8ee4449bc2d4d8cf3fd3b0531c8ec5c96ba200c164782236960626e0bf,1897
harmonized,2961,harmonized/2961.rds,665,25a00df134c54522a86176cb1a640760cd627dc7cc90f2da828efd37f97b1ca9,1208
harmonized,2962,harmonized/2962.rds,29075,7fef5fb3992eb75faeaa8077e4d5ba40401aa410f759add19b220e6b9ff44339,22840
harmonized,2963,harmonized/2963.rds,24240,eb9a9f58ee6259d0729c199082ad87e0c65366bbb8fdd2fc1d0ddf93365e764a,20886
harmonized,2964,harmonized/2964.rds,1,6081a0e7d25d224b79f00fcfddd56183848f744193a8f8d7e83b9c78a81300d4,208
harmonized,2965,harmonized/2965.rds,58,6818b3533f473e079d0e23e54b084291a6dcb46a262a9043fa56699499aea389,329
harmonized,2966,harmonized/2966.rds,56,238718edbf6b4974275ebf8714fa57eccb384bd9966aba3f887eda22025c5158,318
harmonized,2967,harmonized/2967.rds,19320,206ee5847722ade1762d5f6b6ff814465462e2246bfb918e6d0db8e99da44060,12538
harmonized,2968,harmonized/2968.rds,6961,903c8483def41f386aa1f5dd826ab998abedc3bfa55134e5c6a8cdd72dadca46,9271
harmonized,2969,harmonized/2969.rds,3782,a037b19b1971fd491a1f8aa66289893148bfad543ce614e562751ae288296e71,2862
harmonized,2970,harmonized/2970.rds,158,490e0bcba4447e78d9f15c0a9c9f43d60298812d22dfaffc07c63143200a6bc7,400
harmonized,2971,harmonized/2971.rds,4,bcfa13cfcc2f9c1009f3de57c20bab4c8943c2db37c0829b3fe8b1fd715759ee,221
harmonized,2972,harmonized/2972.rds,62,e69e50a307311deb39bf2a4caf0c0d250423bd2887dcd4649e3140fce43be2e7,337
harmonized,2973,harmonized/2973.rds,1603,801520406b35727351a10ba80519a7af79ec2b716cb332b5ecc0c1c1662f699b,1603
harmonized,2974,harmonized/2974.rds,3,d5ab894d5c839c68d295f84c87f83d7619b7fd571377d5448b5b5719532b9e9e,218
harmonized,2975,harmonized/2975.rds,80,6fdf5d81b36d019d912bc6029d6cd1eb617b794ffb071202eb0cf4eb6c1dc7b1,403
harmonized,2976,harmonized/2976.rds,22,bcc980dfd984ca14397da2f6e46686e0363d22bb42075ee9cd67c73fd8ffda88,294
harmonized,2977,harmonized/2977.rds,2887,69c1538f838cbc63e6c8003a689d8538eb0e073a82952249d1a54d57f2bb3e0e,4863
harmonized,2978,harmonized/2978.rds,1,1fb66608a0a3849e3cd30eeb2ded51c11bc505f8c23eeb208e1b09b7ec8b41a2,210
harmonized,2979,harmonized/2979.rds,6,4ace83b6b7830aab6d8251c94402e0dc995e100b2778052f55e310881a656487,229
harmonized,2980,harmonized/2980.rds,2,628a1e18c89f506e1e9697b0e669e74e5baaa9ab41f238d69e30e20ec790e7c6,214
harmonized,2981,harmonized/2981.rds,41951,24b6074ccbba66a284e64475be6bc95fc6756920e37e8a2cb3bd37014328e52d,31356
harmonized,2982,harmonized/2982.rds,12,b49fb1d4ea55cbdb4cf3771c0ab820095777bb4f86726e560ebbbcfbfbd3220c,246
harmonized,2983,harmonized/2983.rds,176598,a71a0d7fc6630aa26926da4ed3901536318c8eeffb01cce4362b440f7ced1df5,77774
harmonized,2984,harmonized/2984.rds,248,e981438ee1403dc2bba8b2477026cd2ab3c487761e57dddec7c7a1bbca0fb950,425
harmonized,2985,harmonized/2985.rds,8,e152c6e8823df71d727efadd2df599d24d2df47494a3f6081886a8d6eba6dcb1,232
harmonized,2986,harmonized/2986.rds,26,27ffef9b24b4d743ab455b5e1d1d99f1df1f94c6a3a0f85c54743802d453bf9c,299
harmonized,2987,harmonized/2987.rds,30,40f4a54a6b5d8a73eeb29c6d1aab28187fb83ed598d740de8f1ca9f77920fc8a,287
harmonized,2988,harmonized/2988.rds,409,dfd3b51b158b9433d9f7e7def89b3abde32d0f1bfde591275564dbafaebb8983,944
harmonized,2989,harmonized/2989.rds,2,16b3f20f2c24b457020fe5e9ceacde31590d073927c230591efcaf1565d0ff2e,218
harmonized,2990,harmonized/2990.rds,86,bdfa686a834f4711377d6ecb43e1112817ec3d06ccbe699f45988c0fbd1348b1,413
harmonized,2991,harmonized/2991.rds,12,53e56900708b751f122013985a5daf5569a7b24535804510c4932e2ff9d75bd7,252
harmonized,2992,harmonized/2992.rds,2,14775ecab4885a0c4c804ca4e414e695543ae56bbab5e4c88f5f79676d34b3cd,218
harmonized,2993,harmonized/2993.rds,65,d14b43ca30c7dd13785871ab1eac6929986ec6366d339f72aab2bd43296281e1,320
harmonized,2994,harmonized/2994.rds,7,eee0ff27770cff7c411e053857001883b1677986cf5f5d63d36417e4f07f25f3,235
harmonized,2995,harmonized/2995.rds,38,059d029e96e82e8a09f37327e393095955dea1910bebd58569a44041e94bb500,302
harmonized,2996,harmonized/2996.rds,92,1513aeb94f71e1bc7a7c40a70f48186c696895460adab289a1cb2834197e9dc3,332
harmonized,2997,harmonized/2997.rds,23,d2eca0655c8126e54250621dc34440eb0ce4643b6225c2d074d08f6a6d4fa1cb,279
harmonized,2998,harmonized/2998.rds,141,e89c4e952333e5d6007e1428a21b02e2b4e7f4a0bc2a21021f10bb07b93ddd13,471
harmonized,2999,harmonized/2999.rds,12,e85293fccbb5c6f8665988b2bc13cdcd37be0dfefcd99d949e1f543a99cbc6f1,262
harmonized,3000,harmonized/3000.rds,21949,f07fb092809c750ae3fd66d87d4d3478e9ecaa81b49d01d760b69bdeb1c31ef5,20683
harmonized,3001,harmonized/3001.rds,12,60718c73f58e6fc110a2b3b669c6ba9dd612c741806bfe184de36232a062fb11,260
harmonized,3002,harmonized/3002.rds,8,001aa250ee8e5c6df53a63bd76795b06a1fa81b8aa17204f7477a638167dca01,245
harmonized,3003,harmonized/3003.rds,1,aee70ff180e78475667404e1dcbeeca20049e34e5844cd7073aa5793f4453815,210
harmonized,3004,harmonized/3004.rds,3,b9cae96627161e2564adcd0e2c842e22bbdbee4a61adefd84a1f04ab5846e4ff,224
harmonized,3005,harmonized/3005.rds,6,62b9924106ef23c914f89de21b25862a7a9e8dfb5e0a85112cef7425636893d3,226
harmonized,3006,harmonized/3006.rds,549,3e09a9c3911fc8602f248dc45626b5eaade6b4d3d1cf84975c4d88ef28f12f32,816
harmonized,3007,harmonized/3007.rds,2,e17be5777dc2e5459f251d19c952fb8e924b99123c62e8a27c2e81099b79ff1f,216
harmonized,3008,harmonized/3008.rds,161,d1c76caadc585150ca18e8d35f2afb504b7515d4b3acbc38b7067a102bd1af63,362
harmonized,3009,harmonized/3009.rds,28,c8dfeb59dd37536c8c0bde4c253261e73b73cb3d223580106f0c8a3109937c6f,311
harmonized,3010,harmonized/3010.rds,11,a8c5b796d5558fa08fc175243b133bb17dd17a3859b7d109c978c8d226c2225e,242
harmonized,3011,harmonized/3011.rds,11,3b489f24e1a1093df1b5672a3482f659a074411915c90aa504122f750a0d80f8,245
harmonized,3012,harmonized/3012.rds,759,b44b025be2e7b1fbcc4306040b8af0c1ca1d8781d2c860eb7ad50349c2bb07a7,1098
harmonized,3013,harmonized/3013.rds,11,0f3011db73727ecab56fd6beba441efc038a3f13b7483e61191f24d2f0a54820,245
harmonized,3014,harmonized/3014.rds,1,06668e7af049ca7bf517e5bf0dacca64da6447ab2320d655302917ca6397e1dd,208
harmonized,3015,harmonized/3015.rds,60,87dbe2199e96c092983d4aa214496718b033b5afe3c8c9bcec634a5b55b5000b,359
harmonized,3016,harmonized/3016.rds,9,bb21667020414ab62699bbad85e46a2b4bfe685ac72ba3fbda6f384737b3a0f0,232
harmonized,3017,harmonized/3017.rds,809,7e97f12eb1c553fa9cf0269df4a54b47f7c7789ba0821c54a3b8b2f26331246f,1061
harmonized,3018,harmonized/3018.rds,5,774134e28435fa03d5ffb87da076284bf2f9b3ae60857f344824187c792982c2,235
harmonized,3019,harmonized/3019.rds,3,b8eac4140c45a17faabe3cc661119b0822839de03f209c64a956d5d682075abc,218
harmonized,3020,harmonized/3020.rds,108,25d7fa752e9e3456021e28e247d3f078d7f67a57751475597cc4b97cbab0b4b8,354
harmonized,3021,harmonized/3021.rds,18,46dcf847b8e734dc3f511d4fe57376d0f13372cfb7c4a1163e3839f212116494,266
harmonized,3022,harmonized/3022.rds,36,b9d56d52fe4d389cc8b17302936e28435bacf708a47886142a92158c5b41d45d,318
harmonized,3023,harmonized/3023.rds,298,11a17cc8bee16a507326da794d45cd0a7ec3bf71c9e70967bc81b13f332cd846,633
harmonized,3024,harmonized/3024.rds,30,0973966d7e706a91ba908a52ab82d005f56be0cec0e2d63c5c4a4dd847200e85,309
harmonized,3025,harmonized/3025.rds,60,4562416f4ef8157626065c5a558a92e6023d9e6398b60b8e67fc7400a6415ae6,339
harmonized,3026,harmonized/3026.rds,65,47941bfcac4e087f11690318b4fd05c90285d019042e16d49379836d54559705,334
harmonized,3027,harmonized/3027.rds,5,97110d1f8f62dce9868a0cc5789ebf630c0451c787458ed6bc53034445c8b090,231
harmonized,3028,harmonized/3028.rds,178,bb6c6aefe4d9163ecf8b5d1a5005f746dcdbddce871b70fa77b8f03d7a256241,509
harmonized,3029,harmonized/3029.rds,211,9e58d171342286127cbc59ad56943826841ba05d77a29a30b7bbb93824b1ca2d,541
harmonized,3030,harmonized/3030.rds,36,dd55c5e47379183b417376779de128d0762aeb1a53bf3a467038fedc4a506a59,313
harmonized,3031,harmonized/3031.rds,6,f7931a34ea269030e49789fa7be341f2ae05dfa36b0b96e0ee9dbd2510d5520f,246
harmonized,3032,harmonized/3032.rds,189,47496d05928297fd8439d9f8d903ad77d1b6722d3908fad56c351dbc524873ae,430
harmonized,3033,harmonized/3033.rds,14,2d73b69505e2e5bf2d580295f7195701cfa2155956abad1b5e9daa88d7b42ce1,260
harmonized,3034,harmonized/3034.rds,7,e2496e8e752b89f6e7d48f7fa1fc73fa8f543eef184f4173264258b726c6c06f,242
harmonized,3035,harmonized/3035.rds,373,6b2ca64ff1bcc138d5e78a2dc6fe8202dfb2e2dd42f629e4315a5943a7c22ba9,737
harmonized,3036,harmonized/3036.rds,217,d438a6b3f02df991bdfa9c8f91be7bbd7ef165d81cb70d55b63444e5bb24e750,553
harmonized,3037,harmonized/3037.rds,10,5fe1fdc451ff439556acd4ea05524569f133f07f688bd8c36a10729236e53617,244
harmonized,3038,harmonized/3038.rds,88,f9f42d6d010d88db8d090b42e1378c49461bc67f3b29739afa1cda1770e35a29,344
harmonized,3039,harmonized/3039.rds,93,f041f4184c521efa70ce3c36cdd4c5b6512938890f9457803d757964aa85dd12,376
harmonized,3040,harmonized/3040.rds,8,5a6f0d335471426f48ffaa0ab81aeb204d398901f6dd4375d4ecd846f5e3ca5f,237
harmonized,3041,harmonized/3041.rds,109,d1c72e2b5bf714f8e1b8117ffb12255b8d3e68a9800582a61655f1d17e322329,376
harmonized,3042,harmonized/3042.rds,1,6049a2673fbc2fd2bb6214920e8c1c4386f3e946312261018d63c00fa7ac6d03,210
harmonized,3043,harmonized/3043.rds,57,436e353e10dfdc9bbfbb92cb9ea7122414da7da14f20c511771f176e1de74523,359
harmonized,3044,harmonized/3044.rds,13,a1bc1da2db669f8c9ef25a270d0413963d678ae96368c4cf89859ea0dff93bd5,250
harmonized,3045,harmonized/3045.rds,18,77c1abc5b2e94e64d77df89223584b861c92dff669d81dbc78284dc591aa8d46,258
harmonized,3046,harmonized/3046.rds,44,ff7f74b3f5414c9f79b5cacf7877e1b55e31d70be0a8b347731cd5db0ebb2f63,332
harmonized,3047,harmonized/3047.rds,8,43efbe518b8f6994b37aba158982015486cbbe9b1fcc1f368631bccc22319478,237
harmonized,3048,harmonized/3048.rds,35,4772cb79813d3df223c2fe7438f505e40de26caacb9070f5aefc945f643c6907,284
harmonized,3049,harmonized/3049.rds,1,cec7cb2c41627a943bc9f8c2bf51615144c64cffd2676eee1aaa8dc00cd1f974,210
harmonized,3050,harmonized/3050.rds,310,45526cd2b053b7d1617d73489f3d4fcfd2a0dde197fa89ba4a5108f0748a7700,641
harmonized,3051,harmonized/3051.rds,223,9e8c31bdb833de1c20c407e8b08dd0e5876b5f9f9cad792f85c2bee4493a5c72,622
harmonized,3052,harmonized/3052.rds,447,af789a90926645be6e59d3fe4cc8f4e544ef2664e425ddf72f42d3eb9a77d14a,704
harmonized,3053,harmonized/3053.rds,84,143c81b2f2732958b54d4e7d130da41d8f9c52cb875a5c6923ffdaa73ecce96d,356
harmonized,3054,harmonized/3054.rds,43,07136bd565ed879606cc8f0c53bee780c5dc80f70473c1eb40eea0c2a5de8ce0,313
harmonized,3055,harmonized/3055.rds,59,41bef32cf97adbecb66c983bd02275221991abe6d787ff98a987d891bd6de07f,345
harmonized,3056,harmonized/3056.rds,200,45b0d162a6f519233dc8c903c25d3b6a66694097e906886fe04ae55a8921f7f0,543
harmonized,3057,harmonized/3057.rds,63,95888f128d4af1abe2e089f6ffa22c0c7c377847b36ab50666e13fa394af947a,340
harmonized,3058,harmonized/3058.rds,45,0a7bf860a0bb70ce6edad4de6a0fda34877f63fd88a469663ff8393991c2faae,337
harmonized,3059,harmonized/3059.rds,1,bd39482ab43ea81292c658621c01674b5e8e25e1f55c1a217ccd9a0bd7cf3c96,208
harmonized,3060,harmonized/3060.rds,5,f9e36ab82242500ea2025b55ab4725e2ca08dee5cd371e433b3af1863cb46194,233
harmonized,3061,harmonized/3061.rds,7,2771301e708f54cc3c139aec0295c4f1d076980c7950b2cbfa850df7ecc163a5,246
harmonized,3062,harmonized/3062.rds,53,74c8cf07ea1f3cfa8557b921392918ecafee6d7bbd18ff200074f66d9bcbfc31,363
harmonized,3063,harmonized/3063.rds,26,92c2854e6a7fde05535693b78a1fb76ec8e6f7a9f9c8beae91f734dd97812d2d,295
harmonized,3064,harmonized/3064.rds,12,999811a1f4e7ae90b505e20b5e1e99fad48609427f303b12c1466dfb1385df54,252
harmonized,3065,harmonized/3065.rds,6,3e23acffdbd34ff28d14ab0ad764f774cfb9a5e1da3cef37ba43b9aadc920325,228
harmonized,3066,harmonized/3066.rds,3,4d36eb31000fc55c08b88dd0970ca77808c1c0342fc6844a11bb67f16c9edd3d,221
harmonized,3067,harmonized/3067.rds,260,60fcea3b2594c85e44c2c383f115c764587ac40415c8da6041fc16e5d0d88bff,422
harmonized,3068,harmonized/3068.rds,8,6d994950748f7f1619dd8226bb1b575d6e8eb0944068c710985cc77d8ac89cd5,244
harmonized,3069,harmonized/3069.rds,1,895ed0ad4d1682b8e633a9b321beea2838cbab6756424f01110fe3e3d915373f,209
harmonized,3070,harmonized/3070.rds,220,3857f1a5be62b294f7dc4cfe648c2db4f6f33730807aaf4afb06a3b1ffa61f37,487
harmonized,3071,harmonized/3071.rds,1305,a8d94501955dd59c2e9373e11e082ea429cbb63250222d37d6a4746a23bf2fde,1172
harmonized,3072,harmonized/3072.rds,53,6dbb33407cb6b5a99381b98c209ba396eed27fbc065848b5159864320892619c,327
harmonized,3073,harmonized/3073.rds,20,ba9806612fad77b9785c9223b84b1e62edd986a51c3a9f36188d8489f6591590,275
harmonized,3074,harmonized/3074.rds,668,f203c061b29e10e0ac77b703700ea8f30a12516a85bf2367fcf38d3698b7df9a,1225
harmonized,3075,harmonized/3075.rds,28,5df1fd93676d6d225436c01f40b6e28cedaad07a28508957a8c2bdb80e56ef62,292
harmonized,3076,harmonized/3076.rds,22,de38c2f4f18368be05519e22100ba76c5dcf5873ea10d9d129c81cd34d69ac56,279
harmonized,3077,harmonized/3077.rds,3,f525b1030dca7efd0c215fd3554bd2ea310235572a244852075e9233eba3d87e,221
harmonized,3078,harmonized/3078.rds,32451,3c2c5a638b75b22f00b37ded74f599207abc6f689e103ff1e561e326bf552634,30120
harmonized,3079,harmonized/3079.rds,73,d75d9a0d9653caae26c3d144428ba4006c1ab0ca9cdbdb1fae257ee2e3dc6c20,357
harmonized,3080,harmonized/3080.rds,52,1c61fabc5a61979579b5260dea3c10463c172d5720290b5e5b31278412b61158,357
harmonized,3081,harmonized/3081.rds,75,e77521c67972d65162db361319ad922054cf1dbeeb668621a04cb3062759679c,388
harmonized,3082,harmonized/3082.rds,263,33c9f4ec91a5092d29de4a1bce17121dba980b883bfb36dd43d728496f8d95fb,556
harmonized,3083,harmonized/3083.rds,104,04c1e25b95ffcc183fb89d26bacc643e48ac3ee2fea231e8289b9f26c4858804,423
harmonized,3084,harmonized/3084.rds,4126,ed92f3d800da8ab29c621832572abfa7d0fd0e161208c18daf50af43cda0ddee,4789
harmonized,3085,harmonized/3085.rds,1808,19379fa6d9a6c4c4585e3680ff60db87f0140522f77211b6452bf5296272cde5,3111
harmonized,3086,harmonized/3086.rds,2,628a1e18c89f506e1e9697b0e669e74e5baaa9ab41f238d69e30e20ec790e7c6,214
harmonized,3087,harmonized/3087.rds,1697,7b12495a1ba547b1f9beba08fde2bf1f6d075b0130ee35b2d9abd8e331479f9d,1693
harmonized,3088,harmonized/3088.rds,2,75d48ef41cde44994e7fb8949409ea1f75e68a9c0ad88741b006808cd3c237b3,214
harmonized,3089,harmonized/3089.rds,2,628a1e18c89f506e1e9697b0e669e74e5baaa9ab41f238d69e30e20ec790e7c6,214
harmonized,3090,harmonized/3090.rds,3,9d728f0d1ba4f138a9c546cebd2cfdf56bc970363e34914a8c2b909db1a62e5d,223
harmonized,3091,harmonized/3091.rds,249,3babe96e283d3e1a23ccb4614c0121b78531bc92a3c496dfe8bd748956311ac1,545
harmonized,3092,harmonized/3092.rds,258,952402de85ab1eac1a0d06d46e7361ed15aae1aa5a25d3b3db7fdfd5f8a42a42,507
harmonized,3093,harmonized/3093.rds,28410,5dafc3ac4c8360b79fd8fa21cad521d1283c8fa9871eaf87d075ba9b2802d63b,16258
harmonized,3094,harmonized/3094.rds,1,a00d579f3bd0569a210e4b172f4672a8aa5366b09e4b22f4ce5b4e63d1bfadcf,208
harmonized,3095,harmonized/3095.rds,15,0e0cacfd3a26da62b53394fb4e82ee8e0534f2b1a71bfb8ee66e47fc7753ea0e,257
harmonized,3096,harmonized/3096.rds,1501,73bc6040c966c31b97105bd36cbfde28f8ab8de3ffb5b629765c1699ae5420cb,2089
harmonized,3097,harmonized/3097.rds,6,8e74b0d4c4c090408a450a292e796f3e119e9e13f9dcad96794883060f3969ab,237
harmonized,3098,harmonized/3098.rds,103,9567cafa8f3aa7a0396e69b6f54a138bb07c26b94da4cc73593c609e2ee42806,416
harmonized,3099,harmonized/3099.rds,32,96680f538b04e57fa6090eb1069b28b8e384255a18dd8652045bb535d4df3659,289
harmonized,3100,harmonized/3100.rds,1,3842ff91987b12f9435d93b2f2963ec5eb7c8e000cb32a779d5bf0c4c4dc36b1,209
harmonized,3101,harmonized/3101.rds,51,f1a0fc9e489a209679a2bc506e4a17ccd54f63d3f1c99b93a486dab6944998f4,348
harmonized,3102,harmonized/3102.rds,283,43dc26367d17eed437d55f9b043e2d62659e74eac5a3a46f73acd7750502737f,658
harmonized,3103,harmonized/3103.rds,1,1c8d093323d8aac37963c0854d2b867b786b86ef92060bba9c8601ca2ddcdcc5,207
harmonized,3104,harmonized/3104.rds,429,2fcf7fd04b50d658ddb31979a31b7595308b68a5a778c7912edfe248c0b59d85,750
harmonized,3105,harmonized/3105.rds,55,503dab46381c0f88ac87cfee016705cd64807366d18046e8676f206532dba8c6,325
harmonized,3106,harmonized/3106.rds,2,d6187f78488c9644c73b4b929ebe7d2faa300f27a0242618e60e67d7cdeff7f3,219
harmonized,3107,harmonized/3107.rds,5,71162a1ebcc2f8ba9eab93092cc8517ad0705f2e4f8de034d433f0822a5c628c,225
harmonized,3108,harmonized/3108.rds,68,5d742e2433a5802ce4d5fe260f229067460fc3a9de829c86de0f0087235e2f34,340
harmonized,3109,harmonized/3109.rds,141,de3a35d18bc9ac5e8c01df193bca5e29efe0072e3186201041e2bb1aa74ada62,454
harmonized,3110,harmonized/3110.rds,90,bcc23ef74764d1c0de59261babfc507858a7f1b22788a3dd15e77ba890cda3ca,334
harmonized,3111,harmonized/3111.rds,1,1c8d093323d8aac37963c0854d2b867b786b86ef92060bba9c8601ca2ddcdcc5,207
harmonized,3112,harmonized/3112.rds,45,3b2f1d721c6f50e133e182c7593a62e6e7808f40f3e8e8449c8a7a9f18080228,304
harmonized,3113,harmonized/3113.rds,654,bb7302e65ff4ec990fc3fbb59934a618d9834ef44f9a966d9130a43c297aa4f6,889
harmonized,3114,harmonized/3114.rds,121,85edc59a6097c15f84f012331503d5f216dc5f12cc17ee73a012658f43929dd3,418
harmonized,3115,harmonized/3115.rds,96,aa658ccb8ad742dc773d65e2de96b3602714b5be8cf51a433e823e8302f0b36d,403
harmonized,3116,harmonized/3116.rds,545,7c43a087325071182ce6776d461a93c6d27ed238ee369c4459c2adf059cbde0a,855
harmonized,3117,harmonized/3117.rds,1,2b7d957c1a85e2a5fb524eac5863e8bbaf088737d0c0680f08e5192b01b3c4a0,209
harmonized,3118,harmonized/3118.rds,421,fa8c6605c61c459795af934c4355124e5d7b90af005cf22425429edd94021ae5,693
harmonized,3119,harmonized/3119.rds,1,b15a01a91ec010d56b9d5101a752aee23f5a0294f6d9aa46985b7874210f14ea,207
harmonized,3120,harmonized/3120.rds,109,269661cb7b84ee9c5190d0cb6e16bd5414effc3d4042905f74bffe71820c4663,404
harmonized,3121,harmonized/3121.rds,237,bdc48545d9a46e8bb853c23f3be9979e3237c4570dda6cd166f8582306f96a35,614
harmonized,3122,harmonized/3122.rds,19,0356cb42f015a3361cc7981a2576fbafd8c46fcfc0398a8d4417f1d93d2bb891,258
harmonized,3123,harmonized/3123.rds,2,56702901399f70d35920be0be42abc21631f8f5974e72aa96ee4bf5b150c18f0,218
harmonized,3124,harmonized/3124.rds,10,6cc2f9614b8284f1ff6861eab0e185717b072d931bd02efcf5bba3be4cba2af9,253
harmonized,3125,harmonized/3125.rds,539,874f52d34e78a286043f0c31cf727ea4ccd4091150d9794bd4aaa78d2ba1e5be,919
harmonized,3126,harmonized/3126.rds,2,e3f831a9ba8179e9aaa74e80ffecf44a6cfddb24db287828154853a7c388665a,214
harmonized,3127,harmonized/3127.rds,9,0cb962ec456abf2cfde4c7a57e40ac2bffb7fc0805ed7cd69617fa3b04b96767,233
harmonized,3128,harmonized/3128.rds,251,0b0c4343546389741ab662ddf40a6dbecd22509fcf57572239b8be05a5fdca4a,516
harmonized,3129,harmonized/3129.rds,18,6f72f6eec6594fc90c3c44b250a415355983155e44da987b8ee1120f0cfedb0f,275
harmonized,3130,harmonized/3130.rds,2,ccaec222f6c88e08196e9bd4e20f6fa2c39fe8c48fa6fac4af72fcdecd930515,216
harmonized,3131,harmonized/3131.rds,51,ea0401ed092b35edec6e4597f25bc9eb6cbb27bb47d62b3c0a9a396425f5244e,356
harmonized,3132,harmonized/3132.rds,47,1f256a1ea03ee3b63361c6c3c2d5d53a20064225d976dfe6b8417538293e87bc,322
harmonized,3133,harmonized/3133.rds,3,af315396288aa7a5f19bef41da6756901fd86520b6c323077f9959b59acdef70,219
harmonized,3134,harmonized/3134.rds,126,c877cb7659823298d05423b7e6960cc42f93049b41fb11e56b5f81c83303fd96,358
harmonized,3135,harmonized/3135.rds,3,ac00a4cbb07a8fc7f2466d9aee516a59397084185ece20834102ca1c2632c42c,226
harmonized,3136,harmonized/3136.rds,8,e36692d7a95aed70b17736cdf0c126ef39bf4a3aba71793906fba0b1915a5437,243
harmonized,3137,harmonized/3137.rds,1,1c8d093323d8aac37963c0854d2b867b786b86ef92060bba9c8601ca2ddcdcc5,207
harmonized,3138,harmonized/3138.rds,237,fb98486ecbe10947467383a7932732a00d098ab22682ce656351ba96777bb07e,558
harmonized,3139,harmonized/3139.rds,6,54e16d083b880f5205ab52ec122dc6c0405bff096fd127990aa8eebf46bcdf60,236
harmonized,3140,harmonized/3140.rds,113,d743e8b7e04d14ae24f769fdd7dba0b59383187ba3c06d25178813c9b966acde,396
harmonized,3141,harmonized/3141.rds,13,dfc970ced790a6f9f12188219cd67a06a999811a6062776ed3d81fb4444cf6a6,246
harmonized,3142,harmonized/3142.rds,420,18049ea35858d86a75d9ed5c5dae49cc083bed669c0bde8535ba9e40b192f6fd,694
harmonized,3143,harmonized/3143.rds,8,76015b359fdb73e93ef8ddad584568f34c913d850d2fbb0ebf41887303b3caec,250
harmonized,3144,harmonized/3144.rds,459,9155ffe07a0ac4d0cf4767c0712662f927641e17978e585ec4b8a10e2bb45d7a,881
harmonized,3145,harmonized/3145.rds,44,b012b2518ca9c8df9ef3cad957d39ef2608bf38dec70eb6d66f99cdf8f7adefd,344
harmonized,3146,harmonized/3146.rds,6,5007091cdc722243aa0afb433868b3e1d0fdf6c00171cf754ab34cbf3060ad41,229
harmonized,3147,harmonized/3147.rds,16,dcdbe00caebfb7c9952e80fbc1de8b9c99986e38b88ac67db6b751c238798032,259
harmonized,3148,harmonized/3148.rds,104,499e62895e38a052bbdf661566fd9aa877dbceae346ece20330c9df7394e2f55,460
harmonized,3149,harmonized/3149.rds,30,74a16cd946d640392b43b0b3259113946e4006ac7fa70e501fb81d62455d6cc1,284
harmonized,3150,harmonized/3150.rds,58,12c7b3a2cd34cc66c1262a035046bcc13273dc6736c88daae1e77f2109c3eebf,337
harmonized,3151,harmonized/3151.rds,26,1218a7e36305c596ee6d0ad0d0bb5de18f1cc088bd413d9f06ef156368a83e96,297
harmonized,3152,harmonized/3152.rds,93,451e59c6bdb4f866cab2c553bcde35ecdf9e56a58f3523c3ca53732eb48a64f3,401
harmonized,3153,harmonized/3153.rds,2,d0fc7e805ee43be6d4238d42cb7b22f87595afe2adf1830e877a0d475ec7854c,216
harmonized,3154,harmonized/3154.rds,1,08be0c1d441f83415dc5f145d31044f9729a8a02dc15bf3e5c14d7a42e651468,209
harmonized,3155,harmonized/3155.rds,227,6f9733c1c357280aab84f774a0183d0e7612e1771f7711cd42c3d037f45dfae2,593
harmonized,3156,harmonized/3156.rds,6,206aff2d013edabcf1d9b114fb427a08822e79af64c448e41eed8d6a3bec6487,233
harmonized,3157,harmonized/3157.rds,4,b82f6fa1b566362a5fc89010c2d486fae0b20c32da61239bd2db300db15a0b79,220
harmonized,3158,harmonized/3158.rds,155,e01893a52c2cca022237c202eb154f8fe1ff47160a07601a7d78c0c389edf443,466
harmonized,3159,harmonized/3159.rds,34,ca9540b772055bd1fe3c9c8ea85d5f6825fce70bdc932744710c55ca2482ad71,318
harmonized,3160,harmonized/3160.rds,7,08f989ed6a9811ea87034f3b4d05fa154b1b7a6e05640426dc37922a514b34c6,242
harmonized,3161,harmonized/3161.rds,5,9c52705756102cd445b014c3457897b6bdb47e834239340f3cc4a167d05ffc02,233
harmonized,3162,harmonized/3162.rds,1,cec7cb2c41627a943bc9f8c2bf51615144c64cffd2676eee1aaa8dc00cd1f974,210
harmonized,3163,harmonized/3163.rds,10,0d09fc0c1f15874bea7a2b9e29a26eafeb18ed0716c6f261b32eeca953484c6a,246
harmonized,3164,harmonized/3164.rds,157,f002c2c28f062df1933db8fff42fec7f7fc435db7f6fd9ac999a73ad753d57c5,586
harmonized,3165,harmonized/3165.rds,24,9ca55ba92f489764dd2ea662186af27c0ca622f2f3156853ef041150f60884ad,280
harmonized,3166,harmonized/3166.rds,1,b6cb232401de5bcf4b6e45e77adb4bae37cdfb070962d24b78513385f4b8f551,210
harmonized,3167,harmonized/3167.rds,28,5f531d64d764eee5846cd678fcc475b9618d794f7cccc0f64a4eaf56b2b0848c,288
harmonized,3168,harmonized/3168.rds,279,f9fb25f21fbadddd596cbb47705e4c9ba157cb40d9deba0ed29b7aef461b0b2f,623
harmonized,3169,harmonized/3169.rds,56,0414bca1af68ad412c5f0a4e90e276015edb600b877881bd45879ef9215a2794,335
harmonized,3170,harmonized/3170.rds,2,b0969fcc6763eff65cd90b2bc6f89046fdf95b2d682f5d317fa49c5bc96c3b5b,214
harmonized,3171,harmonized/3171.rds,30,b9339fde694ff97437e029694da8c86b0e1dcf60dd3b2cfac9abc6eeeb542aee,293
harmonized,3172,harmonized/3172.rds,70,e252ccb47542734d417cf8696c81b14ed16ca44cba7746398682680a4f9e7a1a,375
harmonized,3173,harmonized/3173.rds,30860,1322b70225e23feabd20121d3fb07b2548418d2fa48d7f20fe7dbbb2fa602379,20728
harmonized,3174,harmonized/3174.rds,195,b8fbf289b6fcb947c03039dc76dc1857816ad39e7494704bd0503445145ef51e,515
harmonized,3175,harmonized/3175.rds,1,b58758d92a2ee5799d222d5cf39bc045255d93d04a46031cf122f8bfa2bff315,207
harmonized,3176,harmonized/3176.rds,180,d866a3fdafdcc02218bbd9374bd798b8610974b239560d968c3630ec440d5a38,564
harmonized,3177,harmonized/3177.rds,150,a90165adcc980ce63a719c703a620946ec3865473fd134726741808ca49a3764,415
harmonized,3178,harmonized/3178.rds,1,cf66f319f56d2a36b961966874dcf30d2e3d41c9fc37ccb4b264862940a6b002,209
harmonized,3179,harmonized/3179.rds,42,b70fe24d46a4ecc0c735ffb01d09ee2ef14a91754f9cdf948383c25895e63240,297
harmonized,3180,harmonized/3180.rds,13258,bb99358adb58da8befc389a98e9fbb64bfb6400e9c4b4a7ff5608557f6ecae10,8603
harmonized,3181,harmonized/3181.rds,2292,56d24b3543e5949cb7b9e89e02607486039a1d7a2f515101c695ac5357aa493d,1882
harmonized,3182,harmonized/3182.rds,15,29fa83faae439d60dca52277cd977245fc95cf333388fb6bbbc5ec3cd16dfe3f,253
harmonized,3183,harmonized/3183.rds,29,0a4f75d98a8d4e6c6a13d6b849764409540206c24aead88db9f8d94cdb6012d3,286
harmonized,3184,harmonized/3184.rds,15553,bbcdb3bfcd98b6ee3b65bfc1502876e97ed74ff9d62e458f18d83144a02bbb8e,16670
harmonized,3185,harmonized/3185.rds,25262,04b5313021d0bdc73d6ff65edb054a5a4ff8a34b97a87be7680bbd667889f7d0,20329
harmonized,3186,harmonized/3186.rds,2,3e1219f2cbc77f750e51ab0cd855901383029023f642e95a22ec8abf06127a41,217
harmonized,3187,harmonized/3187.rds,2600,73cf6e1a69d533c9cf477aca5bd316cc6dbfaef8807af1a0527c7285d142b72d,3730
harmonized,3188,harmonized/3188.rds,190,01df208647ad91c45e03439180be10c4a766c76202eadbce27d2da498120af14,559
harmonized,3189,harmonized/3189.rds,1,c9a3b9f167ee0cdfec1a5a75089a7904e49ab8141532c7328275f4cbc6c50e1f,210
harmonized,3190,harmonized/3190.rds,1,73732c361251f991e520e25a01e3893f6c73fb35d2b03e060dfb59e0aa5b7449,209
harmonized,3191,harmonized/3191.rds,18,6826171d11bd35bec9ef733677585ddcf5b52c2dae69f3d407f4be91aa39ac44,267
harmonized,3192,harmonized/3192.rds,1693,369a6303785af50131f11c9de36b8e30f9b5c0cc4d642f5f9c4ad495c10cf86e,2541
harmonized,3193,harmonized/3193.rds,14,970ee8ddb8528fe32e54b3136fe9e5bf491778010fe18901a33146cabab3fd15,252
harmonized,3194,harmonized/3194.rds,36,376fa50be10e53899e7d8ec7cde9cd099ea5832765bfa62b470b6d57167542bb,300
harmonized,3195,harmonized/3195.rds,71,c78e0cf8af34ccb2881edf34bb4a275e7d950ec9cd09e9ccd9059513e93a6f00,389
harmonized,3196,harmonized/3196.rds,68955,cf35c823abcd68919d4bf24d2239888f86128c52c6ef8bef6a72ac9ecdd619b3,41160
harmonized,3197,harmonized/3197.rds,107,8dbf4fcd22cad68c92ec2cc3ccf7485108c04ac22a2d36ebf06c35793fc9622c,414
harmonized,3198,harmonized/3198.rds,6,419fe9bcb83ba2c9f6ee7c9268ba7245f5328a89c8c411bb601211f7c5725f3d,227
harmonized,3199,harmonized/3199.rds,4,d55e65e14f84777636fa1e124761188694b060837447b6ab66a497bab28f3fc1,218
harmonized,3200,harmonized/3200.rds,93,7a12047952cfc6cfaf861d519191ba0024db318ad790cbc1289cdda120b03fa7,376
harmonized,3201,harmonized/3201.rds,2,a4719d8e258a4623249c2ec2f1b084f690e8f540c696460fca8ea4f6193ce9b3,214
harmonized,3202,harmonized/3202.rds,1,1c8d093323d8aac37963c0854d2b867b786b86ef92060bba9c8601ca2ddcdcc5,207
harmonized,3203,harmonized/3203.rds,3,49b1ff491e7a57e2c1739abc38a4b2e47cc3b81460b15d8e66bdea1bee8f2abb,226
harmonized,3204,harmonized/3204.rds,115,76aeb499f5ac609f0acc09d94a8ce28f5695221bfe09334cb2bdcf1431e28d67,424
harmonized,3205,harmonized/3205.rds,4,9b02d6790618678cb4e6839fead2032427b8fa6d2c28e42da23c3fa88b5aa8df,223
harmonized,3206,harmonized/3206.rds,25,86316990818bef81e2361e22260f2abbdd1b9a9c2d7e3e7a3cf92b1aeb20e81e,269
harmonized,3207,harmonized/3207.rds,4,7ff478cf76e3b73cedfa37c3b7c2f9868d2e32d5099c5348b95fe2c5fc0e8622,227
harmonized,3208,harmonized/3208.rds,5,f2abe83f7f44686232702574f73cd1a383b6d8b56df82901f5785e79246b58a4,229
harmonized,3209,harmonized/3209.rds,90,7143bd989d1adc81aa69e73404dca9b0435d76730e72adcf3e4dffa5faa8c23b,346
harmonized,3210,harmonized/3210.rds,122,13030fbd6a5988293be76f2d2ddb5f5bdc00111d071fe00d23eed0ad50ab7505,422
harmonized,3211,harmonized/3211.rds,40,77314985d6e84f8fb09b2e85eaf63ade3038f6f2d45b5aad4ee1b87c7481d0e6,325
harmonized,3212,harmonized/3212.rds,2,42088b2b22dfc884ad43122f02a2cc7f6d166b5880454094bbf9e67691db4d3f,212
harmonized,3213,harmonized/3213.rds,2,4126492c6f203463e2854eb9c378b1ef3feb158f2f3d96fc582f8c20c7934be8,221
harmonized,3214,harmonized/3214.rds,35,80dc4acc4b782988aad7d71d5d0e58dbeb60dd581911bbc49571d8987259a15d,285
harmonized,3215,harmonized/3215.rds,59,7cfeab0e1fd5c6929a34f3a891d1cfbad98b9ef25298851a082027d06253ee45,338
harmonized,3216,harmonized/3216.rds,1,cec7cb2c41627a943bc9f8c2bf51615144c64cffd2676eee1aaa8dc00cd1f974,210
harmonized,3217,harmonized/3217.rds,110,f600c31b2331b6a7dea611ecc343da6d6f53f89234f3971466a809d9042477dc,367
harmonized,3218,harmonized/3218.rds,10,b5cf3d7eb97bc0a152ccc0d6e0dbf1468d76ebabd2b2e73b1c2ca7d2add7f786,247
harmonized,3219,harmonized/3219.rds,10,3f017049cc130f1c6586c73dd9edc2941ac9889d7d250e34adb7872853e760fc,249
harmonized,3220,harmonized/3220.rds,120,3d0a4dc3e616549ec8bc53645c2f417e531e4cb175c9d39c1ba8cfd186fc002c,408
harmonized,3221,harmonized/3221.rds,300,9b61f6b694ec2585fafb1bccabf8bfe679ac693947d8b861fa88d6a6018f1940,646
harmonized,3222,harmonized/3222.rds,1,c851758e3d905acdaccf97821bc94efa73708551fbca75e01d0788110f46e25f,210
harmonized,3223,harmonized/3223.rds,52,69fc0f014c32952d313021312160eafedfff88d78c113b5a95af002ec6183253,343
harmonized,3224,harmonized/3224.rds,176,7cea8c9b2714a25602d82507fcf033ef4018abd87910c0da7aba47c5dc7b6d02,439
harmonized,3225,harmonized/3225.rds,6,8b61193215ba441b3b3f2b6dc79a82e490be921a378743869bfb96dc2088b221,241
harmonized,3226,harmonized/3226.rds,16,6dcb0bb3ea23ddce46fd0eee750aceb90e385edb10f1d03cfff1f1daba627c5b,260
harmonized,3227,harmonized/3227.rds,35,5f6e4aaf7bbb17d5d4cde2ac3c307353962189154ef2fdcd84f31099b128e300,308
harmonized,3228,harmonized/3228.rds,19,0f7da855148940119d214c65d6803c13e793f92a1ab2bb62462031de6be3e3c7,260
harmonized,3229,harmonized/3229.rds,144,7c5fa39f56c2ab4f48655596b1e042885fc9c6ae146f51996052c3fb62665bb0,492
harmonized,3230,harmonized/3230.rds,1,ffc68629efe02a4641005a4661c67b742d6edf52b1e40e675c8ac22a982957f8,209
harmonized,3231,harmonized/3231.rds,195,167ec28ff7041bf1f8b3d851327b6ec2183566d75378bca2e9e021eb3bfcf91e,540
harmonized,3232,harmonized/3232.rds,1,49b165242d590fad516aba519e116aa9d16bb104ffb458b3abf58db2c73ea4df,209
harmonized,3233,harmonized/3233.rds,8210,ee002493e7ec0a1ca464bf428ef2fd0f74aded93021258eeb0a2f0ba57e385ab,9966
harmonized,3234,harmonized/3234.rds,629,a04781b7818fcf15359ddfa7acd077daedeccd618f49f90909c216933ad8ff64,923
harmonized,3235,harmonized/3235.rds,2,4c4f06f6abd277928651d95d1a88231ef6fff02ea603f2f8b8556e4ad6991075,216
harmonized,3236,harmonized/3236.rds,349,3a69d70255615d4de0c1bd2e7308c0e1afadeab239e8b0a0fb9fce1b2042783e,710
harmonized,3237,harmonized/3237.rds,1752,a321d66e92092204214f0400aea21d65ebc50f670918f7c7f3abc6b0268be0ef,2550
harmonized,3238,harmonized/3238.rds,796,f315193e6d6a84be3ddd184b2b84d73eb18c878ad22b0645ff4018c9027421f6,1583
harmonized,3239,harmonized/3239.rds,2,faebe917d86d71b71ab4bb6fec070b1e6156b2e21e5e3a359f6b14d5a27e2dea,220
harmonized,3240,harmonized/3240.rds,449,91114d90848841d11add9292af13bfe4853d02016a689f17a36a52bb3c3cfbf8,695
harmonized,3241,harmonized/3241.rds,142,682ed11b3c5ae1fa7fd5a43f12de5f6ed381720ee369271e75d6f61ac36aa2ad,412
harmonized,3242,harmonized/3242.rds,1,83f175c271bae1bc5c722963e3896de943ff34728372f85479b8b83670f66b2a,208
harmonized,3243,harmonized/3243.rds,79,df26209038bd8638daa3e89e00f2d47ba79766f8fc25fef8c18910e6f8f3aaeb,349
harmonized,3244,harmonized/3244.rds,191,db4016d9ec23dc11d3acea7232c63cb5b2de98ce4f66c8d65675ac4f7d64e33e,565
harmonized,3245,harmonized/3245.rds,1,22880c97df71973fae345ec3de052f9e82d0223c86d54b604b580ae3c2322418,209
harmonized,3246,harmonized/3246.rds,8,d21e6fb1f6bb2f6fed1138a95a9e07dc7100306c47d4f5932f59f742491f7edd,240
harmonized,3247,harmonized/3247.rds,2,9ff48c3c77ac21b91e6f9c203f780e340f50e2209598ebca271abea193d8f3b5,215
harmonized,3248,harmonized/3248.rds,13,802fc54b392d559bbbff558f80c305107d0a68664b071fd26184dd3d52aa0382,254
harmonized,3249,harmonized/3249.rds,256,d73fe12c95c4de7b7d37745b3f90648ad21b39aaf7ce8812c4e716c1a458a01d,548
harmonized,3250,harmonized/3250.rds,2,a7f1b4ee76eadc86c56534378cb63b04aacb1c7fd1bd3ea1b203aba5f04eb4bf,214
harmonized,3251,harmonized/3251.rds,1,648f505948cb1053e8afafe3b82dba2be851defaeb5e4788dfdd0c2bc150db66,208
harmonized,3252,harmonized/3252.rds,55,2feb4612334256c146966d521965b742e775b346083a9be622fb3e2905601eca,351
harmonized,3253,harmonized/3253.rds,42,f81aa148afea1d91bf7de2c6fef4a3fea8913768ebfcf45af3df04d0750589dd,336
harmonized,3254,harmonized/3254.rds,1,6107df308f7153d4dcf9bf6d6c3610eb9a19bd606a614052627c5b6fb4ba2c0c,210
harmonized,3255,harmonized/3255.rds,140,256f79da4bcfe1673ac57198b916b56d45e51cff1fa64b3b199dd5879f6b08d5,472
harmonized,3256,harmonized/3256.rds,23,5b61aec53b61cdefec8b365dd278da81a8444b6409af82d49e8815bcca629860,265
harmonized,3257,harmonized/3257.rds,119,c49f13a6e5d9632856aba1531f6e50f9c58e89ce9f3b3caac3e2127edbdc6325,463
harmonized,3258,harmonized/3258.rds,41,849cac828cdeb0d7f29281f65bcaca7d4eefcd55758c64e593fcf6b115cd6c24,294
harmonized,3259,harmonized/3259.rds,2,aba722ae07df5dfb8ed7016a7b60d0661a00bb732c5786c0856e93a79082cb18,220
harmonized,3260,harmonized/3260.rds,10,dae4a655353c194f16948df0c7db662db9a6c01f51425c82ffadad30b6f01b98,235
harmonized,3261,harmonized/3261.rds,83,208ff2f0db8cb9c0063fa902e8945612d261f951344af2f9332380ff22ad4b97,376
harmonized,3262,harmonized/3262.rds,9,fde75bd7699822378962bb4ae9e91d85cf78f07a5d193ffb932cb1c737071c79,240
harmonized,3263,harmonized/3263.rds,3,e8434a17679807cab9a6463d2a7e304a5bd7c593067dfb6753cf31a158572128,225
harmonized,3264,harmonized/3264.rds,75,9f13af361db6168566066295a212e297ba4c9762fa5144e16a66e54b5ad6e1be,347
harmonized,3265,harmonized/3265.rds,272,a8dd73e0953bd247186e773d28ea2a58a63a2b9682b09cf8d2b4c8eeed2a6d2c,515
harmonized,3266,harmonized/3266.rds,56,4bca970f2b7e4eaf549208b990690f4b8bd6a77b58bf61b682ddf86a51f2af40,312
harmonized,3267,harmonized/3267.rds,103,6d417261084f65f1dbed614eddfaa02f6a3d96641a01c6516c2bbf60f8e94b11,386
harmonized,3268,harmonized/3268.rds,3,8477b6550371da307563e48bb76006f5cf328ba081773bf49f7174eb61ce1242,218
harmonized,3269,harmonized/3269.rds,20194,aa03940e16b953d9614773423634cf00845c098e5783f0cff093bf6874d79b1d,16574
harmonized,3270,harmonized/3270.rds,10899,ce0375f90e7ded9ea18fc7a20994a7082385b7c012d9eacd6d3e94091ae219c5,8142
harmonized,3271,harmonized/3271.rds,49154,f2ee6046bae05c52a1939e7836cfa9ce98133a5ba746804184e844a7dae5cff3,35172
harmonized,3272,harmonized/3272.rds,17,ef59cf4c3fc168b108646661dfc54c276779be9eaaf6bd2922bd703f126afe28,264
harmonized,3273,harmonized/3273.rds,68936,fca0be615d76f27adb86d0d14a16eb0db5f97a3f3370e166a34788e8df578bd4,49589
harmonized,3274,harmonized/3274.rds,3879,4f9db496abe5706fa7944149dff3a76cd914efe5a6962276291b9cf308a19484,3290
harmonized,3275,harmonized/3275.rds,59,c9b46c441eb51ded40cfbd20b584dd60994d32f7651b5b4a4a6aa1f22455482f,327
harmonized,3276,harmonized/3276.rds,2,c1a1e6a8ca6e2a7cadbbcd8e10181e89ea2510ea875583d3bb879e6da475a6fd,217
harmonized,3277,harmonized/3277.rds,10928,98ec8668d661ff80409a441c55ee5a651471e5004956531a8209cd939aea5c06,6733
harmonized,3278,harmonized/3278.rds,186,dcb2f0b7eff5d7e6e7ab1ae8af765d6dad37b390ccdeb532ceaa89757bb01812,565
harmonized,3279,harmonized/3279.rds,0,adadc686412c8a32c45fc2489b7ee54f6faaaf976b3b04409ca638c0bcd353b3,193
harmonized,3280,harmonized/3280.rds,96,3ae23a6c0542d9e0554bee52b9df328bc7d7bc7b4421320d7f194207ee3b1de7,408
harmonized,3281,harmonized/3281.rds,31,9a693402b13e845a79b359e89d314a31aba5e184b8ee190237c68ad72583c03a,261
harmonized,3282,harmonized/3282.rds,15,bde6a1a7dfb0200d796965ea3859dad6dca238e5aeee805d626c2fd32d824266,262
harmonized,3283,harmonized/3283.rds,27,047bac341fcb60521e856eaf29ef5cefad21aabd7d012a64daf678c58c51b542,279
harmonized,3284,harmonized/3284.rds,641,b0d43b92638fd921980ac2f7e0f95c41e804db3ea08603a7a3f03b1e7aec8a87,886
harmonized,3285,harmonized/3285.rds,3,ee826d98e73115680fc15c8cd6acc3dc29be645ac488e61077ad0f0dd0eddd6c,217
harmonized,3286,harmonized/3286.rds,3,dc5ae23409d02604ea0a7597fa6eec2576f1dff55eac4aae678161ee5fba15e1,220
harmonized,3287,harmonized/3287.rds,4112,f5f3d8487055580ccef8c5a03b3a5fa1dbdc4ce75131ef7c98ea347fa19808ac,3809
harmonized,3288,harmonized/3288.rds,838,b6a1aaed0eaa41a8eb93fadf1737ff213fed03289281646f6acdc54e7a105392,1036
harmonized,3289,harmonized/3289.rds,14,a1a994f231b6493b9b35f4fdc155e222d6f17bb63522db43e4094f024d54d6e4,254
harmonized,3290,harmonized/3290.rds,777,69fdc0f6d37ad5d7ee9bd0380e0d39acdf22c83acbd1d6ddbe7456501fbf5496,1164
harmonized,3291,harmonized/3291.rds,1,218f0aa57dcbaee0f47a058ced672e2cacf2b0cb4366ebf4d3511eaee1a52c9b,210
harmonized,3292,harmonized/3292.rds,1,173e3209dbcff74c4652ce2ea25e7f27502fdace65e7e210a31e29fe977db114,210
harmonized,3293,harmonized/3293.rds,635,805770c3f25e182383aacbedc3cc8f00b56b3138c1061ab394808512ed46493a,907
harmonized,3294,harmonized/3294.rds,1,218f0aa57dcbaee0f47a058ced672e2cacf2b0cb4366ebf4d3511eaee1a52c9b,210
harmonized,3295,harmonized/3295.rds,2,cbe821f0bd89c27e605439f4bace8c731c705e4e432114a3bafdf9bd0260e529,218
harmonized,3296,harmonized/3296.rds,336,d551e152491636900ceba43d1c6fe3026adb5f018028d5c18d0cfe9853fc4588,716
harmonized,3297,harmonized/3297.rds,8904,95f33da4c0ce5d3eccc552ffde2302114e3d115dee9d1d60daaf975272655ae5,8583
harmonized,3298,harmonized/3298.rds,12,6e2d9041de0aa16d26ce534d4701f37ae75a498291b3d6f0f2a6abbefe521211,251
harmonized,3299,harmonized/3299.rds,49,7ae63f9f4e2541ca8c3c57416b1530e64d3f5da13271d6b6dee18165c0ef19ea,314
harmonized,3300,harmonized/3300.rds,372,0440798f42008c7452c1a3dd2d109d7d15b74cee8207e4053df3ba9a66de3fab,926
harmonized,3301,harmonized/3301.rds,419,c2a0c57571995f40f534b848b3fa97f3eba929a08b2408a105d7fd51df81c464,685
harmonized,3302,harmonized/3302.rds,4,c0bd171b309289b00a6877dd0150159a8a1022cb8ad124cc417d23d2081c66d5,225
harmonized,3303,harmonized/3303.rds,13,23cbe538f60f2b381920605c641ab32a469cd7e4e5ea89b168d8149c81cda579,244
harmonized,3304,harmonized/3304.rds,59,dc0059569505f40afacb21a4d58a4cc8d7ba6fce269191a9663ccca3c534441c,421
harmonized,3305,harmonized/3305.rds,53,ba1daa428194aff4561f89b891e427270980369a89b851ee69a25f1242d57ca7,322
harmonized,3306,harmonized/3306.rds,114712,b119c66e640adca839d2b4def742ee9ab758bf589ab7abc2fbe49a649cc3a0cd,45803
harmonized,3307,harmonized/3307.rds,42,e7b5d2cdc936f7fe60113006832787b200f34588f55ce763cad9e327e2e575d3,303
harmonized,3308,harmonized/3308.rds,3,aeb637e4300244a618fcbdded70881c95f88526c5420f8195d193f563474ee74,225
harmonized,3309,harmonized/3309.rds,13810,026fbf8c093f30f38210badd8aff59a890db892a5ad9ef802bc8c64027131b50,13179
harmonized,3310,harmonized/3310.rds,96129,0d7088992579f0a9286b3391599654979ca87aceefb3534db9e58e6e50376e37,65030
harmonized,3311,harmonized/3311.rds,38,05b177084e8935b1ae0223802bc30a368401eb384eee2ea3be945851c34111a4,321
harmonized,3312,harmonized/3312.rds,19,30ad07554e9413c43d921db5ea3f9fb81c40b547162807557df2f44bffa1ca1c,268
harmonized,3313,harmonized/3313.rds,64,b8d5cf391dccf185da0dee59f1bb2d8d0c14198d01539d8dcf1820043eabca5f,312
harmonized,3314,harmonized/3314.rds,182,67028da0ade776b3afecc934e63f364cf000fe9c7718b1df8fab8748c65d4582,538
harmonized,3315,harmonized/3315.rds,1,142741bd6d272d396192fdd83ef2f8b8c13f206145a1883ea7d5432ada25a751,209
harmonized,3316,harmonized/3316.rds,199,a21a633b84fc28267594838abb3307df4ed81568639cdf2b4f6ba621d62d8d8d,533
harmonized,3317,harmonized/3317.rds,54,712fcd125bec5cd1a1460092ca621b6e212b0481c47af3a0f1afa845a43a7dbe,345
harmonized,3318,harmonized/3318.rds,1,09bfe428604d83afcc8bf9164eab06e20f7253ac8bf48f900fd73d162217a341,208
harmonized,3319,harmonized/3319.rds,81,dff312997b8c6340207755fd4067de51ad25ab7347e7bb9dba76473ec69e1f90,363
harmonized,3320,harmonized/3320.rds,234,195fa6581890f07ad8070157f60226dea50f48a2f85b476e1fbf8e76725f18d9,499
harmonized,3321,harmonized/3321.rds,10,c7dc3aad7b3a5e7ff8ce8cdcd7ed4e1b613ec4310470657ed789c9d6cb4b0293,253
harmonized,3322,harmonized/3322.rds,77,49ef2b3c424f154aca24ab1809b9f4fbc5ac360a77ea4453c4cc3bbeecd76900,352
harmonized,3323,harmonized/3323.rds,12,b68602811c30481ed2df0280a6f15be4cc81ebc37d466ce45e90a6a41b1b4f74,254
harmonized,3324,harmonized/3324.rds,110,8f79acd16d9dd31e9fb15d8b1418942c16792c24b9f502e854594b86c4d24d3c,441
harmonized,3325,harmonized/3325.rds,7,2db18d8bf72558a65408b1f04e3225691769fb5f0a7edd725e39e6091d60e376,235
harmonized,3326,harmonized/3326.rds,22,a7236c6ff2e0315be920118c2b4ad721c2287e279ecf06e5f7da2198d7bbcacf,283
harmonized,3327,harmonized/3327.rds,43,93ed516cfe023c5702cd09893f82cdc229f7df46d2b0062393d39fb0cb75bf7b,304
harmonized,3328,harmonized/3328.rds,68,507f54813b8f50569165e20833e358a4e70cf1853c4fa7a9049d98ade4d51148,342
harmonized,3329,harmonized/3329.rds,44,2f76251af89920a50cafced08baebca39fa9c3d1a2d821e69237189e5d4fdfab,330
harmonized,3330,harmonized/3330.rds,2,628a1e18c89f506e1e9697b0e669e74e5baaa9ab41f238d69e30e20ec790e7c6,214
harmonized,3331,harmonized/3331.rds,38,5c38b0687ce7c57a6a67daa27e3e7f54bd75b04b06083b73dbc60ae0ac940c7c,304
harmonized,3332,harmonized/3332.rds,6,437d8b56ef23b62beaafb55ba9cb9cb21d0d7e179ffb2a33a90c8ad4548aab41,229
harmonized,3333,harmonized/3333.rds,4,7eb4eb81bf56b501490f4a014c76ee9236aedd18129c47deb402504cf2c944aa,221
harmonized,3334,harmonized/3334.rds,13121,8d56a06dc502651275761d356eae0f830e661c9dc3a2724a39c2880c58cbb02c,12091
harmonized,3335,harmonized/3335.rds,24,1103a0ff13287f1beae9c41c0b8973da2072e08aa98e6727bd0287afbe4b67cd,282
harmonized,3336,harmonized/3336.rds,47,53352e685f16b8116b497c453c2e2ac4c26bff912f8e23f855e7c5ca8d47bf64,339
harmonized,3337,harmonized/3337.rds,50,59b82632e2acdf137e5050615ba7019737ba515b07288568ec3c75a41d57fbdc,330
harmonized,3338,harmonized/3338.rds,4,0b33c6033e27d7f35a890bff3f57a31b45eb9e0671b2aa0d7b1a3bf2f3e73418,229
harmonized,3339,harmonized/3339.rds,4,2cb41a5b7bf9afabc2d5e0aaf731b85d999abcbe382b117d267a051225db879e,224
harmonized,3340,harmonized/3340.rds,216,8115077db903eda7b894a119e781a84357806d0cf5cc5e98afd659b64102d941,463
harmonized,3341,harmonized/3341.rds,11,f049af7752e0a5e57a96f929e22aa80f73da2a576409fd0e19699c9d633a5c1d,247
harmonized,3342,harmonized/3342.rds,576,f91804c3789597549859f476ccade182ec0b19a6bdc0992214940d31c014f68f,1097
harmonized,3343,harmonized/3343.rds,2,a4719d8e258a4623249c2ec2f1b084f690e8f540c696460fca8ea4f6193ce9b3,214
harmonized,3344,harmonized/3344.rds,16800,cd150e71941bd2daa3669be70920c509386d8e64543cb63666740a57c510c48f,12436
harmonized,3345,harmonized/3345.rds,10,60cc0a20c9aa160269e91c882529bf4a760c6fa754ee36b18f74bab1fa76c02c,238
harmonized,3346,harmonized/3346.rds,17,bdd2ddadb176a8724f886d6404074fbef7ca4e9d72776b8468dd16eb81661c7f,268
harmonized,3347,harmonized/3347.rds,37,2ac2bef538d4499150bc3caae2f6da1324a11199db7fab8611916d43d8f97022,302
harmonized,3348,harmonized/3348.rds,69,8ba94de30ef102e501036c36a04a10b7887714b06c20b732f3de406d0da4ef06,376
harmonized,3349,harmonized/3349.rds,58,102172c585755024bdb457c309732f62008276844bc47f12fd4a0d12663dff58,341
harmonized,3350,harmonized/3350.rds,27,140ae1e498c61cda101bfa9d5856b41ce555dc26dfa010030c0bf79568483532,298
harmonized,3351,harmonized/3351.rds,2973,4c45ca966f87fd58b976e23eae405706d41609f7ba33e3278ebc9ffcc2ea17fd,4258
harmonized,3352,harmonized/3352.rds,10,a473a73b7df35d5e95e7ee2be6624ed748fdbc4fa467d2a88a679f365ab37426,243
harmonized,3353,harmonized/3353.rds,1,39ea3e4076c6817b59237bddd8bff0755d62cad02bc319d3739d3fbd5dfccdfc,210
harmonized,3354,harmonized/3354.rds,31111,a57be1dac50eeccba9fa2c8df2dd3c4effc9a0b7a13df8962cf1265d99833ff1,19758
harmonized,3355,harmonized/3355.rds,4,e304e048062883e11bf129fe268f264a9a3ece11830280cc1b1e9f84da9356d9,221
harmonized,3356,harmonized/3356.rds,9,83e3702d3f761beb83b0c6ee77779b9a6662a47dca3003367ec65de2e4cf8abd,250
harmonized,3357,harmonized/3357.rds,21,a8aed22c38485aa2bc31b821828592d63e29a1aa0f3a2ac779d0ad7df78dbe14,288
harmonized,3358,harmonized/3358.rds,47,dee700c7c73518c1ad8578e15c54f7d213e0e0c26e4744f58f3fd3a6ba8a00b3,310
harmonized,3359,harmonized/3359.rds,5,ae911d4fa885bf3f1908ade2d14ff1bd6a7e8a46a38c94c4627e6244d7259bb4,225
harmonized,3360,harmonized/3360.rds,41,72b3f7009925c7490fc7fbc5867b0c3901b9b02ff3c6b0268fb63f709aa4cb10,329
harmonized,3361,harmonized/3361.rds,141,6e8890c62ab0643ab4f9c7542b5f99cac0ed9b2e7d8d52140aabf29a905777d2,427
harmonized,3362,harmonized/3362.rds,4,6671e0a6bab4537cbe6d69cbb51ef197e35f0b3aa593685ad83ca947e0df38d2,221
harmonized,3363,harmonized/3363.rds,4,ff29bfa5f7aebde688cc5a8ef656627048c77b6c40549d6cc8fda157d502dc00,221
harmonized,3364,harmonized/3364.rds,7856,df125cbc56640991cf1f3f00967bc07883c4a9e708527ad04bf6ee1b12d123ad,5240
harmonized,3365,harmonized/3365.rds,196,aa3e49cfdfb7ca5b0d87c23149e4676ce8745ff53747d0b7c29ddf89ac42d4d5,558
harmonized,3366,harmonized/3366.rds,2,a271a240e0df0cf89164eca56dea29408012dbb95be16062dd5db1a770caa921,217
harmonized,3367,harmonized/3367.rds,9,7304dfe6b54d4d2ef357af4c4bb56a5033d56ee85cddd4698765f72024293df2,249
harmonized,3368,harmonized/3368.rds,1,e26d48d7b801ef1d2da0d9c9af3d27af2712f6b48b52926aff1538e597e5c7b4,208
harmonized,3369,harmonized/3369.rds,2,bdde56c8f3ee946bd7b453777b96b8c35fd883215e714c3fb80ecf94f6b9b1f3,215
harmonized,3370,harmonized/3370.rds,10,f2e238698a892ab1c3a332e226bba3b8e12ca2670fbb1b879d0b70aeca82fd08,233
harmonized,3371,harmonized/3371.rds,7274,8f601032d0b3b69038bb1c0a6d0f7eff7e0fdafa1088da76bb7cebeabcb5bdf0,6254
harmonized,3372,harmonized/3372.rds,2,9313ffe7e526f1b4be0ce524d641e3a6e4106af5f9b3e76e6cd4364969b5caaf,216
harmonized,3373,harmonized/3373.rds,1,9fa6bbc85f69997659110eae85a0a4f2c35e9f58eb2d011b1e554c647df1be39,207
harmonized,3374,harmonized/3374.rds,26,981dff175fe088f624bc1011152bb6743cef570ef82f271714e1020a50e6f868,286
harmonized,3375,harmonized/3375.rds,28,38713188869d72819d76e23cccd601322d954413e2a8ede55dc9ec8c1ce4c1da,294
harmonized,3376,harmonized/3376.rds,59,dce7550971cc7bcd9da517a0fc029d4d14b1e2b22797f191412eb68b3a586239,352
harmonized,3377,harmonized/3377.rds,55232,4b1da03529ee5b1fc92eda252f04d13b64fec94251161e9567e0f6501c4a3eae,41787
harmonized,3378,harmonized/3378.rds,1,ba81cf416aaa64e68d6c5f59dadc8b1a2ac675734f901b73c904db21725f301f,209
harmonized,3379,harmonized/3379.rds,71,9fa5ea6cc7c8cf624a3e85dd7191081329c64ec26f31aeaee1c86b0fe36091b2,354
harmonized,3380,harmonized/3380.rds,65,6f264070a51f2a04da9d1842ab98b5e04ef3828f78aaab4979d47d410da3f43a,345
harmonized,3381,harmonized/3381.rds,179,ea3ec0346ee38cc4c1fd54de2c436df232140585bdb069375a1e58800ca0fe69,485
harmonized,3382,harmonized/3382.rds,22,2cb780a74e0c2451d710369d38cc20071732cd8b02b1dc559d922bf9be487828,281
harmonized,3383,harmonized/3383.rds,196,2f04fe054c04d2ea55d1077ddadbed95410b1560e241b2164b15f52212d0484d,510
harmonized,3384,harmonized/3384.rds,197,777ecb57489073eb6fd78e5c95636df0b0dfe0708bcccb8cabb5c3ad2a329d2b,440
harmonized,3385,harmonized/3385.rds,7,372003616990059dba786c80f1f6c1a1777940c14c4c88057ff0a532e772bda4,236
harmonized,3386,harmonized/3386.rds,4,6f046223c3d8db304090ffc801a6af021b45863eb3874e8bf270f66d455595c0,222
harmonized,3387,harmonized/3387.rds,304,6312079deb465072a0739aa233adece162a539d745392fda76794fe8fd90ec11,647
harmonized,3388,harmonized/3388.rds,29,28d9304e5e790a55cf92dac8296efc05e83caa67e7af24d56411cfeb48fc1c54,300
harmonized,3389,harmonized/3389.rds,17076,55491db241ed0384f0dd653f5e9e55e772c72a513c95cce25d7fd8de4f2441f0,14922
harmonized,3390,harmonized/3390.rds,168,6a27ac2ab154bbb91474975a89cdf66cbb07a39211d0f8c19963f2b268453fdf,476
harmonized,3391,harmonized/3391.rds,66,3624f29a2e87a5d60f4c6cf85f048ebdf094b4edf06c82955a3a9a38966e347b,330
harmonized,3392,harmonized/3392.rds,17686,eb66c79bacb000e5af6a39eb73c2fd6fee5d6a1bf3c3804f4c7cce134efda7c0,15180
harmonized,3393,harmonized/3393.rds,2061,7d7bcb9aeb1bd815a2080ed06741bfee87a83cadfebb5b7a625ab4a691ef09e7,2262
harmonized,3394,harmonized/3394.rds,2,5f3336d794e32d757eeea6113e73c04f48d501a8ef3aef8cbb47d8c9587a07b6,214
harmonized,3395,harmonized/3395.rds,41,78fc6397162abd6c758432c2692ff323d5260a5e451dd3191c7cf4d6a91ae93b,304
harmonized,3396,harmonized/3396.rds,1,bf6052ed6984afd99d02f839262dd3784b5dbdcc3e90f3878365cc8f587bebf4,209
harmonized,3397,harmonized/3397.rds,34,6bd6dd6342bd2a3611de92fec106ab3109a32eb81198c3eb1fa5f01e6fa88cba,288
harmonized,3398,harmonized/3398.rds,7,abc73cdf7e894801b54804ba20955f696c5ef8ac0e9dee218ff1c87f32084902,231
harmonized,3399,harmonized/3399.rds,1436,654128424e415aac598c05f724b248e8790de6f51c64cc654a9d963261b45aa4,1495
harmonized,3400,harmonized/3400.rds,2,ea286b74af03b93a58d6da27e4fb8056c821b6174299ee98071589e3a4695b02,213
harmonized,3401,harmonized/3401.rds,57101,321fe5d94ce19ae2074876d605f15e414ab061a9951aa6b844388d72edc9eff8,38221
harmonized,3402,harmonized/3402.rds,52,34efe64a118b17dcbca2e97c9919561fbd4c4d7e59bc064db3d51db4de35f3e4,330
harmonized,3403,harmonized/3403.rds,17,6ff14e3284bb16f7087dbe96ad76f6bb3c3fcee4550698326cc16deeb254fcfb,262
harmonized,3404,harmonized/3404.rds,2,9291c0ca8157008f252aeed9bc0ac88c595503549eb315bba69c37ae8303b45c,213
harmonized,3405,harmonized/3405.rds,68,e7f94313f0942a635c909f3cff737a65c08ac936ab310b621dd8ff49cdf4afca,342
harmonized,3406,harmonized/3406.rds,481,4a13f11c7bae4b3b765b5db6399be5805b22897b9aaf1d4bfcaa0d8b9c3d8ff1,750
harmonized,3407,harmonized/3407.rds,1,f8e1e9394f5f23b29891fa8beba1d583157fac6e27ab60857aa7ecca614c669e,210
harmonized,3408,harmonized/3408.rds,1,73732c361251f991e520e25a01e3893f6c73fb35d2b03e060dfb59e0aa5b7449,209
harmonized,3409,harmonized/3409.rds,32,f9b6bcd3da56165280012856fa1d940701e6ef7041c7526b78eb6aa61cff517b,288
harmonized,3410,harmonized/3410.rds,86,9ef9c6cfde7898c0ad00f32cd10efa0e2c0486b5e111e75441719adcf2f0af9a,375
harmonized,3411,harmonized/3411.rds,523,f617dfb98426eea9dfd66c734abd4a7e33922d2ba57a278d6ed95fe24e8b2f91,875
harmonized,3412,harmonized/3412.rds,1,3d0466c343f360558cb6ca8111c40067f9832146c62702a8920d829502c22dd8,209
harmonized,3413,harmonized/3413.rds,35,fa1abdf8f7e1a59db9d13642de17109405184d36d4bec87ffbea029e913d2a88,317
harmonized,3414,harmonized/3414.rds,142,5de1511f953149ef3337333932116c0f8c342d41555f25334f8c7b953f0f692c,476
harmonized,3415,harmonized/3415.rds,3,94c64fcea84c609d45b55eb07106450f92bee8e05adb23ef6c167fb0b58b09d0,221
harmonized,3416,harmonized/3416.rds,49,0f6f6892fc52f8828e64250f403c078c1e56c440a9b93faa80166313bc55cea7,368
harmonized,3417,harmonized/3417.rds,57,69f82688a8db759924f222af76580e436c03aaf94e10bc7588bac3b55f8cda7f,339
harmonized,3418,harmonized/3418.rds,48,60d6d5d71d919ba578b374bf1fe4a870f71152a44a279d13590d95eeea499ea5,309
harmonized,3419,harmonized/3419.rds,83,418b7e5ecf0dad496d5b36df7ebcb3ba46e3189921b469c1258e95944b22969e,377
harmonized,3420,harmonized/3420.rds,29,d7e079d4a6ef7b4f141618608f24c908b8124af9e69df03118a5c5c393dd5069,289
harmonized,3421,harmonized/3421.rds,16634,eda222f1b74b11503f4b2fd489778825b0b8fb7205ff6bcc0fa36da0271da27e,11396
harmonized,3422,harmonized/3422.rds,15,13cb7086153d06b3858da5aefffa160120abf31f595bda815f377472ef853234,260
harmonized,3423,harmonized/3423.rds,104,7bee289ad9b699baffbed7db05be681b60ecabb6015056b3da748cc89e32f162,389
harmonized,3424,harmonized/3424.rds,11308,5f6d7a07e26532c7ca52e18b985700de1ecb187a835b3549c22059c35954c646,9966
harmonized,3425,harmonized/3425.rds,12305,366c2aaf29de94ffb0ef0646ef9f6e491c0bdd5ba7347e8315b3dbfca7e198a3,9271
harmonized,3426,harmonized/3426.rds,5068,7d573aabac060e3450b9fa5f6eee38da2c3c8ca5215252eb551b1c408f279a03,3097
harmonized,3427,harmonized/3427.rds,31634,a2e4b030df6362426f186e933d5131bc24acb9bc09840fe3367a7f0e06c43d1d,24501
harmonized,3428,harmonized/3428.rds,67550,d5b9de97e9229f2b3dc604b6396e656e90d6978bcead242b9d1c005075426234,39563
harmonized,3429,harmonized/3429.rds,10053,d6e0fa2ea797c495a4e8671712700c8acfff9e8776ef1930ac70b952b6790687,7207
harmonized,3430,harmonized/3430.rds,17276,dd20d5e33b14c6cf4d5d3e305a0a6b3f98450a89dd6b75a9ddec031fb67a7a15,10351
harmonized,3431,harmonized/3431.rds,222,093725d97a458dab40edb47464d6e4c2ff9aed7a9a40efe31ab248bfaff06652,541
harmonized,3432,harmonized/3432.rds,20049,3324bfa1b48c9f350b4685634d344c2cffe4d8d1cf181dfda88c88bccf5b1dac,15437
harmonized,3433,harmonized/3433.rds,22555,91f1df57d289ebb720a26fcee03bfa31fe12bbdc8a16b5f049c8e399d77b27cd,17623
harmonized,3434,harmonized/3434.rds,2,85a609ddecc0698fe26c707dfe1b731d6f062d11e24513be7ffe0bf81c476edf,215
harmonized,3435,harmonized/3435.rds,3937,df0e4381aae706f502ee8594d4bdee47e854877b285aa45d2b7520002101c5f9,3292
harmonized,3436,harmonized/3436.rds,6,e3deae21ce6ab45ec75ba709cbba3962cf1421d2e86358b7c3308c258a09d29d,237
harmonized,3437,harmonized/3437.rds,9,a5886bf3c756ca1f32e2ff3ca0b5dbf77c1dc822d97d70d6b26852006dddcd8e,256
harmonized,3438,harmonized/3438.rds,1,72579eb69f6756eff7d33a81d1e871f0714525c35722e60faf0fa5a0a3b6ba47,209
harmonized,3439,harmonized/3439.rds,185,33ec0083c96a13ad312756c92c44664f6a837965c9ca57bd1d26ed79b0dad108,542
harmonized,3440,harmonized/3440.rds,36,d41f484a404c0664ee13e479c71074817a3364b5e1e6e4a05f87da73d70e3fe2,300
harmonized,3441,harmonized/3441.rds,126,1974a03eaafc57e25955b72aa0d2a03301ac745e817c1f0d9bbff03b048c8d27,433
harmonized,3442,harmonized/3442.rds,70,161d7c03501a67c6859815fa0528bae166476eb5ae4025a1e1807944e820ccaf,369
harmonized,3443,harmonized/3443.rds,8,429f99f2dbfacb49c52add19847e969a78b4fdd93ac973e39ce1c91a27b3666c,235
harmonized,3444,harmonized/3444.rds,435,7f07c13841dd7884d6860efaca41050eba0c37eceeed201cfb5a235ee61b1de1,739
harmonized,3445,harmonized/3445.rds,11846,4d7c4f973f82eae65432f47297d17b40790c0f2d40c61eebfea4974d9a4a6b04,7958
harmonized,3446,harmonized/3446.rds,11,f41e75145ba02ccafa1c0ea15cfbd70bcb63a9f793836f9550948b918da9072b,251
harmonized,3447,harmonized/3447.rds,279,5273cc8a3135424d967df7b4b66dffd3e3e427121bcadafc2feea68a3ad98698,469
harmonized,3448,harmonized/3448.rds,14,19bb17652673a4ca300bec7aa3f6c6bc6f46c8b93ca45cc94a6ffda1da204031,284
harmonized,3449,harmonized/3449.rds,22,3b9c641f9c67fe7aa56e11edda8d549d8d1b31d17ca8fa8150f20434427fd6af,278
harmonized,3450,harmonized/3450.rds,63,fedf3e92ef28e75008dc37b0f6f32752dde2e2fd0d3e282944cd1168cd804f15,348
harmonized,3451,harmonized/3451.rds,2,e071b7822dffa5dae77739697ffb186aeb2886a7f80e7ac69f86c95668f9bbf5,218
harmonized,3452,harmonized/3452.rds,98,c5b1b7389f1083fc85becd5f8057b5e3f91fe124b1bf2c405970304e577b068a,419
harmonized,3453,harmonized/3453.rds,13,1471c962344544df28c302bd9d3c7dd235d7641a0f86ccb821c6790107c96c66,245
harmonized,3454,harmonized/3454.rds,98,9c6626831041f405afec19a0d5d1d3930a9a73cbf69fa3c63d7570f8601bd086,354
harmonized,3455,harmonized/3455.rds,10,ffbf0716f3ca5d00751d422cd50727458396c3a4493cd43b9c791ea79eeb1810,245
harmonized,3456,harmonized/3456.rds,1,979171cb6fa99f56d23ace137134aba5621b24593759c9a4a92039cd1af726a6,209
harmonized,3457,harmonized/3457.rds,45,3f153663849bd2c72b7f63a82e86cb1b06b3ef954f8d94a63505f048328cce44,336
harmonized,3458,harmonized/3458.rds,209,39bde22d7e908627af3c19793d1e8f07e9d497b3071e5f8feee103e912dabffe,600
harmonized,3459,harmonized/3459.rds,204,30a651a9874bfefa383cda19b66038284e6a460ac182b54815f03f1d04d8983e,448
harmonized,3460,harmonized/3460.rds,24,4bfc787818f3e3baf43464c9847e31e30920c4d35ac2d0edcd6d33d77038209d,269
harmonized,3461,harmonized/3461.rds,38,2e05eddafc73cc4c2268d99ef24f853ea06d1802b365798fe4fbef9b4c26a7a1,293
harmonized,3462,harmonized/3462.rds,4,8d1a50ff09b7bf28866d54a5b39968061b239f92cb8740452b64501486a9bfb5,224
harmonized,3463,harmonized/3463.rds,210,96c25374eebb02d76dfc9ae075513da5a4a0d0f3dff59a86414c523db36068c7,539
harmonized,3464,harmonized/3464.rds,73,e65af11d4fce7b194336f4e10d7c9abe0a4018605b93785b6912011ca27ba1b6,330
harmonized,3465,harmonized/3465.rds,9,3a70a361e07c6cb3b69e0053a3dabda079477012d2703ec432e6848c3e5bc457,242
harmonized,3466,harmonized/3466.rds,18,bf7f9c5faed32a23b96a8217225f798bfa73df20eaeb3bca855f7fb8f2111c65,268
harmonized,3467,harmonized/3467.rds,10,d6a55c119f54c98a3bf7fdc4859926cbb9b30b9fd17a6dfe79791f87d95e4a0b,252
harmonized,3468,harmonized/3468.rds,3,06a7ad1c14ed8ac1c73824e8f993b24a327b8fff99a4ae4bed3a8ff721cfd971,219
harmonized,3469,harmonized/3469.rds,175,f9eab75ce3e41ca429ef865f352c14c273dc8e9039603aac41d4bc3a2d1aed8e,495
harmonized,3470,harmonized/3470.rds,157,68ea53fbf81fdae978dc16875d96de6c0078a383a0818a664970a58c05499679,519
harmonized,3471,harmonized/3471.rds,6,84a17e39a1e3f4f0b3c5c5ff71d94217f0c7ac98399acfd5b6ab8e043bf7de74,242
harmonized,3472,harmonized/3472.rds,135347,f559e916bae75b809176a9f0a5ed8611469e21ad57dd495733530fca22cf3ce1,68152
harmonized,3473,harmonized/3473.rds,667,ef69aade101d62a0b5afe2a2233267ae11e55787b95dd4dbe41bcb94818b3081,859
harmonized,3474,harmonized/3474.rds,23,a628fdd3f3f1d5b21443bac13480d3e0097c546e67e19f07825b08345d734dec,285
harmonized,3475,harmonized/3475.rds,4,4ac057f998553fb98eacf7bd277440b40343675e3c2a3afb97fb7f9cad9ce5bc,225
harmonized,3476,harmonized/3476.rds,1,1c8d093323d8aac37963c0854d2b867b786b86ef92060bba9c8601ca2ddcdcc5,207
harmonized,3477,harmonized/3477.rds,2,628a1e18c89f506e1e9697b0e669e74e5baaa9ab41f238d69e30e20ec790e7c6,214
harmonized,3478,harmonized/3478.rds,1,b76533a93deb15e3b38e46e291812075621d30fdbf978629d7f2b3bff3625794,209
harmonized,3479,harmonized/3479.rds,14,e733c0d8c477d1d9b3bcb49a4ee653ad620b3771d2c4ccc8f9c0d5dbcf9453a9,266
harmonized,3480,harmonized/3480.rds,19,483c58c5cb36e3e96b303952023438c51345fc47f27b7189b0a751c7656b965b,281
harmonized,3481,harmonized/3481.rds,64,77d7afbc19d1f640493c6c06c827b71d40120c4b147a0c63137bf6c89d81682d,354
harmonized,3482,harmonized/3482.rds,1,eebdc306ced62f7ff8afd5277e05c4dd0729700ef82503fca10d1a2aac36b181,209
harmonized,3483,harmonized/3483.rds,1,bf6052ed6984afd99d02f839262dd3784b5dbdcc3e90f3878365cc8f587bebf4,209
harmonized,3484,harmonized/3484.rds,7,a6b91c51b02d269f111fa5de2614fbcab69f345f2fc3e4355a4667ea2f8650a1,247
harmonized,3485,harmonized/3485.rds,2,628a1e18c89f506e1e9697b0e669e74e5baaa9ab41f238d69e30e20ec790e7c6,214
harmonized,3486,harmonized/3486.rds,115,16af05533e55e485f61399d51eb0458aeec70f9c8fa200c6720b3f16cd380ece,424
harmonized,3487,harmonized/3487.rds,50,a704bca043749da178897ea6e1661fb8bc5f460ac1a5e8ac08e40d11732e9c3e,334
harmonized,3488,harmonized/3488.rds,218,7d723f7032af2a3071a3079d5941494e1758655a25845b05cea4854700d83321,489
harmonized,3489,harmonized/3489.rds,378,1b6d6f012cc9a171aeb802bba22d1722f3c38ad533cc174d3b3fe0f3d291c56c,608
harmonized,3490,harmonized/3490.rds,5,9efd457ddbf4c1bb7d58638369172aded4dfe77e2d04e86d37cd6c8ed261ec88,225
harmonized,3491,harmonized/3491.rds,1,b6467023096df6770bc56b426ccf19b1571a2c64fb4e12c983bdd4f254dc36ee,209
harmonized,3492,harmonized/3492.rds,50,1a92c881fdcd7039cc283c4bcda7acf122e5b4d2cb8ae0612a04f908bf4ee912,315
harmonized,3493,harmonized/3493.rds,19,65108da7d3449d6a183b16d3e9882b0a8a947a0b5507bcfcc06820ce862ea49b,284
harmonized,3494,harmonized/3494.rds,29,f5002aa8155e525da785c88e365c1c1dc27987adaf85a27b421eab04ac0cbc71,298
harmonized,3495,harmonized/3495.rds,29,9e805029ce0f90e26ab1ad9ccc226badd8dca21b45a6e238ae8ff5987a1e7e9c,301
harmonized,3496,harmonized/3496.rds,8,457e33eb6d8b846d5d319c5e3134de66f610db1686c3d4078b4e49649623b91a,233
harmonized,3497,harmonized/3497.rds,8,5764cb35f9e19313058c0c59280ec78ae619c84fb5e53e8d623c40a362fea86e,258
harmonized,3498,harmonized/3498.rds,32,66beaec4075f157383f692f0b57f7bf7b60ec3ff5b912fe61f28005bba0cc744,307
harmonized,3499,harmonized/3499.rds,36,b437d974f1cd934e7eb7b67545841d98bed0b929cf9978e8c3f305c6267fcad3,295
harmonized,3500,harmonized/3500.rds,1,fc7dd0bcf8ed2e8c69acf0b440cf146031a3e54155568fc20cbcfccefb3a04ea,208
harmonized,3501,harmonized/3501.rds,10,ac4fd0dbf6b5580bb6aea9e840fbf4ca4f0a23b899fad79b5df544f0a044518a,255
harmonized,3502,harmonized/3502.rds,4,3c24ba0d10ed6f4e8dbaf53e4cf3fa396169c3e4b06c7a354a8174c57ccfc788,229
harmonized,3503,harmonized/3503.rds,6,1aee15e1d5e9dcc6b1a9ce6ea0aa078bf866dfa2a1ab18e0f18fa72345bf36ba,232
harmonized,3504,harmonized/3504.rds,1,3e15dfa8bf1373266e3f3b26ad19cab97ca0f1ec06a0f2eae73d12075c1de9bc,210
harmonized,3505,harmonized/3505.rds,270,9c9a5efa2a2ee4d48e1d3e188107d52da83a94a3c83b7ee3f36fabee00a01b06,520
harmonized,3506,harmonized/3506.rds,917,dd3c870feddb9681cd91c8fa0e049b3b6fa5e836624e8a0849992ba806dd7194,1259
harmonized,3507,harmonized/3507.rds,29,8c505dcb8e31e0c81be449a62a05f178f5ecba01a37a72812b2fafdbf2ad67a3,286
harmonized,3508,harmonized/3508.rds,840,ed73ba05fac5585415527a1f533630bc1c388718ebfde30ef2e95229e384a764,1274
harmonized,3509,harmonized/3509.rds,34,c48bea5c36aae90c3bcc9f584accd965f4be4114d79fbd7954cb2f5d5d600875,305
harmonized,3510,harmonized/3510.rds,81,408bf30122c17ba7c09d5d0d2017792c83158219172fd261e16103dc85ab31b4,345
harmonized,3511,harmonized/3511.rds,3,9cc861da6315b851aa29865fa2cb6bc0fcd761d9d289988c6d1e662aa12a1645,221
harmonized,3512,harmonized/3512.rds,6,be98fb9d7500bf898cc697fc232055ddce0184e3e0966959832855f816a2c94b,232
harmonized,3513,harmonized/3513.rds,115,27891d0af5d33b8c1909f6914143623d83d39deeb75ccc848fb307e527eb989b,436
harmonized,3514,harmonized/3514.rds,461,31ba22d75559a4fdf43994ca8dcaf326530604be2d696cfd7b859f8a2f8f2721,704
harmonized,3515,harmonized/3515.rds,752,be620aa1a46e9c74d4be8e1870b363dd04fec71d37bf4b78abf0b1ecdbb9077a,936
harmonized,3516,harmonized/3516.rds,64444,fd6c3721519d111ad42484e7046a92c9d99e7c7899ee6f3756800f4a81b72798,36203
harmonized,3517,harmonized/3517.rds,56,e27678f95260896d756c78b6b06d902ae49fbd18584c64167ace23de6b91c478,330
harmonized,3518,harmonized/3518.rds,24,5994a6c8159e97e614195f61d8394b61ced03b274da21b9c0e2a23e78627a6ee,300
harmonized,3519,harmonized/3519.rds,82,5c2842e019a9386e3eed40b6cdbfe8fb9f7c464af5d2bfd90428b9578f24060d,359
harmonized,3520,harmonized/3520.rds,305,c0373219161d2ea47a6b1bd28e545c9178f4ea78ade3d3b21e94868d8d997930,623
harmonized,3521,harmonized/3521.rds,51,72a4a4d660d54c3cf85b066e135bc025e0557d631af576d85cb9678c4a6e9600,329
harmonized,3522,harmonized/3522.rds,9,310fbe7efd9e7a7d7ea485ee3ed75b9211883214cf4a5650022f954ef70416fb,238
harmonized,3523,harmonized/3523.rds,26,da1c8bb46b64195c46b3e7144c14c34a96d64bceb0bb634d28b5317ca500a0e8,283
harmonized,3524,harmonized/3524.rds,4,185f8ea4eb853d7e61c144c606963a5872ca5d3da2acddb8f33352ef0799b748,220
harmonized,3525,harmonized/3525.rds,19,b71c4b5266a81d54bfe39756bfe324e46f378addb7d40c1d387f293ffe03da8a,262
harmonized,3526,harmonized/3526.rds,170,f09736980d9c766b00fa17a2bb7679a7b23e78922351b88ab209b9d44767def8,509
harmonized,3527,harmonized/3527.rds,1,fc7dd0bcf8ed2e8c69acf0b440cf146031a3e54155568fc20cbcfccefb3a04ea,208
harmonized,3528,harmonized/3528.rds,37,6f400825af53dd97a9750de9e290f9cf0bfef6036246d8277f0c8c5e10c49fcf,313
harmonized,3529,harmonized/3529.rds,42351,5a8a15fd07b2e1b1e05b35ef5bd56c4aef7d59c8040d1bc9b8e64dea642beb26,24987
harmonized,3530,harmonized/3530.rds,5082,caf321cacd85c53626d4cabf496e1f6491ab5a590efd35e55d6f2e433de3999a,5174
harmonized,3531,harmonized/3531.rds,35,fa83a544259d8f7a9194127698d39ac429cbf4d3b9d04f581747761439353b46,289
harmonized,3532,harmonized/3532.rds,30,e093203bae3f9dcada1bebaa631d1075be4b0e3b36500c90a94432b23c150de2,292
harmonized,3533,harmonized/3533.rds,36,b8a7f9ee861cec05d2c21b11a1ab950e0b7e97ddb7239010d4e84ff4a62ec7ba,325
harmonized,3534,harmonized/3534.rds,343,eb20588f57f3bb12c70c3ccf915b7021d36df2763411cb40f251937f7a043324,589
harmonized,3535,harmonized/3535.rds,67,93a1af6841525922b68526d2e716539de181d9ac04d49c506ab1e5200fc7dadc,389
harmonized,3536,harmonized/3536.rds,16,3070ea76e1a84a95c925365ede9cf57ff72005b60cb11f272116b98dc4af3cb5,246
harmonized,3537,harmonized/3537.rds,15,7dab524269d93534865c33776b4b4b46e38dd0836d2297393511d49c78b6ab50,256
harmonized,3538,harmonized/3538.rds,98,cc4be31264afd93a487b6c56c19b38fbfa86e21aef01c69bc839ad1e5cf78d5d,411
harmonized,3539,harmonized/3539.rds,1,eb7162a2a274ab203a7c75f0565597753648c3b4608bd72f5f6fdf4e6be8d7a0,209
harmonized,3540,harmonized/3540.rds,514,f6ff161d2cce31c9e5b1cb75c37bb35ba586277718d349476703510542ac69e2,829
harmonized,3541,harmonized/3541.rds,16,55bdf07c3303844be4d7f4d1d76a7064c5da6e971bbdf84528b70503e41d34b1,254
harmonized,3542,harmonized/3542.rds,104,8d4e9e9a8cff17dff97a5480ac6979845180ee9203b81513c149525ee748a1f4,433
harmonized,3543,harmonized/3543.rds,2588,bd224d91d37eccabdc1f9a99d31175b9e77f609b9fdbc1cd2bb36122b73cc9e6,2885
harmonized,3544,harmonized/3544.rds,44,958e03a021e9b704d6d8db3918eb07773c145a69bcdbcaae8e734eec61acb33a,311
harmonized,3545,harmonized/3545.rds,5,d002eaacc80ed620561d3c2c496ca49594e4f995c5ef065d3949dde239a968d7,223
harmonized,3546,harmonized/3546.rds,449,0e3ebf3b41e0659f486700c65c25820466f1aec85b06beadc5d448b2bfbb7792,752
harmonized,3547,harmonized/3547.rds,17,da6d582efed8c533256f697fcd7aace462f174da6732d6a68d89ead887d4ce73,266
harmonized,3548,harmonized/3548.rds,123,962b08f673a2866d1ad62a47713e9f6cceba0b57e200878e02a77f322bd65aef,416
harmonized,3549,harmonized/3549.rds,31,3d17c297b2fa14fc377296a5a71e6b984d38ea3a5a8aab32b0f7ee0a43c5e258,314
harmonized,3550,harmonized/3550.rds,10,8ba56b20c1421cb19e232e9386dfaee0acec8912763c4645ab578a9d84ad613f,243
harmonized,3551,harmonized/3551.rds,8,01abf8c69648e4eddcc6bffdb1b6d982162de44361d72cb67db1d61e0314dae2,244
harmonized,3552,harmonized/3552.rds,206,d75cef59f876006ea0359589e46508699723317166e4500a872c21ddccb22ef2,523
harmonized,3553,harmonized/3553.rds,90,d22e857aa9e29ac9c180beb09becc28ce62efb7f8e21c61cf010302b6d209523,412
harmonized,3554,harmonized/3554.rds,10,c24f2c16e38dfaa2638b0b665320d757347a3a4d9d3ddb5f20982c6e53b7aebd,247
harmonized,3555,harmonized/3555.rds,28,52828217cd4fbd6c9cdae02dd61da45f7caa1970b7fb06aa7a5633e569618b13,275
harmonized,3556,harmonized/3556.rds,616,a771c09ff984f375f458bda67bd5c334c89674294d96984e596d1d1d37bef132,872
harmonized,3557,harmonized/3557.rds,121,b7f8abff9a0c897d465ccd66030cd2ec040cd40af104bf3d24f5e2069d7cb64f,407
harmonized,3558,harmonized/3558.rds,146,ffe6303432e3cf97cf5b5f73cb0de042796a8a6aa9982901b6403868d4271ca4,495
harmonized,3559,harmonized/3559.rds,22,c04f6055e1390df9747d4669596b29f4cdfab92f5859688d2d9bac1b50bd67b4,290
harmonized,3560,harmonized/3560.rds,17,ff99223560445f3004f4cad1f8bf85dc687dee155148d6afc1c197d64c5d1a43,266
harmonized,3561,harmonized/3561.rds,118,ed2956e1c7800c872afd1a99713e86507c2022e485f6058c98a15510e0014bf6,420
harmonized,3562,harmonized/3562.rds,162,ffb4abafa2374410cd1119bf6f2ebe2687d3ab38a8e8ca446f49580eb6ab87de,406
harmonized,3563,harmonized/3563.rds,73,383d7faf4c5df980a5a51b16e66d5ed2b219683d2fa920945442d95f860cb405,383
harmonized,3564,harmonized/3564.rds,16,6a4bf170cf8e438cb0dd21d484eb9ef30d1cb699759c82af5c575b87ed214c40,253
harmonized,3565,harmonized/3565.rds,2,8df6727638b5a04f8fd4e372055a7e58399dd91e65c2686a2638c10933fdac78,212
harmonized,3566,harmonized/3566.rds,100,6593642db0ee7a8f553f4d012ad19ae66e731c9c0809a993cf49c062593a92c8,558
harmonized,3567,harmonized/3567.rds,7,f9f941c7fe695b5485315463969b7602738eb633489e13dd18cc9a1de85c25dd,228
harmonized,3568,harmonized/3568.rds,266,2e09028fc256a5576b377295a00266e0372c2b74540f04d260e5af6a3886dbc3,471
harmonized,3569,harmonized/3569.rds,8,c69250ad8e8668d54c6a38267583ecb49131b6aefc3279385d74614888c2c7f0,251
harmonized,3570,harmonized/3570.rds,20,352cdd5e71b69912a1020713ae30b84b6e562e80d164c6980c4418a641b039a5,269
harmonized,3571,harmonized/3571.rds,1,ff131756478a18052a2638d438a0c1fb97c720f88a1407fa7caef6db42b8efbe,209
harmonized,3572,harmonized/3572.rds,13,04cb745054c54f87254809ac944bb2ea57ecc1a1ce9bca362eae5067509f6e2e,245
harmonized,3573,harmonized/3573.rds,40,a3ba52cd5dea35f6048351e6cc8d889c62a8663fdd9665351da027e43e4bab2a,323
harmonized,3574,harmonized/3574.rds,19,e1ecc2d2273f013ecf1ca0994b6bdb73635b74b1f322e3aef8725030d1beff78,271
harmonized,3575,harmonized/3575.rds,21,da612194eeb545f5da070d0091ebbcfdacda52ce2d94f7140ec0856a5e7bf41a,263
harmonized,3576,harmonized/3576.rds,493,b2b3722a706deadaed1ede6b3f5c976f4517e58e0b118298cf99eaa6ea8e6f9b,697
harmonized,3577,harmonized/3577.rds,239,938740a88a360da0edc2d86cbc266ec89a61529d149184c2be806251b6cbcafa,524
harmonized,3578,harmonized/3578.rds,2,628a1e18c89f506e1e9697b0e669e74e5baaa9ab41f238d69e30e20ec790e7c6,214
harmonized,3579,harmonized/3579.rds,11,28da4fe4e9abfcd80a0155a56d5b12cad75047fec86a1fd52eee6efa527a5759,247
harmonized,3580,harmonized/3580.rds,13,f7fee7907ea4785a89004b8d5658a92f6c780eb488801b1468d7e981291bc658,245
harmonized,3581,harmonized/3581.rds,108,255457e23112ab452690c1f98726d9cd32bf3be2d14ba1f235ebd0b0eaa6df79,399
harmonized,3582,harmonized/3582.rds,32,090aed110a3aad47b89a704ffc9b24bccecf3a209888dcc8048a0a4fbae7aee0,289
harmonized,3583,harmonized/3583.rds,22,d6bbe82acfc6c93879bd6035f11f0cdf7e1609d0692eeb162eb708e7acc73dbf,275
harmonized,3584,harmonized/3584.rds,1697,b373aab74a712113df026cc15af8e226956a47d7237c14f82d625e2b7cc49b9a,1880
harmonized,3585,harmonized/3585.rds,69,4d444d529b42953d94bacf1ec2d7b2a653853f3eb49dfbb320a9a483dc0f691e,331
harmonized,3586,harmonized/3586.rds,21,72a13a6b5967bcca6f30e0424689620bf9cf50adb04d493ec4a5eda0ca000c41,270
harmonized,3587,harmonized/3587.rds,7441,4793c80e9bb75d5307d4d67db173dd56abfa795fcf62396b72c87856daf957e7,5648
harmonized,3588,harmonized/3588.rds,44,eac72ba5b9d71ef0f55cda4772c2c7534738c7babb6af394d4039c2bc620b891,322
harmonized,3589,harmonized/3589.rds,157,6f5ad2e9adcd38da304b43521d28db916e9fb6c5ef24d90d1faa3df655922ede,586
harmonized,3590,harmonized/3590.rds,11,106c1244233d41ada0424c20bf712a095023d3246e3e9dfcc37095ed332a6a3c,245
harmonized,3591,harmonized/3591.rds,1,fb08c79d428c09270bfdaa034959e594953b774b3c13358464766d376da22e91,209
harmonized,3592,harmonized/3592.rds,1,608ee4b01f67ad704900c911c3aeb70c2a060826ecbcb06e10cd19f24cbd1bf2,210
harmonized,3593,harmonized/3593.rds,236,cd2d76a5ffd95de51f8cb10a254c2ccc2198aa51f817d43171a2b552e18f6a1c,520
harmonized,3594,harmonized/3594.rds,327,2318d5e9de332593883f5f347887dbc7840855032b1bc49a0526302a4936a238,633
harmonized,3595,harmonized/3595.rds,90,f5c4052827ec97f1f1297e9194fc5c96916e3242576f9eebd3c85bb2f950eaf7,375
harmonized,3596,harmonized/3596.rds,110,f63a225337c2f075935136c70bd2c0ba50d49e66fe3bfe16c9dc0fae1c564ba4,474
harmonized,3597,harmonized/3597.rds,5,dfc37a19cfffdc587906200239ff5690e7ead4a2276d96fcfcf7e9849213f443,228
harmonized,3598,harmonized/3598.rds,2,e06e3f5027808979107497a53c63289a155a59ec62965565947d57bdcd608e2b,214
harmonized,3599,harmonized/3599.rds,387,c78ab4fb59d377ea169e57abfdb2077b8f28ee585f9693c006c6dd667e807d78,572
harmonized,3600,harmonized/3600.rds,8,2bffe9246c2be8a6a281822ff65da036580b047fdb1785b35b3d0cb5c677afd9,246
harmonized,3601,harmonized/3601.rds,80,43563a9d216d55f7891e3b9c65e918201c81b780dd4ad750749184c508dad997,410
harmonized,3602,harmonized/3602.rds,80,dabefa02b19ab09ba102d8831674dbddbe832faf10f608abec74707c002cf42b,325
harmonized,3603,harmonized/3603.rds,4,084c43f18d5def0282ec949b4d2b14cd6a7de537b7fdba746226b9c666aef336,237
harmonized,3604,harmonized/3604.rds,2,628a1e18c89f506e1e9697b0e669e74e5baaa9ab41f238d69e30e20ec790e7c6,214
harmonized,3605,harmonized/3605.rds,1,b6467023096df6770bc56b426ccf19b1571a2c64fb4e12c983bdd4f254dc36ee,209
harmonized,3606,harmonized/3606.rds,13,ac64b41d190b7d27d46eaac0d2848eedd92a68422b06b78fcbd477ff992921b0,255
harmonized,3607,harmonized/3607.rds,231,94d6a269b25f1cc1c5084453a7a1374b2981693d98cc7c3e00a898b1fea91130,528
harmonized,3608,harmonized/3608.rds,11,27e6cef8cd3a95f560a97cf9a5cbed318cc155c1035b823e58a302a2d6280792,257
harmonized,3609,harmonized/3609.rds,33,c10ba89a251c678bddef47e697f301fdcbabfe9ba0576adc226cfd656837472c,298
harmonized,3610,harmonized/3610.rds,92,29cd4680218ec06e9c937912eebe7f089d315694f4f0f2574f0034d6448bbce0,370
harmonized,3611,harmonized/3611.rds,45,c783d95e150e19523c698284babbda0c8b1d87fc1bac20e64a4acc61a6e235a1,325
harmonized,3612,harmonized/3612.rds,1,6c074dd11bb2edf820f94cdc5d303e2c28f6a783a53a71317cf9327bbb09da18,210
harmonized,3613,harmonized/3613.rds,112,1cad51c5d3125055103cd41e29c2f6cbed22926cbddcf34ae09ee210b5e7415c,388
harmonized,3614,harmonized/3614.rds,184,4ae3957ec217279e958adacd4477fd92b296bdbbfe0f38c83ef23d89c12b75b5,536
harmonized,3615,harmonized/3615.rds,88329,f55f98347d69c15162ce6bb6e8ea8b0ad5b03d0c5244d70990cd1f2b2e7d6a92,45764
harmonized,3616,harmonized/3616.rds,6944,fbbc13fb0a446488f8542432a284e695c02cd00ff0e9ba958496c40b2516eb57,7219
harmonized,3617,harmonized/3617.rds,200,d3a692c5d3d8342c280220551916a40d3f10b9d12f466cbaf4f9519779d4f7f7,541
harmonized,3618,harmonized/3618.rds,2,780a2d222bc2c4030b30015efaabb1175e5b8982b470f9798fc58611b1cc8f18,214
harmonized,3619,harmonized/3619.rds,1,1b629ee388ab857bad3aeec42d14a299639f54ffd42bf4e79ef8fb134aba818b,208
harmonized,3620,harmonized/3620.rds,26,453eae1ce7c7058cc1dcf909fc7f54d61f806464dc14b0e3d127fda1d93f71ed,299
harmonized,3621,harmonized/3621.rds,156,933b7eb7e8812c694c6a15da32bb6028bdcd016be753772c779bfc692fd25d6e,492
harmonized,3622,harmonized/3622.rds,25,72d6bdfc09273480c8acb771daa7cbd149c2a5e97606561435c6c2a8e842ad5b,272
harmonized,3623,harmonized/3623.rds,6,ace1aa3951870e166476fea1da6cdbce890cc4389a9622ec3aa42cbdb5c53d26,232
harmonized,3624,harmonized/3624.rds,205,a4653b101445ea1f18ca0ef1659fe2e0c99dd085d6e9ff020a6f97577397edb1,478
harmonized,3625,harmonized/3625.rds,2,628a1e18c89f506e1e9697b0e669e74e5baaa9ab41f238d69e30e20ec790e7c6,214
harmonized,3626,harmonized/3626.rds,11,bfcc6177060ae0aacee121f350a3597e5d79d51d19517b70d75db91cb992ade6,252
harmonized,3627,harmonized/3627.rds,2393,e1b18a1de02303fa928651a966f596b5d08ac60ae7b7dd1771be54e362ab93b3,2312
harmonized,3628,harmonized/3628.rds,14,8d0db196e53a61ef1fc5c39b542fd32e7838b7457049252a58576cddec15592e,251
harmonized,3629,harmonized/3629.rds,9,887c20c5051e0d414bc9e44c1e94c9552ed0fa9823d7fea2e9c8bc7c82a966a4,242
harmonized,3630,harmonized/3630.rds,84,85c61d7649cd67075a6a8d4e6b8bc1273137b63af3d90f6f86af2d10dfb8b15b,395
harmonized,3631,harmonized/3631.rds,34,0a28adaa46cbd78cd6772e89bb6a49577794af6aba59cdd166e265bc162a4202,310
harmonized,3632,harmonized/3632.rds,4,79c8418c790ff1702d910c17694eb68b42b67b5be024ae6d08adb36172f3a274,232
harmonized,3633,harmonized/3633.rds,202,4ef5e4beb798aa7104addfbb09a16d31c4b5df851e332042b088eec17b1015b6,561
harmonized,3634,harmonized/3634.rds,222,03f8e48927ae4efaac39eadaf9bfcc971963b523e2c32a7d55fd1eb7c69a8ba8,526
harmonized,3635,harmonized/3635.rds,17,aab7333319998eb401dabb26a73d896fd393790951aaa71ad906c9f2373acf33,256
harmonized,3636,harmonized/3636.rds,58,1a4c2a75611b5f731e3e85011510a653a6d50f7ecd6707d645d3691e228e8f5d,321
harmonized,3637,harmonized/3637.rds,353,84ced91910fe93784434d1f85147e0ae5efb94557d1bdbf7a649d807958b277b,649
harmonized,3638,harmonized/3638.rds,26,64cc5ffb7760def5a23fcfccc770dece6866cfc2334a858e5fb76dff84ca475f,286
harmonized,3639,harmonized/3639.rds,509,5f80a71b3f84b23d6a1f40d4aebf729ced44fc91fd76d8de17b4b02f75c7c013,950
harmonized,3640,harmonized/3640.rds,42,582ebd3ae42bf9f147e75b7f9365ef9dcf69d7fa40000092a6b4ffed7c58e6ce,303
harmonized,3641,harmonized/3641.rds,2,1c7e0d0281db27d43c74bed3ca9c0073b10a7dfe4eff90c71a46f1e5e14b3e9b,218
harmonized,3642,harmonized/3642.rds,2,6a953fceb57ab9df86810f3517817d5bca5d53afdb945c899185c75edf3849da,218
harmonized,3643,harmonized/3643.rds,12388,85739bfe41453f4163e25605aab93879a25639e11da113ae6ee8cc6a60ccec32,17319
harmonized,3644,harmonized/3644.rds,12476,05a8b39176ffa814c0ff84c9791352e8870f578ec2957e27297e84671115270a,9350
harmonized,3645,harmonized/3645.rds,93,6ff8d36eea37ea7efa2e555b4088c9b9969528bd7242548618faa0616ba2519b,370
harmonized,3646,harmonized/3646.rds,3,7ec4f2749d175afc80b9e04466d737bf3caef3c8abd682bfa5d9b88d35150a7e,222
harmonized,3647,harmonized/3647.rds,14134,d749cb482fe04f6ff665d2889b6016a67c3e9ef6867e29718a715848cc52f8e3,10940
harmonized,3648,harmonized/3648.rds,5,0733a429738b23dec684718cc14cc4fd2bdaa802873664b687b70bc1b317e438,227
harmonized,3649,harmonized/3649.rds,180,fc4bae791e124158540922a1abf0090a78ac7c0f499e3cd6fef7629a47935765,545
harmonized,3650,harmonized/3650.rds,241,1d7e2bd3fe5da5d67b51dfabeff96f4e99af781350da7ae90a680aa061d4063b,608
harmonized,3651,harmonized/3651.rds,13,91aa178e09b63a6ae7a18a486355256693405200ba20f15afa549ae979452d38,245
harmonized,3652,harmonized/3652.rds,16,7fdc0de7c53d5484d0018d103d5719168c62d9ef2f88c81c5f86c46be3947f83,253
harmonized,3653,harmonized/3653.rds,23,6487c1295013bbf68a812c849a9a740fed98b55f778e807e6c2220f68077c7ee,304
harmonized,3654,harmonized/3654.rds,327,dc8510093931db9298e8f30e4576992d93bdcaefec6fbb7fa794c318340f8d5c,747
harmonized,3655,harmonized/3655.rds,66,c8631d62b9bf06d93010866673aac8351fba53d7fcecfbaf22fab652bc20e0cf,344
harmonized,3656,harmonized/3656.rds,2,628a1e18c89f506e1e9697b0e669e74e5baaa9ab41f238d69e30e20ec790e7c6,214
harmonized,3657,harmonized/3657.rds,62671,3a965867903f779f6132255ca393ae9c32b99ed8a83cc2b1ab9e8954a7bbf2c3,45878
harmonized,3658,harmonized/3658.rds,15859,d928432d110e12498202016223a804517d494c30686afd1c40c4a21bfe53bafd,10533
harmonized,3659,harmonized/3659.rds,2799,4d54bb7bf5d18fa653c4e8b25e541e8b0d4c23ccee311bee481d524f0a2e38fa,4109
harmonized,3660,harmonized/3660.rds,2,886fcba52d97b9a68ecddbe413bd1eb6f35d1ecc07d232b2763d995c373e7bed,217
harmonized,3661,harmonized/3661.rds,1170,0537cc9cf37ce69c1dee6d2a5922a48488d4b987ed9706c285ddf1c656f096d1,1767
harmonized,3662,harmonized/3662.rds,5089,1b9dcc816ed5bf3414e5ec4f4661ff686dcb7379d4f2e05c22fc83eb4f866e20,7061
harmonized,3663,harmonized/3663.rds,2131,8030a3bbf24267ceca0eafa03a1f93173b61e2336a22b0459a0bea8486a25a48,2355
harmonized,3664,harmonized/3664.rds,72750,1aee9d459fdec5e01285a385966d68c3013c5846d77bc830786166cc47a96633,51683
harmonized,3665,harmonized/3665.rds,12,be1ff21f6f92e484afacd2913f7006f5a4a84f8e63d3c9340070f8aea69b6a18,256
harmonized,3666,harmonized/3666.rds,17434,c17fe7eec794676e33731d4dab2c39878ea1fa699af95f1781e0608912470fd6,17687
harmonized,3667,harmonized/3667.rds,26,00eead0a16f9d6dbd8ebcfcafddc64d64ffa39296707aa7f2ffffed378357261,283
harmonized,3668,harmonized/3668.rds,14,9182cd304edd9d9ff4da36a47bd3f002733f9c3f4732ca8e9801901d9378ab05,271
harmonized,3669,harmonized/3669.rds,13,c3c487c121dce69c226390bc0d3bde6c4c883d0e2f75795cfeb6282dfc925d18,248
harmonized,3670,harmonized/3670.rds,36,f2cd7fd99bb6ffc66932170b40644fa6257cdd042db1aa084d5d03813112418d,318
harmonized,3671,harmonized/3671.rds,63,3dce0b7c5c06b449f956325387702a8aa68a6b430fabbc1e15a1a8bcdf430c64,383
harmonized,3672,harmonized/3672.rds,459,a71e6e2272736f3b105494240f296d78f2a884d12fc2d45046336e5036c711bb,640
harmonized,3673,harmonized/3673.rds,66544,08fdd60a3caf0919e8789f1e4dd0c8748997b4c9405437e584b96982ee43583d,45301
harmonized,3674,harmonized/3674.rds,31,55cdfda33a8c7689d48fdd0d4ad101200e663a4119f21425833cf4c8420d43f9,290
harmonized,3675,harmonized/3675.rds,34,5b00fe6f38e7f1ba9e46076fa9c5facb5b733c089fa7c31c598b098e8f352e71,313
harmonized,3676,harmonized/3676.rds,52375,b53ada5d433d769fdcb49b5c4fa18f0e4fc67a2e14ab2deda197860be1e12794,48241
harmonized,3677,harmonized/3677.rds,88,6316b2aedd37f6d2aeb383affd580e512d22431abe34eab466929a92327c9419,363
harmonized,3678,harmonized/3678.rds,5242,ce507649f2ef3015fb55304580565cd4e9cd75ce0754ba584930346b1cd75090,4357
harmonized,3679,harmonized/3679.rds,55668,e4cb3f961f6842abcd0646c360c631b4a28d6e7f2b80a3c4481d593a969101c4,31582
harmonized,3680,harmonized/3680.rds,4,e304e048062883e11bf129fe268f264a9a3ece11830280cc1b1e9f84da9356d9,221
harmonized,3681,harmonized/3681.rds,8023,91ecbb651e6d921c231e2573a02dc3a9e3eba222fad8d16470fb8451e7badbfc,8579
harmonized,3682,harmonized/3682.rds,15,048e7cd8da624267f8ed247325266882ef1ae7f16b2c853f2ad1b6a195715045,263
harmonized,3683,harmonized/3683.rds,3,de3bc9a25a5cbaeb2b1c07e82d481ea014fbf217448f11d29ea276493df2c5bd,219
harmonized,3684,harmonized/3684.rds,47,ce76156b081c065bf8bc747815601f0e515c59e4e8c48d8e073587cde59bf0ac,308
harmonized,3685,harmonized/3685.rds,8778,d923b1be1dabbf2601fb38a2a1d59a426416811fc32b0eb9bd2052f013c537a7,4673
harmonized,3686,harmonized/3686.rds,22,76c17bbcaa72e2d4b3bbd857622e4a397dafde62571b0dff4bcb814fce7c0abe,275
harmonized,3687,harmonized/3687.rds,164,96695b5d954094951b0e037b722cb33f2547426ae939e82d25aa040d23be50fd,346
harmonized,3688,harmonized/3688.rds,127,ff07ac768f87c8086703499de9f8a839d60417585ba4c3a8bb73faffb28b2189,464
harmonized,3689,harmonized/3689.rds,220,9351172d1165c91491db63be1e8597758445e86d06c5ef1c69e1075a57f5249e,576
harmonized,3690,harmonized/3690.rds,495,35e29ab5fedf2eb8e45c73d4143b17ef4af74e29ba69c31a4265914ad21ca1bd,1232
harmonized,3691,harmonized/3691.rds,335,58d07faf9f286894f300e249d5dddc3de6862a4d794295928fd315bb3c9b5169,611
harmonized,3692,harmonized/3692.rds,76460,d418bcb58a63e4f1c334863902535ba4b6f321729589ef109c5c339dbe4866ad,51137
harmonized,3693,harmonized/3693.rds,5,9efd457ddbf4c1bb7d58638369172aded4dfe77e2d04e86d37cd6c8ed261ec88,225
harmonized,3694,harmonized/3694.rds,1,7da2704beecac8ac9610ecf786d9bcdedcf330fe62066842c99ae27de781ce57,210
harmonized,3695,harmonized/3695.rds,479,429c65d8c3f2cee909c45e9080e43dabe0566d03af47694bcd8bd0f1d6f343dc,790
harmonized,3696,harmonized/3696.rds,28,cf20df607d0d5f3e274084640b1dc977b25010e5a1321eb8f0b5d3b2019c0c84,314
harmonized,3697,harmonized/3697.rds,99,9a1bfd1bc88a8e514d4fb30128eac7a492e9dab79b84ba15fd52b8ecc199f2a4,382
harmonized,3698,harmonized/3698.rds,71,fb48217bc6c947e28a47065c409fd9fcdb932acfe3b2bff0824068e4460033be,387
harmonized,3699,harmonized/3699.rds,1050,8a36e69879362b81dbced9f06fe6310ecf93b54db8945173c2839a22cc05cdd2,1247
harmonized,3700,harmonized/3700.rds,5603,c0a031d7990730769f1a0cb856c6141a44a10091ff866e6490a22a61989f69a4,6844
harmonized,3701,harmonized/3701.rds,81071,fb9b130e5b949f4ef635565567904ac2ebe465c216101b58ca82976f40918dd2,50685
harmonized,3702,harmonized/3702.rds,492,2d0d05320a220d62b269f63caf84e9de20cbd449662d5ddfc18aee61f40fa247,796
harmonized,3703,harmonized/3703.rds,142,3a3e01cfd454a7e9703df6c52dbe9881f9f17e9978a79f2f1fb8b4e46375940f,440
harmonized,3704,harmonized/3704.rds,45,53950ac44a741daf053411a8440986a48b043349638c5e484422486d40eb31d9,333
harmonized,3705,harmonized/3705.rds,149,ab1d61e65859284b661adb058ebba34840f662f16dcbdd9c3df00940e3afe16d,455
harmonized,3706,harmonized/3706.rds,643,7dd1f3e5fcf0265cdd653ba7375832ad58db7ce7100fdb7895f865bf02471148,920
harmonized,3707,harmonized/3707.rds,1,9d0649eadd6b81ba81eb52798ec8340d9eb8fa9d85f910e43b23876fc1735893,208
harmonized,3708,harmonized/3708.rds,45,086a60ad51844f70ae0a74b81b27df3a2657e050aeb66784fe6ce71d97befc57,310
harmonized,3709,harmonized/3709.rds,16,8e5d19f0a8debc93fa8827a2463e80f079d10175f1f281cf5a21e110c7168af8,263
harmonized,3710,harmonized/3710.rds,50309,7992d72f2a204af3132e1ea13cb21bd91170fb02a6c2e6ff5f82e1d3fab290f4,33164
harmonized,3711,harmonized/3711.rds,35,b34eaf247a99fe27a831f76318e1e0073f4285242404f33e35ec8c6245324150,314
harmonized,3712,harmonized/3712.rds,612,d83360629b1d37f89d60623b94102357b00e92f24bf7676b9530ef8761808869,1329
harmonized,3713,harmonized/3713.rds,2759,2197c23d615c0e8296618ad9bd3bab531e322fb3d1e23e66df5b0d1874d397aa,1805
harmonized,3714,harmonized/3714.rds,26,e477b4dac234baf9d6b6775e71920c776a2a92b23ebc9b83bd049a84531d39fd,294
harmonized,3715,harmonized/3715.rds,1,fc7dd0bcf8ed2e8c69acf0b440cf146031a3e54155568fc20cbcfccefb3a04ea,208
harmonized,3716,harmonized/3716.rds,16,8016974bde18c28b0fdad01279a677ca5d5c1ee57ada4e5d5ed44c3b66bf0c3b,270
harmonized,3717,harmonized/3717.rds,29,5392bd8dd9ac713574ad8c89f2fef9cb1d72c33ab3b5b13949a0bf56c3fd1e19,300
harmonized,3718,harmonized/3718.rds,54,d06c20f903d2cd4cd38a024cbd024435d1bbd655089a763572a7cfc981cf0f4b,358
harmonized,3719,harmonized/3719.rds,2,bc6a3704df20686a0463234eb22c2e8d348879c490c098fc13e50df5f2defc54,211
harmonized,3720,harmonized/3720.rds,44,498bfff6e7b223391af1a443a321bcfd011c80c0a08bdc7db94efe53044984cb,295
harmonized,3721,harmonized/3721.rds,19,859c1992f252a8d1854da7404e0bbed03eff2730bebc1492c28fbd3f569bfb8a,267
harmonized,3722,harmonized/3722.rds,96,a6f0e1b4b95b0791d6658f0178d5894e9f87b8927689c6c87579c9dfcfd3378d,356
harmonized,3723,harmonized/3723.rds,1,11a81d144c79601d5458fa80fb61e16e8208ebe28785b418b815c4fe3e11ab8b,208
harmonized,3724,harmonized/3724.rds,40939,d798b286423b2b094f4ba207df30e8cf8dde4b54a3685fd6a3f6e171c0ce9d4b,28148
harmonized,3725,harmonized/3725.rds,1,8a59a38d9bbf3d31f484b3ccd9a090882bb56bd31ec8acd4ed32354a6a4620ea,210
harmonized,3726,harmonized/3726.rds,42,b39814a43aabeca7981381c8910367c57a955e422bf8ddfcdaac863584950f53,328
harmonized,3727,harmonized/3727.rds,148,e7f41cd1761de4ebb9b59cf632d50cd04dfec8ee1dcb28f7ff5c71df319908e0,513
harmonized,3728,harmonized/3728.rds,3,6e07fb86436fb6cec8bddc24684217ee5d7b43aaf03e337beae4a461f763c7b2,221
harmonized,3729,harmonized/3729.rds,19,54673cfb3d6983a7c6573c60620307fb8e8496217f468730b69c9a83fe897509,269
harmonized,3730,harmonized/3730.rds,3,8545fee4b4be60188dea1feac59e55d9b8ec48a92bc34a295232cba85f12eb0b,218
harmonized,3731,harmonized/3731.rds,11,c99dcc09f737bc89778dafdf11ceff9711aa698ef5aba587692167440678ff2e,267
harmonized,3732,harmonized/3732.rds,2,f8f0a73a64450a33d0ee24e4dc475f4106e9068a1c5a10d622e2acee3fced3c7,214
harmonized,3733,harmonized/3733.rds,157,b23245ddd55c2b3686d26e8deba22baa1f3a54d41bbf627a3c8eddb5b02deba4,496
harmonized,3734,harmonized/3734.rds,40,f7ce300af4776a7992d276c9ca67f2d6ac82011a0a11ba31791ac826095ddb57,329
harmonized,3735,harmonized/3735.rds,11,a8c1fb8eba37ab56a5edc52733184b5dc61caae9bd3443828a276433e5bf1412,253
harmonized,3736,harmonized/3736.rds,195,b7a1049648b3c4973fc399d13f392d5be8cd78d603e1a4db7fcab101718a36ab,409
harmonized,3737,harmonized/3737.rds,111,aa86ce0d25638fe18af0eaf4707242e6ece32a5e38ec0e4fb31a1560b1ac5297,451
harmonized,3738,harmonized/3738.rds,49,539f7c520733dd8d868573efab15ffcbdee27d303c0b852d78fa512217354591,312
harmonized,3739,harmonized/3739.rds,1,698c839595f2adb1f39ce2ac0c18bf146f96fd8a8e5aaf275cf3954131528f97,209
harmonized,3740,harmonized/3740.rds,2,9ad4c10f2d962433e82e809551f22907392f1f5c8982bfdec1674ad2ce6141cd,212
harmonized,3741,harmonized/3741.rds,2,241f661db1da44bfdb0556dfce0287e607e9dc50518e20b3ff4b5534f950740c,214
harmonized,3742,harmonized/3742.rds,15,a919622df3e541867c774b377d3a21ad5601a84b09ca312e2e2f49fb377c2835,272
harmonized,3743,harmonized/3743.rds,7,2915a686c1c03de1d1b91001515a6fa2f256b95da856e21b2382d01be3157ced,237
harmonized,3744,harmonized/3744.rds,343,45c24cc2bb537103255ae9e4a7911d8fa1e38701a6165ca5e603c7aa9bbaa0f7,503
harmonized,3745,harmonized/3745.rds,7143,e56c01854f0f232d4200df95a01dc30d516537c5c6eb9187451086ad5800329d,7543
harmonized,3746,harmonized/3746.rds,235,c1e6ac09cf8bf4e5d33771484c93a8947efe2f06f158ad7e24536f709010f0af,636
harmonized,3747,harmonized/3747.rds,6,cc34ea6dc49e5e23f3c902e107e82b04deba26bd3211abfae2fa86da64acd951,229
harmonized,3748,harmonized/3748.rds,377,b917448bb548912956934939472818dcdd96c4aaab7655ef464c6a7ec8359892,715
harmonized,3749,harmonized/3749.rds,8,18262be62f3ba23c9cf51707c5290f57299c47f32b30093f3c00f875d0c2fce6,237
harmonized,3750,harmonized/3750.rds,81,23b6d414a74c70d2b4eeae668d57c58cbf53544976ab7a588bf87d92181a94ce,367
harmonized,3751,harmonized/3751.rds,539,c93a1a0b308db860c1a8b3b2b25c90700c73473678aa193c11ea0e63c35090ca,821
harmonized,3752,harmonized/3752.rds,2,3149b7aaa3b5b18cd4752d94a63018dde50d564aa206671afa223c4cafd9cdae,210
harmonized,3753,harmonized/3753.rds,957,4ba2acb983e4db9f84dc241977c74831f84b480e6d58ac3abb06309822c43ef2,1198
harmonized,3754,harmonized/3754.rds,123,ab02e69081f28c8e128aca37ca12e4a68d77a6c9cf682d94755fb7f4dd2dbc59,411
harmonized,3755,harmonized/3755.rds,2,d64ec520c5e6d2e281c587bc5377a70899bb70956a87a73897f7978b80d861e7,214
harmonized,3756,harmonized/3756.rds,5,030dc21f453bcb3f5600d8b57f28a8763824ef640755578b652808ffd62711a9,230
harmonized,3757,harmonized/3757.rds,29,9be935998ab81f2c22350d673d8211c0994663bc967bdf6092ef0f4b4a018d19,282
harmonized,3758,harmonized/3758.rds,33,af41324eff0f99c67ec033f25027678a74c4e252afc9f90ec6838657b50e57ba,292
harmonized,3759,harmonized/3759.rds,221,5872d820211595dcd33b71748fd043928273d3b40cf1a98eefeba2020abc1953,671
harmonized,3760,harmonized/3760.rds,17753,97d55d5e27718dfd3092023a7ae48b328e8971c8ec89bfca39901bd840a3ccf5,17436
harmonized,3761,harmonized/3761.rds,7,67805cace3fb14c6350156a64d19365adfdb707500de4cf27916f60e6d2fff36,243
harmonized,3762,harmonized/3762.rds,732,682245a75d8ab8d0913f2b6bbed364bae2bb0c7aa7e16dab2beca2c4c7ddf861,1072
harmonized,3763,harmonized/3763.rds,7,1b96e716077d7ebc260afaf0dafb58ab870e8ac280e29259a5f3e364dd57e1d1,241
harmonized,3764,harmonized/3764.rds,244,a98f68bd79954b3aa084d7477852acd87c595500d3b4596be9f80b70a2facdda,663
harmonized,3765,harmonized/3765.rds,17,3c44fbf5f811f3882baad55fe3329693bac5d96c3aa4cf33bc438529a8a14ae2,255
harmonized,3766,harmonized/3766.rds,167,08d65348497965a58162499972fc580444e91846f54f162905fdfe6aba2d2a12,481
harmonized,3767,harmonized/3767.rds,8,7a959182509f5d3f76da31abd7ae71f003b7a30f4cf9d9d42c94781c3b902bc9,245
harmonized,3768,harmonized/3768.rds,35,6f431c060cf015f0999c93e198ca458d24ef5c986be62124b1f38a4cd575aa9c,313
harmonized,3769,harmonized/3769.rds,1,cec7cb2c41627a943bc9f8c2bf51615144c64cffd2676eee1aaa8dc00cd1f974,210
harmonized,3770,harmonized/3770.rds,56,9f706b4929ceac81153caffd82d01b688df2f7409dd6c5a2be6ba1714c2e108d,361
harmonized,3771,harmonized/3771.rds,285,f48938967dfd7364df8a096f7d6ce9778853030e11aebe2df8df78b942b9fbdd,542
harmonized,3772,harmonized/3772.rds,4,2b0b67fc725083b1cdfc7bb884107a5b8089110fcb60b63ca3623e96f0fd473a,223
harmonized,3773,harmonized/3773.rds,85,61b952f65294419b97aaa6bd5b2565e275161b7ac1506797482707efe740a117,352
harmonized,3774,harmonized/3774.rds,731,80b8386de9189fabbf8c4f6094fedd6afaad49e75f4ebec76ab9ffd6435071e9,1024
harmonized,3775,harmonized/3775.rds,2,570f651f06880ef71c18e14614f6a95f4dbce12a2b92046df0e244f29d69066b,219
harmonized,3776,harmonized/3776.rds,3,e4e4695aa1e656b30c09e0043c0c56c477723cb8c0c2f5f155a13fd435b6b395,224
harmonized,3777,harmonized/3777.rds,2,aa912d8766d29231b202feb4d04572615d7d984c52461c6870dac5f71afb4bcd,216
harmonized,3778,harmonized/3778.rds,524,5667f62d05fbc36801a688acce6eb2dd987c78130d539d482d6068915cb33ecc,750
harmonized,3779,harmonized/3779.rds,0,adadc686412c8a32c45fc2489b7ee54f6faaaf976b3b04409ca638c0bcd353b3,193
harmonized,3780,harmonized/3780.rds,19,50d992f4e417e487534513767b6ec1b19e7136354a0f000e471cabe6b0ccaf95,260
harmonized,3781,harmonized/3781.rds,93706,9f0b1581da80040df8bad85e90deed83b8455de0408025d3a34b8eeb2a5567ea,52704
harmonized,3782,harmonized/3782.rds,59,dc0a695472b788439654b594d305d6d46ec8c4ea24385cf846550bb34db38103,338
harmonized,3783,harmonized/3783.rds,1,fc7dd0bcf8ed2e8c69acf0b440cf146031a3e54155568fc20cbcfccefb3a04ea,208
harmonized,3784,harmonized/3784.rds,1,8975856d45ca1fde68e06915dbd72860e48abfc36ff1abc4a46e7163aa635d47,209
harmonized,3785,harmonized/3785.rds,404,477a6928cc0f65d589b69e0d5dc1bda5c8287f5c18ae9c69e2df72e71006ae8e,649
harmonized,3786,harmonized/3786.rds,66,bd927b65208491acaa9eea9cdb9af4f0c38610e0377e04c45811421b7f823d81,316
harmonized,3787,harmonized/3787.rds,119,2152159d1713e8effdb1db26a4f4a4c44044b2430540e35ce819b3ef1f9ff507,401
harmonized,3788,harmonized/3788.rds,1,87880cd09190133a711cc4f1b72f87665b007803b9c782dfa2977c7fd3fe99a0,208
harmonized,3789,harmonized/3789.rds,515,e117495ccd3db3e4665d356a8fb9524d6a1f5f02b57cab4524d246b506c70971,759
harmonized,3790,harmonized/3790.rds,38,0fd460b8abfe85ed33fb73f88b16cb3cf2a075ac8bb0c5092809d3d56a421150,303
harmonized,3791,harmonized/3791.rds,7,b0d9eaddff68e801e0cf4e34ed0e147550c6f3b4bc6109a9506107d294828e35,232
harmonized,3792,harmonized/3792.rds,25,a8930be7f12f9446247c0d7c3dac2eb4c2c818c2991a711e620a8875948d37b5,278
harmonized,3793,harmonized/3793.rds,9,3b641758ad14fdc5a0fed2868ee628e428086a97f8d55715166113040cec9484,243
harmonized,3794,harmonized/3794.rds,56,3234d2256e58a1f9d44ef7cdad3bd5ae77028082f2a5ee291a1e5d298cbe94ef,319
harmonized,3795,harmonized/3795.rds,327,9c62231b768ec4a57103275b34e8d61cb957c6493a9f5a1cc8229b6664d83a8c,564
harmonized,3796,harmonized/3796.rds,30979,09f0143153bd5da16106cdecfd964e120aee207ea075355d79dbdc7c74f8ebbe,26275
harmonized,3797,harmonized/3797.rds,16485,7322a730a5fdd38a6a6c668ccce32d79988da24e2d5b4fe072f71ac7c8c205f1,14459
harmonized,3798,harmonized/3798.rds,50,3c9aa22d098e94f0e45d55b5378f14032d23756ce22ca7b6469dca6cc420eda4,349
harmonized,3799,harmonized/3799.rds,206,d638e20cb52426be8dd766d1989c66506b5cbff947789c911d2b95c4cdc3d3d6,559
harmonized,3800,harmonized/3800.rds,73,5d10d444e1eb51b864c3c701c6e33007e2b42e9c8d597afb6cb0e3df88bfaf43,359
harmonized,3801,harmonized/3801.rds,3,011bdb771265ff28b9472d2b6ff3abd4f7cfcfbdee868ecdfdb8fc0c794e8ce9,220
harmonized,3802,harmonized/3802.rds,136,1702722c72575a04b2abaa7ff7253469177f8babf0cb918d2bf4ca9a5c3cee69,437
harmonized,3803,harmonized/3803.rds,373,4da19719d01efbcefe4adca6def84ba39c947a59a98f94d05972038e8675c044,686
harmonized,3804,harmonized/3804.rds,23,60d0cca13a88cdac66927fd5efe5e0e56ba816343eec8e685c598c7e002683ac,281
harmonized,3805,harmonized/3805.rds,163,c2ea5720c5b73515d40694fa752fd9d233d517a05785aeaa7eee22cccd8120b0,457
harmonized,3806,harmonized/3806.rds,29,721bb13cb856db742c7debebf81818b64330f4b4670bbdf8341a3b3ffeb0b36d,297
harmonized,3807,harmonized/3807.rds,64,23a083f412da05bf8195c3beaa5ad1d63f55799dfd117f641d8d1828c296f2c3,380
harmonized,3808,harmonized/3808.rds,147,9c44e09776600b6152b3c0736643f221e70a58f79a522ced035a46a1f734a11c,439
harmonized,3809,harmonized/3809.rds,16,c3384d3155e29691e13454a24af3fd5ef4e2c53381817d6ce7ebf9edc75bd83a,268
harmonized,3810,harmonized/3810.rds,27,e0ec88cfab832618c493d9d2c92d1b7520ec7b41c02ac74b3fbbcb808485bb65,295
harmonized,3811,harmonized/3811.rds,16,d0d22ef86bc3507245595e31ac5a45333e479afcca6225566697154814d4799e,277
harmonized,3812,harmonized/3812.rds,94,9264081eaec8c8aa74810fe07366a26d56805d2d25771a9fca980783523943c4,402
harmonized,3813,harmonized/3813.rds,52,c2f948e370cdfb83d5b8eeca5eb8ff0c6f443c8a856e792a000d17b706ace88e,296
harmonized,3814,harmonized/3814.rds,1,20c30ae5c3379975e301cd63d598305811e86ae662a59fa2882b7b288dd2d0d2,208
harmonized,3815,harmonized/3815.rds,427,b18fe36ddee3c9de65e3d3491f85f8711af98f8ea84fe945c7bbca5a2607a03d,575
harmonized,3816,harmonized/3816.rds,28,8a53e2a81bdfac3da3f81200be186a8bf0040b632da4a6c36028e9ba896b2082,288
harmonized,3817,harmonized/3817.rds,16,4a6921a8d7ebb977a1682520371c8a87290f056e28b67943c26e1c84d3589a41,248
harmonized,3818,harmonized/3818.rds,1,dd858942f2a90003fca14049111c1a94450c48fdd6bc5fff7b725cf096b336a8,209
harmonized,3819,harmonized/3819.rds,458,7b8e2e05aceeaa7acff55e8679eca7084bef52114cf4e907bf4b94305cac4059,683
harmonized,3820,harmonized/3820.rds,15,0a4c95b414682879f206b7c7bc9827bcb85f14c6187b4d0908f2ca2834443c87,262
harmonized,3821,harmonized/3821.rds,3,b3c676f74ecd26292002b311ff24c7c3a60b8aaa2b14b7bf596ee4e9c1703d60,220
harmonized,3822,harmonized/3822.rds,2,6c06718e0d0eb8f52e59abb11575f78ad9a47343c07755ac8d896c498664f396,214
harmonized,3823,harmonized/3823.rds,1012,86ca70f499cd93b86b966af396c0c7f0bcebe6f3398e088f99b75cadb6eb32e3,1815
harmonized,3824,harmonized/3824.rds,1,b15a01a91ec010d56b9d5101a752aee23f5a0294f6d9aa46985b7874210f14ea,207
